composition_key,family,n_rows,n_formula_strings,formulas,tc_min,tc_median,tc_max,tc_std
O:0.538462 Cu:0.230769 Y:0.076923 Ba:0.153846,cuprate,110,1,Y1Ba2Cu3O7,30.3,89.85,130,13.1946
O:0.533333 Ca:0.066667 Cu:0.133333 Sr:0.133333 Bi:0.133333,cuprate,83,2,Bi2Ca1Sr2Cu2O8; Bi2Sr2Ca1Cu2O8,25,81.8,99,13.3708
O:0.571429 Cu:0.142857 Sr:0.021429 La:0.264286,cuprate,53,2,Sr0.15La1.85Cu1O4; La1.85Sr0.15Cu1O4,23,36,45.3,4.32822
B:0.666667 Mg:0.333333,other,47,2,B2Mg1; Mg1B2,5,38.4,40.5,8.27699
O:0.545455 Cu:0.090909 Ba:0.181818 Tl:0.181818,cuprate,45,1,Tl2Ba2Cu1O6,10,61,117,28.0023
O:0.125000 Ca:0.125000 Cu:0.250000 Sr:0.250000 Bi:0.250000,cuprate,44,1,Bi2Sr2Ca1Cu2O,14.6,83.85,97,17.1402
O:0.142857 Cu:0.428571 Y:0.142857 Ba:0.285714,cuprate,44,1,Y1Ba2Cu3O,42,90.3,97,12.9874
O:0.533333 Cu:0.266667 Y:0.066667 Ba:0.133333,cuprate,40,1,Y1Ba2Cu4O8,62,79.65,83,4.11436
O:0.571429 Cu:0.142857 Ce:0.021429 Nd:0.264286,cuprate,32,1,Nd1.85Ce0.15Cu1O4,15.9,21.25,26.4,2.77657
O:0.571429 Cu:0.142857 Sr:0.028571 La:0.257143,cuprate,30,2,Sr0.2La1.8Cu1O4; La1.8Sr0.2Cu1O4,18.9,32.55,41.5,4.75073
O:0.538462 Cu:0.230769 Ba:0.153846 Nd:0.076923,cuprate,28,1,Nd1Ba2Cu3O7,67,93.35,96,5.61166
O:0.500000 Cu:0.125000 Ba:0.250000 Hg:0.125000,cuprate,28,1,Hg1Ba2Cu1O4,26,84,98,20.3415
C:1.000000,other,27,4,C1; C60; C70,0.37,4.1,52,14.851
O:0.571429 Cu:0.142857 Ce:0.021429 Pr:0.264286,cuprate,27,1,Pr1.85Ce0.15Cu1O4,11,21,24.2,3.57125
O:0.571429 Cu:0.142857 Sr:0.014286 La:0.271429,cuprate,25,2,Sr0.1La1.9Cu1O4; La1.9Sr0.1Cu1O4,18,28.5,34.1,3.52284
O:0.571429 Sr:0.285714 Ru:0.142857,other,25,1,Sr2Ru1O4,0.43,1.201,3.2,0.645944
O:0.538462 Cu:0.230769 Ba:0.153846 Gd:0.076923,cuprate,25,1,Gd1Ba2Cu3O7,49,92.7,96.2,10.0495
O:0.534884 Cu:0.232558 Y:0.077519 Ba:0.155039,cuprate,23,1,Y1Ba2Cu3O6.9,80,91,95,3.50592
Se:0.666667 Nb:0.333333,other,21,1,Nb1Se2,2.2,7.1,8.9,1.40934
O:0.536680 Cu:0.231660 Y:0.077220 Ba:0.154440,cuprate,21,2,Y2Ba4Cu6O13.9; Y1Ba2Cu3O6.95,86,92.2,93.5,2.08801
O:0.500000 Ca:0.125000 Cu:0.187500 Ba:0.125000 Hg:0.062500,cuprate,21,1,Hg1Ba2Ca2Cu3O8,107,131,135.7,9.48405
B:0.333333 C:0.166667 Ni:0.333333 Y:0.166667,other,21,1,Y1Ni2B2C1,11,15.4,16.18,1.35898
O:0.571429 Cu:0.142857 Sr:0.142857 Ru:0.071429 Gd:0.071429,cuprate,20,2,Ru1Sr2Gd1Cu2O8; Gd1Sr2Ru1Cu2O8,16,39.75,50.7,9.53675
O:0.531250 Cu:0.234375 Y:0.078125 Ba:0.156250,cuprate,20,1,Y1Ba2Cu3O6.8,64,83.05,93.9,8.03063
Al:0.250000 Nb:0.750000,other,19,3,Al1Nb3; Al0.25Nb0.75; Al25Nb75,3.1,17.8,18.8,4.41474
Si:0.250000 V:0.750000,other,19,2,Si1V3; Si0.25V0.75,15.9,16.84,17.1,0.32222
Ge:0.250000 Nb:0.750000,other,19,1,Ge1Nb3,3.342,6.4,22.1,7.3757
O:0.600000 K:0.080000 Ba:0.120000 Bi:0.200000,other,19,1,Ba0.6K0.4Bi1O3,16,28.9,32,4.31178
C:0.952381 Rb:0.047619,other,18,1,C60Rb3,12.25,29.45,31,5.60729
O:0.533333 Ca:0.066667 Cu:0.133333 Ba:0.133333 Tl:0.133333,cuprate,18,1,Tl2Ba2Ca1Cu2O8,85,106.75,114.1,7.94053
O:0.538462 Cu:0.230769 Y:0.061538 Ba:0.153846 Pr:0.015385,cuprate,17,1,Y0.8Pr0.2Ba2Cu3O7,58.7,73.2,79.6,5.55444
O:0.600000 Ti:0.200000 Sr:0.200000,other,17,2,Sr1Ti1O3; O3Sr1Ti1,0.05,0.27,4,1.06037
O:0.100000 F:0.100000 S:0.400000 La:0.200000 Bi:0.200000,other,17,2,La1Bi1S2F0.5O0.5; La1F0.5Bi1S2O0.5,2.1,3.34,10.96,3.26017
O:0.500000 Ca:0.083333 Cu:0.166667 Ba:0.166667 Hg:0.083333,cuprate,16,1,Hg1Ba2Ca1Cu2O6,92,122.25,134,9.98619
Nb:1.000000,other,16,1,Nb1,7.13,9.19,9.71,0.627723
C:0.952381 K:0.047619,other,16,1,C60K3,8.5,19.1,20.3,3.31043
B:0.333333 C:0.166667 Ni:0.333333 Ho:0.166667,other,16,1,Ho1Ni2B2C1,5.8,8.22,8.7,0.761058
C:0.200000 Mg:0.200000 Ni:0.600000,other,16,1,Mg1C1Ni3,3.9,6.95,8.2,0.959061
Li:0.333333 Fe:0.333333 As:0.333333,iron-based,16,1,Li1Fe1As1,12,16.85,18.3,1.54251
O:0.571429 Cu:0.142857 Ce:0.021429 Sm:0.264286,cuprate,16,1,Sm1.85Ce0.15Cu1O4,11.4,18.8,23.3,3.23094
O:0.518072 Cu:0.240964 Y:0.080321 Ba:0.160643,cuprate,16,1,Y1Ba2Cu3O6.45,20,39.95,52.5,9.18205
Sn:1.000000,other,16,1,Sn1,3.6657,3.74315,5.3,0.530489
O:0.538462 Cu:0.230769 Ba:0.153846 Sm:0.076923,cuprate,16,1,Sm1Ba2Cu3O7,42.8,89.5,96,17.6367
Al:0.333333 Si:0.333333 Ca:0.333333,other,16,1,Ca1Al1Si1,2.6,6.8,7.9,1.34671
O:0.527559 Cu:0.236220 Y:0.078740 Ba:0.157480,cuprate,15,1,Y1Ba2Cu3O6.7,56,70,93,10.8579
Nb:0.750000 Sn:0.250000,other,15,4,Nb3Sn1; Nb3Sn0.05Sn0.95; Nb3Sn0.1Sn0.9,15.89,17.832,18.3,0.713645
O:0.537037 Cu:0.231481 Y:0.077160 Ba:0.154321,cuprate,15,1,Y1Ba2Cu3O6.96,85,90.7,92.3,2.04406
B:0.333333 C:0.166667 Ni:0.333333 Lu:0.166667,other,15,1,Lu1Ni2B2C1,14.2,15.96,16.7,0.643955
O:0.538462 Cu:0.230769 Ba:0.153846 Er:0.076923,cuprate,15,1,Er1Ba2Cu3O7,51.8,91.1,93.6,10.3281
O:0.222500 F:0.027500 Fe:0.250000 As:0.250000 La:0.250000,iron-based,15,1,La1Fe1As1F0.11O0.89,21.1,27.1,29,2.3555
O:0.526316 Ca:0.105263 Cu:0.157895 Ba:0.105263 Tl:0.105263,cuprate,14,2,Tl2Ba2Ca2Cu3O10; Tl2Ca2Ba2Cu3O10,105,119.475,129,6.51112
O:0.142857 Cu:0.428571 Ba:0.285714 Gd:0.142857,cuprate,14,1,Gd1Ba2Cu3O,87,91.75,96.4,2.21923
P:0.333333 Zr:0.333333 Ru:0.333333,other,13,1,Zr1Ru1P1,3.46,10.1,13.8,4.17629
V:0.750000 Ga:0.250000,other,13,3,Ga0.25V0.75; Ga1V3; Ga25V75,12.7,15.2,16.8,1.05266
O:0.250000 P:0.250000 Fe:0.250000 La:0.250000,other,13,1,La1Fe1P1O1,3.3,5.8,7.4,1.26993
O:0.523810 Cu:0.238095 Y:0.079365 Ba:0.158730,cuprate,13,1,Y1Ba2Cu3O6.6,42,58.4,92,12.7661
O:0.536321 Cu:0.231839 Y:0.077280 Ba:0.154560,cuprate,13,1,Y1Ba2Cu3O6.94,89.5,92.5,97,1.93009
B:0.333333 C:0.166667 Ni:0.333333 Dy:0.166667,other,13,1,Dy1Ni2B2C1,0.75,6.23,6.51,1.64097
Nb:0.750000 Au:0.250000,other,13,2,Au1Nb3; Au0.25Nb0.75,1.2,11,11.5,3.63431
O:0.538462 Cu:0.230769 Ba:0.153846 Eu:0.076923,cuprate,13,1,Eu1Ba2Cu3O7,68,92,95.8,7.76081
B:0.600000 C:0.066667 Mg:0.333333,other,13,1,Mg1B1.8C0.2,13.5,28.8,41,8.2885
O:0.225000 F:0.025000 Fe:0.250000 As:0.250000 La:0.250000,iron-based,13,1,La1Fe1As1F0.1O0.9,17,25.2,29.4,3.17898
Fe:0.500000 Se:0.500000,iron-based,13,1,Fe1Se1,7.1,9.51,65,22.6236
O:0.535714 Cu:0.250000 Y:0.071429 Ba:0.142857,cuprate,12,2,Y2Ba4Cu7O15; Y1Ba2Cu3.5O7.5,41,79.4,93,15.5941
O:0.571429 Cu:0.142857 Ba:0.028571 La:0.257143,cuprate,12,2,Ba0.2La1.8Cu1O4; La1.8Ba0.2Cu1O4,9.38,24.5,38,7.88986
Co:0.142857 In:0.714286 Ce:0.142857,other,12,1,Ce1Co1In5,1.95,2.245,2.325,0.116784
Fe:0.500000 Se:0.250000 Te:0.250000,iron-based,12,2,Fe1Te0.5Se0.5; Fe1Se0.5Te0.5,8.47,13.95,15.6,1.90343
O:0.538462 Cu:0.219231 Zn:0.011538 Y:0.076923 Ba:0.153846,cuprate,12,1,Y1Ba2Cu2.85Zn0.15O7,12.5,43,55.1,10.0907
S:0.533333 Mo:0.400000 Pb:0.066667,other,12,1,Pb1Mo6S8,11.5,13.4,15.05,1.158
O:0.538462 Cu:0.230769 Y:0.053846 Ba:0.153846 Pr:0.023077,cuprate,12,1,Y0.7Pr0.3Ba2Cu3O7,53,59.45,67.4,3.77102
O:0.535963 Cu:0.232019 Y:0.077340 Ba:0.154679,cuprate,12,1,Y1Ba2Cu3O6.93,89.7,91.7,93.5,1.33674
N:0.500000 Nb:0.500000,other,12,1,N1Nb1,5.1,15.215,17.3,4.14542
O:0.237500 F:0.012500 Fe:0.250000 As:0.250000 La:0.250000,iron-based,11,2,La1F0.05Fe1As1O0.95; La1Fe1As1F0.05O0.95,14.5,24.9,27.84,3.82687
K:0.080000 Fe:0.400000 As:0.400000 Ba:0.120000,iron-based,11,1,Ba0.6K0.4Fe2As2,28.2,37,38.1,3.10187
Ga:0.250000 Nb:0.750000,other,11,3,Ga1Nb3; Ga0.25Nb0.75; Ga25Nb75,8.2,17.6,20.5,3.6754
B:0.333333 C:0.166667 Ni:0.333333 Er:0.166667,other,11,1,Er1Ni2B2C1,9.3,10.4,11,0.551621
Ga:1.000000,other,11,1,Ga1,1.061,7.6,8.5,3.24639
O:0.533333 Ca:0.066667 Cu:0.133333 Sr:0.133333 Pb:0.013333 Bi:0.120000,cuprate,11,1,Bi1.8Pb0.2Sr2Ca1Cu2O8,67,87,92,8.9585
Li:0.142857 O:0.571429 Ti:0.285714,other,11,1,Li1Ti2O4,10.7,11.9,12.9,0.691507
Ru:0.666667 Ce:0.333333,other,11,1,Ce1Ru2,4.9,6.18,6.3,0.441747
O:0.520000 Cu:0.240000 Y:0.080000 Ba:0.160000,cuprate,11,1,Y1Ba2Cu3O6.5,20,50.1,58.8,12.3427
O:0.538462 Cu:0.230769 Ba:0.153846 Dy:0.076923,cuprate,11,1,Dy1Ba2Cu3O7,50,91.05,95.1,13.1103
Li:0.333333 B:0.166667 Pd:0.500000,other,11,2,Li2Pd3B1; Li2B1Pd3,6.87,7.5,8.29,0.499662
O:0.571429 Cu:0.142857 La:0.285714,cuprate,11,1,La2Cu1O4,15,37,41.2,8.44209
S:0.666667 Ta:0.333333,other,11,2,S2Ta1; Ta1S2,0.49,1.9,3.96,1.12725
Sn:0.500000 Te:0.500000,other,11,1,Sn1Te1,0.012,0.1,0.214,0.0703481
B:0.633333 C:0.033333 Mg:0.333333,other,11,1,Mg1B1.9C0.1,27,34,37.3,3.4223
O:0.571429 Cu:0.142857 Sr:0.031429 La:0.254286,cuprate,11,1,La1.78Sr0.22Cu1O4,21,25.9,30,3.40243
S:0.666667 Nb:0.333333,other,11,1,Nb1S2,5,5.99,6.26,0.386854
V:0.666667 Zr:0.333333,other,10,2,V2Zr1; V66.6Zr33.3,7.7,8.52,9.64,0.619753
O:0.538462 Cu:0.230769 Y:0.046154 Ba:0.153846 Pr:0.030769,cuprate,10,1,Y0.6Pr0.4Ba2Cu3O7,35,46.6,49.4,4.52443
C:0.857143 Ca:0.142857,other,10,1,C6Ca1,10,11.47,11.62,0.483415
La:1.000000,other,10,1,La1,3.3,5.45,6.24,0.926811
Tl:1.000000,other,10,1,Tl1,1.38,2.38305,2.4,0.408253
Ta:1.000000,other,10,1,Ta1,4.21,4.41,4.48,0.0855433
B:0.666667 Mg:0.266667 Al:0.066667,other,10,1,Mg0.8Al0.2B2,22.9,29.05,36,4.45856
O:0.100000 Ca:0.200000 Cu:0.300000 Ba:0.200000 Tl:0.200000,cuprate,10,2,Tl2Ca2Ba2Cu3O; Tl2Ba2Ca2Cu3O,107.7,121.25,129,6.82036
Cd:1.000000,other,10,1,Cd1,0.5115,0.519,0.55,0.0124384
O:0.538462 Cu:0.230769 Ba:0.153846 Lu:0.076923,cuprate,10,1,Lu1Ba2Cu3O7,81,88.75,92.4,3.51239
C:0.500000 Nb:0.500000,other,10,1,C1Nb1,6,10.725,14,2.38156
V:0.666667 Hf:0.333333,other,10,1,Hf1V2,7.6,9.175,9.67,0.569351
Si:0.400000 Cu:0.400000 Ce:0.200000,other,10,1,Ce1Cu2Si2,0.46,0.645,0.8,0.0899556
O:0.533333 Cu:0.266667 Ba:0.133333 Ho:0.066667,cuprate,10,1,Ho1Ba2Cu4O8,68.5,77.2,82,3.63098
O:0.166667 Cu:0.166667 Sr:0.266667 La:0.066667 Bi:0.333333,cuprate,10,1,Bi2Sr1.6La0.4Cu1O,4.8,23.95,33,8.99024
Se:0.571429 Mo:0.428571,other,10,2,Mo3Se4; Mo6Se8,5.8,6.29,6.6,0.206892
O:0.500000 Cu:0.150000 Ba:0.250000 Hg:0.100000,cuprate,9,1,Hg0.8Ba2Cu1.2O4,55,85,97,15.1608
Al:0.200000 Ge:0.050000 Nb:0.750000,other,9,3,Al0.8Ge0.2Nb3; Nb0.75Al0.2Ge0.05; Nb3Al0.8Ge0.2,15,19.7,20.7,1.87979
Pb:1.000000,other,9,1,Pb1,7.17,7.19,7.22,0.0157718
O:0.212500 F:0.037500 Fe:0.250000 As:0.250000 Sm:0.250000,iron-based,9,1,Sm1Fe1As1F0.15O0.85,40,41.8,51.5,4.7306
Si:0.200000 Ce:0.200000 Pt:0.600000,other,9,1,Ce1Pt3Si1,0.46,0.7,0.8,0.115814
O:0.571429 Cu:0.142857 Sr:0.021429 La:0.207143 Nd:0.057143,cuprate,9,1,La1.45Nd0.4Sr0.15Cu1O4,9,13.6,22.5,5.03433
Si:1.000000,other,9,2,Si1; Si,0.34,6.8,8.4,2.48181
O:0.111111 Ca:0.222222 Cu:0.333333 Ba:0.222222 Hg:0.111111,cuprate,9,1,Hg1Ba2Ca2Cu3O,110.3,132,135,9.8134
B:0.333333 C:0.166667 Ni:0.333333 Tm:0.166667,other,9,1,Tm1Ni2B2C1,10,10.88,11.1,0.374091
Al:1.000000,other,9,1,Al1,1.159,1.175,1.8,0.209382
O:0.538462 Cu:0.230769 Y:0.038462 Ba:0.153846 Pr:0.038462,cuprate,9,2,Y0.5Pr0.5Ba2Cu3O7; Pr0.5Y0.5Ba2Cu3O7,22,28.5,33,4.19588
O:0.100000 Ca:0.200000 Cu:0.300000 Sr:0.200000 Pb:0.040000 Bi:0.160000,cuprate,9,1,Bi1.6Pb0.4Sr2Ca2Cu3O,93,107.25,111.5,5.29521
O:0.076923 Ca:0.307692 Cu:0.384615 Ba:0.153846 Hg:0.076923,cuprate,9,1,Hg1Ba2Ca4Cu5O,72,100,111,13.1191
Si:0.500000 Fe:0.300000 Lu:0.200000,other,9,1,Lu2Fe3Si5,2.78,6,6.25,1.15192
O:0.538462 Cu:0.230769 Ba:0.153846 Ho:0.076923,cuprate,9,1,Ho1Ba2Cu3O7,90,91.5,95,1.54821
O:0.526066 Cu:0.236967 Y:0.078989 Ba:0.157978,cuprate,9,1,Y1Ba2Cu3O6.66,50,63.32,88.9,10.6881
O:0.571429 Cu:0.142857 Ba:0.017857 La:0.267857,cuprate,9,1,La1.875Ba0.125Cu1O4,3,8.9,40,14.5012
K:0.200000 Fe:0.400000 As:0.400000,iron-based,9,1,K1Fe2As2,2.79,3.4,3.8,0.350521
O:0.529412 Cu:0.235294 Y:0.078431 Ba:0.156863,cuprate,9,1,Y1Ba2Cu3O6.75,61.1,75.3,92.3,11.0242
O:0.200000 F:0.050000 Fe:0.250000 As:0.250000 Sm:0.250000,iron-based,9,1,Sm1Fe1As1F0.2O0.8,29,50,52.5,7.69249
O:0.571429 Cu:0.142857 Sr:0.035714 La:0.250000,cuprate,9,2,La1.75Sr0.25Cu1O4; Sr0.25La1.75Cu1O4,6,16.8,33,8.14601
N:0.500000 In:0.500000,other,8,1,In1N1,0.2,2.375,3.38,1.17976
B:0.666667 Mg:0.300000 Al:0.033333,other,8,1,Mg0.9Al0.1B2,30.5,34.7,37.8,2.91792
O:0.571429 Cu:0.142857 Sr:0.012857 La:0.272857,cuprate,8,1,La1.91Sr0.09Cu1O4,11,27.4,30,6.07565
O:0.375000 V:0.125000 Fe:0.125000 As:0.125000 Sr:0.250000,iron-based,8,3,Sr4V2Fe2As2O6; Sr2V1Fe1As1O3; Fe2As2Sr4V2O6,24,29.25,36.4,4.76651
O:0.666667 K:0.111111 Os:0.222222,other,8,1,K1Os2O6,9.4,9.61,9.8,0.127944
B:0.444444 Rh:0.444444 Lu:0.111111,other,8,1,Lu1Rh4B4,6.2,11.3495,11.76,2.10986
O:0.571429 Cu:0.142857 Ba:0.011429 La:0.274286,cuprate,8,1,La1.92Ba0.08Cu1O4,25,28.5,32.2,2.5989
Na:0.333333 Fe:0.333333 As:0.333333,iron-based,8,1,Na1Fe1As1,6,10.34,26,6.16641
C:0.500000 Ta:0.500000,other,8,1,C1Ta1,3.3,10.08,11,2.83687
O:0.537750 Cu:0.231125 Y:0.077042 Ba:0.154083,cuprate,8,1,Y1Ba2Cu3O6.98,83.3,89.7,92.2,2.74457
Ti:0.750000 Sb:0.250000,other,8,2,Sb1Ti3; Sb0.25Ti0.75,5.1,5.485,7.2,0.718509
O:0.142857 Cu:0.428571 Ba:0.285714 Eu:0.142857,cuprate,8,1,Eu1Ba2Cu3O,55,93.865,96.2,13.7872
O:0.100000 Ca:0.200000 Cu:0.300000 Sr:0.200000 Bi:0.200000,cuprate,8,2,Bi2Sr2Ca2Cu3O; Bi2Sr2Ca2Cu3O1,76,107.5,114,11.9423
O:0.538462 Cu:0.226154 Zn:0.004615 Y:0.076923 Ba:0.153846,cuprate,8,1,Y1Ba2Cu2.94Zn0.06O7,57.4,67.85,73,4.51813
O:0.533074 Cu:0.233463 Y:0.077821 Ba:0.155642,cuprate,8,1,Y1Ba2Cu3O6.85,77,88.45,92,4.94034
O:0.538462 Cu:0.228462 Zn:0.002308 Y:0.076923 Ba:0.153846,cuprate,8,1,Y1Ba2Cu2.97Zn0.03O7,72.3,77.605,83.5,3.42612
O:0.142857 Cu:0.428571 Ba:0.285714 Er:0.142857,cuprate,8,1,Er1Ba2Cu3O,85.5,91.25,92.5,2.24718
O:0.529412 Ca:0.117647 Cu:0.176471 Ba:0.117647 Tl:0.058824,cuprate,8,1,Tl1Ba2Ca2Cu3O9,103,112.99,131,8.9202
O:0.500000 Cu:0.250000 Sr:0.225000 La:0.025000,cuprate,8,1,Sr0.9La0.1Cu1O2,39.9,41.35,43,1.10712
In:0.250000 La:0.750000,other,8,1,In1La3,9.2,9.62,9.95,0.24284
O:0.142857 Cu:0.428571 Ba:0.285714 Ho:0.142857,cuprate,8,1,Ho1Ba2Cu3O,50,91.25,92.4,14.5821
Fe:0.360000 Co:0.040000 As:0.400000 Ba:0.200000,iron-based,8,1,Ba1Fe1.8Co0.2As2,15.5,19.45,25.4,3.48876
B:0.923077 Zr:0.076923,other,8,2,B12Zr1; Zr1B12,5.82,5.985,6.2,0.125634
O:0.100000 F:0.100000 S:0.400000 Nd:0.200000 Bi:0.200000,other,8,2,Nd1Bi1S2F0.5O0.5; Nd1F0.5Bi1S2O0.5,4.2,4.6,4.95,0.257012
Rh:0.142857 In:0.714286 Ce:0.142857,other,8,1,Ce1Rh1In5,0.11,2.16,2.25,0.736234
O:0.588235 Cu:0.117647 Sr:0.117647 Ru:0.058824 Ce:0.029412 Eu:0.088235,cuprate,8,3,Eu1.5Ce0.5Ru1Sr2Cu2O10; Eu1.5Ce0.5Sr2Ru1Cu2O10; Ru1Sr2Eu1.5Ce0.5Cu2O10,32,41.15,49,6.68985
C:0.600000 Y:0.400000,other,8,1,C3Y2,11.5,15.425,18,2.39336
O:0.545455 Cu:0.090909 Sr:0.181818 Bi:0.181818,cuprate,8,1,Bi2Sr2Cu1O6,6,8.95,12.5,1.93238
O:0.571429 Cu:0.142857 Sr:0.017143 La:0.268571,cuprate,8,1,La1.88Sr0.12Cu1O4,16.4,29.8,34,5.36282
O:0.571429 Cu:0.142857 Sr:0.042857 La:0.242857,cuprate,8,2,Sr0.3La1.7Cu1O4; La1.7Sr0.3Cu1O4,9,16.9,33,7.3361
O:0.571429 Cu:0.142857 Sr:0.142857 Ru:0.071429 Eu:0.071429,cuprate,7,1,Ru1Sr2Eu1Cu2O8,11,30,35,9.06282
O:0.571429 Ni:0.002857 Cu:0.140000 Sr:0.021429 La:0.264286,cuprate,7,1,La1.85Sr0.15Cu0.98Ni0.02O4,18.5,22.2,31,3.84287
O:0.538462 Cu:0.219231 Ga:0.011538 Y:0.076923 Ba:0.153846,cuprate,7,1,Y1Ba2Cu2.85Ga0.15O7,68.2,75.7,78.49,3.39962
Bi:1.000000,other,7,1,Bi1,0.64,6.55,8.7,2.81146
Sn:0.750000 La:0.250000,other,7,1,La1Sn3,5.98,6.43,6.628,0.256256
O:0.571429 Cu:0.142857 Sr:0.017143 La:0.211429 Nd:0.057143,cuprate,7,1,La1.48Nd0.4Sr0.12Cu1O4,2.65,8,11,3.1546
O:0.600000 K:0.074000 Ba:0.126000 Bi:0.200000,other,7,1,Ba0.63K0.37Bi1O3,27.7,29.1,32,1.51595
Ba:1.000000,other,7,1,Ba1,0.5,4.7,5.1,1.66405
Te:1.000000,other,7,1,Te1,2.05,4.28,7.4,1.80466
O:0.600000 K:0.100000 Ba:0.100000 Bi:0.200000,other,7,1,Ba0.5K0.5Bi1O3,15.5,19.55,24,3.21775
O:0.571429 Cu:0.142857 Sr:0.024286 La:0.261429,cuprate,7,1,La1.83Sr0.17Cu1O4,21,36.4,38.7,6.01415
B:0.666667 Nb:0.333333,other,7,1,B2Nb1,0.62,5.53,9.5,3.00042
Fe:0.381200 Co:0.018800 As:0.400000 Ba:0.200000,iron-based,7,1,Ba1Fe1.906Co0.094As2,14.6,17.15,20,1.69821
O:0.571429 Cu:0.142857 Sr:0.011429 La:0.274286,cuprate,7,1,La1.92Sr0.08Cu1O4,12,24,29.7,6.29191
O:0.538462 Cu:0.230769 Y:0.069231 Ba:0.153846 Pr:0.007692,cuprate,7,1,Y0.9Pr0.1Ba2Cu3O7,83.3,86,90,2.63944
Co:0.333333 Zr:0.666667,other,7,1,Co1Zr2,3,5.47,7,1.24695
O:0.636364 Cd:0.181818 Re:0.181818,other,7,1,Cd2Re2O7,0.96,1,1.4,0.180251
K:0.166667 Fe:0.416667 Se:0.416667,iron-based,7,1,K0.8Fe2Se2,28.3,32,33,1.60331
Si:0.526316 Lu:0.263158 Ir:0.210526,other,7,1,Lu5Ir4Si10,3.72,3.8,3.91,0.0759386
O:0.528302 Cu:0.235849 Y:0.078616 Ba:0.157233,cuprate,7,1,Y1Ba2Cu3O6.72,58,64.6,93.4,14.0167
O:0.528672 Cu:0.235664 Y:0.078555 Ba:0.157109,cuprate,7,1,Y1Ba2Cu3O6.73,62,73.6,80,7.07241
O:0.538462 Cu:0.230769 Ba:0.153846 Yb:0.076923,cuprate,7,1,Yb1Ba2Cu3O7,87.9,90.1,96.1,2.68142
O:0.531981 Cu:0.234009 Y:0.078003 Ba:0.156006,cuprate,7,1,Y1Ba2Cu3O6.82,85,87.7,93,2.81588
Fe:0.500000 Se:0.200000 Te:0.300000,iron-based,7,2,Fe1Te0.6Se0.4; Fe1Se0.4Te0.6,11,14.2,14.8,1.26811
In:1.000000,other,7,1,In1,3.4,3.407,4.405,0.377263
O:0.533333 Ca:0.006667 Cu:0.266667 Y:0.060000 Ba:0.133333,cuprate,7,1,Y0.9Ca0.1Ba2Cu4O8,80.8,88.9,91,3.71701
O:0.538462 Ni:0.004615 Cu:0.226154 Y:0.076923 Ba:0.153846,cuprate,7,1,Y1Ba2Cu2.94Ni0.06O7,62,83,85.9,8.20923
S:0.500000 Cu:0.125000 Mo:0.375000,other,7,3,Cu1Mo3S4; Cu1.5Mo4.5S6; Cu2Mo6S8,10.43,10.8,11.8,0.455428
In:0.714286 Ce:0.142857 Ir:0.142857,other,7,1,Ce1Ir1In5,0.38,0.43,1.3,0.456984
O:0.533333 Ca:0.066667 Cu:0.133333 Sr:0.114667 La:0.005333 Bi:0.146667,cuprate,7,1,Bi2.2Sr1.72La0.08Ca1Cu2O8,60.5,82.5,84.7,9.23577
O:0.538462 Fe:0.011538 Cu:0.219231 Y:0.076923 Ba:0.153846,cuprate,7,1,Y1Ba2Cu2.85Fe0.15O7,50,61,75,10.9048
O:0.533333 Cu:0.266667 Ba:0.133333 Gd:0.066667,cuprate,7,1,Gd1Ba2Cu4O8,69,73.4,77,2.48088
O:0.538462 Fe:0.009231 Cu:0.221538 Y:0.076923 Ba:0.153846,cuprate,7,1,Y1Ba2Cu2.88Fe0.12O7,54,75,79,10.1643
O:0.533333 Cu:0.266667 Y:0.053333 Ba:0.133333 Pr:0.013333,cuprate,7,1,Y0.8Pr0.2Ba2Cu4O8,60,68,70.8,4.33222
O:0.533333 Ni:0.002667 Cu:0.264000 Y:0.066667 Ba:0.133333,cuprate,7,1,Y1Ba2Cu3.96Ni0.04O8,44,57,68.2,9.26496
Sb:0.705882 Pr:0.058824 Os:0.235294,other,7,1,Pr1Os4Sb12,1.77,1.83,1.87,0.0341565
Al:0.666667 La:0.333333,other,7,2,Al2La1; La1Al2,0.3,3.23,3.273,1.11465
C:0.952381 Na:0.031746 Cs:0.015873,other,7,1,Na2Cs1C60,8.5,11.6,14,1.66304
V:1.000000,other,7,1,V1,5.15,5.2,5.32,0.0685565
Mo:0.300000 Sb:0.700000,other,7,1,Mo3Sb7,2.08,2.25,7.5,2.00005
C:0.666667 Y:0.333333,other,7,1,C2Y1,3.75,3.88,4.02,0.0934503
O:0.225000 F:0.025000 Fe:0.250000 As:0.250000 Sm:0.250000,iron-based,7,1,Sm1Fe1As1F0.1O0.9,4.47,41.5,54.6,19.8525
O:0.571429 Cu:0.142857 Ba:0.021429 La:0.264286,cuprate,7,2,Ba0.15La1.85Cu1O4; La1.85Ba0.15Cu1O4,8,29,43,10.4913
Nb:0.750000 Pt:0.250000,other,7,1,Nb3Pt1,8.111,9.2,11,1.2706
O:0.571429 Cu:0.142857 Ba:0.015714 La:0.270000,cuprate,7,1,La1.89Ba0.11Cu1O4,5.4,18.8,38,11.6753
P:1.000000,other,7,1,P1,4,5.8,10.7,2.41779
Fe:0.400000 As:0.400000 Ba:0.200000,iron-based,7,1,Ba1Fe2As2,13,28.6,35,8.48584
Si:0.526316 Sc:0.263158 Ir:0.210526,other,7,1,Sc5Ir4Si10,8,8.3,8.5,0.168169
O:0.545455 Cu:0.090909 Sr:0.145455 La:0.036364 Bi:0.181818,cuprate,7,1,Bi2Sr1.6La0.4Cu1O6,19.1,28,34,6.03037
Si:0.250000 Nb:0.750000,other,7,2,Nb3Si1; Nb0.75Si0.25,1.5,9,18.6,6.44408
V:0.750000 Pt:0.250000,other,7,2,Pt1V3; Pt0.25V0.75,2.53,3.18,3.62,0.379461
Fe:0.400000 Ge:0.400000 Y:0.200000,other,6,1,Y1Fe2Ge2,0.6,1.1,1.83,0.427727
Pd:0.333333 Bi:0.666667,other,6,1,Bi2Pd1,1.7,4.545,5.35,1.67279
K:0.100000 Fe:0.400000 As:0.400000 Ba:0.100000,iron-based,6,1,Ba0.5K0.5Fe2As2,32,35.5,37.78,2.09132
Fe:0.400000 As:0.400000 Sr:0.200000,iron-based,6,1,Sr1Fe2As2,21,26.65,38,6.01952
O:0.600000 K:0.120000 Sr:0.080000 Bi:0.200000,other,6,1,Sr0.4K0.6Bi1O3,11,11.4,12,0.348736
Fe:0.384800 Co:0.015200 As:0.400000 Ba:0.200000,iron-based,6,1,Ba1Fe1.924Co0.076As2,6.48,8.95,14.2,3.10009
N:0.500000 Mo:0.500000,other,6,1,Mo1N1,3.2,12.75,15.1,5.3642
Ni:0.333333 Zr:0.666667,other,6,1,Ni1Zr2,1.52,1.8,2.77,0.52316
O:0.600000 Ba:0.200000 Pb:0.150000 Bi:0.050000,other,6,1,Ba1Pb0.75Bi0.25O3,10.5,11.65,12.5,0.712039
H:0.361111 O:0.458333 Na:0.041667 Co:0.138889,other,6,1,Na0.3Co1H2.6O3.3,4.2,4.5225,5,0.320683
Se:0.666667 Ta:0.333333,other,6,2,Se2Ta1; Ta1Se2,0.13,0.155,0.22,0.0355903
O:0.090909 Ca:0.272727 Cu:0.363636 Ba:0.181818 Hg:0.090909,cuprate,6,2,Hg1Ba2Ca3Cu4O; Hg1Ba2Ca3Cu4O1,95,115.5,125,10.7409
S:0.571429 La:0.428571,other,6,1,La3S4,6.5,8.08,8.25,0.663616
Hg:1.000000,other,6,1,Hg1,4.017,4.1578,4.173,0.0589658
S:0.533333 Mo:0.400000 Sn:0.066667,other,6,1,Sn1Mo6S8,10.5,12.6,14.2,1.48459
Ni:0.250000 Bi:0.750000,other,6,1,Bi3Ni1,3.6,4,4.1,0.187483
C:0.333333 Mo:0.666667,other,6,1,C1Mo2,2.78,3.775,12.2,4.29414
Li:1.000000,other,6,1,Li1,0.0004,13.9,20,7.43737
Li:0.333333 B:0.166667 Pt:0.500000,other,6,2,Li2Pt3B1; Li2B1Pt3,1.86,2.58,3.19,0.519795
C:0.800000 K:0.100000 Hg:0.100000,other,6,2,K1Hg1C8; C8K1Hg1,1.7,1.89,1.94,0.0880152
Re:1.000000,other,6,1,Re1,1.694,1.698,7,2.1647
C:0.952381 Cs:0.047619,other,6,2,Cs3C60; C60Cs3,18,35.3,40,8.01933
O:0.538462 Cu:0.221538 Zn:0.009231 Y:0.076923 Ba:0.153846,cuprate,6,1,Y1Ba2Cu2.88Zn0.12O7,41,51.2,60,7.01747
O:0.545455 Ca:0.090909 Cu:0.181818 Sr:0.018182 La:0.163636,cuprate,6,1,La1.8Sr0.2Ca1Cu2O6,26.5,41.5,53,11.7718
O:0.533333 Ca:0.053333 Cu:0.133333 Sr:0.133333 Y:0.013333 Bi:0.133333,cuprate,6,1,Bi2Sr2Ca0.8Y0.2Cu2O8,70,87.05,91.7,7.74737
O:0.571429 Cu:0.141429 Zn:0.001429 Sr:0.028571 La:0.257143,cuprate,6,2,Sr0.2La1.8Cu0.99Zn0.01O4; La1.8Sr0.2Cu0.99Zn0.01O4,11,26,29,6.59778
B:0.444444 Rh:0.444444 Er:0.111111,other,6,1,Er1Rh4B4,4.3,8.605,8.76,1.74834
O:0.500000 Ca:0.125000 Cu:0.187500 Ba:0.125000 Re:0.011250 Hg:0.051250,cuprate,6,1,Hg0.82Re0.18Ba2Ca2Cu3O8,131.5,132.65,133.2,0.65909
O:0.500000 Ca:0.125000 Cu:0.250000 Ba:0.125000,cuprate,6,1,Cu4Ba2Ca2O8,67,91,118,19.9173
O:0.547945 Cu:0.091324 Sr:0.168950 Bi:0.191781,cuprate,6,1,Bi2.1Sr1.85Cu1O6,3.46,5.6,7.05,1.17927
O:0.516129 Cu:0.241935 Y:0.080645 Ba:0.161290,cuprate,6,1,Y1Ba2Cu3O6.4,23.35,34.5,36.55,4.86929
O:0.518987 Ca:0.151899 Cu:0.303797 Sr:0.025316,cuprate,6,1,Sr2Ca12Cu24O41,4.8,5.34,9.25,2.10713
V:0.750000 Ge:0.250000,other,6,2,Ge1V3; Ge0.25V0.75,6,6.6,8.6,0.946573
O:0.578947 Cu:0.144737 Sr:0.105263 Y:0.052105 Mo:0.013158 Ce:0.105789,cuprate,6,1,Mo0.25Sr2Ce2.01Y0.99Cu2.75O11,12.1,51.3,53,16.6157
O:0.521531 Cu:0.239234 Y:0.079745 Ba:0.159490,cuprate,6,1,Y1Ba2Cu3O6.54,40,54.45,58,6.45962
O:0.525692 Cu:0.237154 Y:0.079051 Ba:0.158103,cuprate,6,1,Y1Ba2Cu3O6.65,56.3,60.55,79.3,8.70419
O:0.528571 F:0.042857 Cu:0.142857 Nd:0.285714,cuprate,6,1,Nd2Cu1F0.3O3.7,18.5,26.5,37,5.97006
O:0.533333 Cu:0.264000 Zn:0.002667 Y:0.066667 Ba:0.133333,cuprate,6,1,Y1Ba2Cu3.96Zn0.04O8,16,55.9,57.6,16.2542
O:0.571429 Cu:0.142857 Ba:0.020000 La:0.265714,cuprate,6,1,La1.86Ba0.14Cu1O4,7.4,13,42,13.7136
O:0.533333 Cu:0.265333 Zn:0.001333 Y:0.066667 Ba:0.133333,cuprate,6,1,Y1Ba2Cu3.98Zn0.02O8,47,66.8,68,8.13227
O:0.533333 Cu:0.266667 Ba:0.133333 Dy:0.066667,cuprate,6,1,Dy1Ba2Cu4O8,71,74.5,77.2,2.14911
O:0.538462 Fe:0.004615 Cu:0.226154 Y:0.076923 Ba:0.153846,cuprate,6,1,Y1Ba2Cu2.94Fe0.06O7,60,84.05,89.3,11.0919
O:0.538462 Fe:0.002308 Cu:0.228462 Y:0.076923 Ba:0.153846,cuprate,6,1,Y1Ba2Cu2.97Fe0.03O7,82,89.1,91.2,3.82762
O:0.533333 Ni:0.005333 Cu:0.261333 Y:0.066667 Ba:0.133333,cuprate,6,1,Y1Ba2Cu3.92Ni0.08O8,14.7,34.85,55.1,17.4947
O:0.533800 Cu:0.233100 Y:0.077700 Ba:0.155400,cuprate,6,1,Y1Ba2Cu3O6.87,75.1,91.75,95.2,7.35735
Zr:0.500000 Nb:0.500000,other,6,2,Nb0.5Zr0.5; Nb50Zr50,9.46,10.25,10.75,0.474289
O:0.535244 Cu:0.232378 Y:0.077459 Ba:0.154919,cuprate,6,1,Y1Ba2Cu3O6.91,90,92.5,95.2,1.98662
O:0.535604 Cu:0.232198 Y:0.077399 Ba:0.154799,cuprate,6,1,Y1Ba2Cu3O6.92,90,91.75,92.4,0.899815
O:0.538462 Cu:0.230769 Ba:0.153846 Pr:0.015385 Gd:0.061538,cuprate,6,1,Gd0.8Pr0.2Ba2Cu3O7,56,58.25,67,4.90129
O:0.538462 Ca:0.076923 Cu:0.230769 Ba:0.076923 La:0.076923,cuprate,6,3,Ca1La1Ba1Cu3O7; Ca1Ba1La1Cu3O7; La1Ba1Ca1Cu3O7,47,69.5,80,11.1609
O:0.538462 Cu:0.223846 Zn:0.006923 Y:0.076923 Ba:0.153846,cuprate,6,1,Y1Ba2Cu2.91Zn0.09O7,55,56.45,58.7,1.32213
O:0.571429 Cu:0.142857 Ba:0.014286 La:0.271429,cuprate,6,2,Ba0.1La1.9Cu1O4; La1.9Ba0.1Cu1O4,19,28,38,6.18471
O:0.166667 Ca:0.166667 Cu:0.333333 Sr:0.166667 Bi:0.166667,cuprate,6,2,Bi1Sr1Ca1Cu2O; Bi1Ca1Sr1Cu2O,70,92.5,110,17.8885
O:0.571429 Cu:0.142857 Sr:0.022857 La:0.262857,cuprate,6,1,La1.84Sr0.16Cu1O4,22.6,38.25,39.3,6.48496
Tc:1.000000,other,6,1,Tc1,7.46,7.78,8.035,0.209629
C:0.045455 O:0.090909 Ca:0.272727 Cu:0.409091 Ba:0.181818,cuprate,6,2,Cu0.5C0.5Ba2Ca3Cu4O; C0.5Ba2Ca3Cu4.5O,102,110.5,117,4.93964
O:0.220779 Fe:0.259740 As:0.259740 Sm:0.259740,iron-based,6,1,Sm1Fe1As1O0.85,50.5,53.5,55,1.76257
O:0.142857 Cu:0.428571 Ba:0.285714 Dy:0.142857,cuprate,6,1,Dy1Ba2Cu3O,91.2,91.55,92.1,0.409084
O:0.125000 Ca:0.125000 Cu:0.250000 Ba:0.250000 Tl:0.250000,cuprate,6,2,Tl2Ca1Ba2Cu2O; Tl2Ba2Ca1Cu2O,100,104.05,108,3.05532
O:0.142857 Cu:0.428571 Ba:0.285714 Nd:0.142857,cuprate,6,1,Nd1Ba2Cu3O,82.5,91.5,98.7,5.56062
O:0.571429 Cu:0.142857 Sr:0.017857 La:0.267857,cuprate,6,1,La1.875Sr0.125Cu1O4,27,30.5,32.4,2.2098
B:0.857143 Y:0.142857,other,6,1,B6Y1,5.9,6.65,7.5,0.632785
O:0.571429 Cu:0.142857 Ce:0.024286 Pr:0.261429,cuprate,6,1,Pr1.83Ce0.17Cu1O4,12,13.7,20.3,2.95866
O:0.533333 Cu:0.261333 Zn:0.005333 Y:0.066667 Ba:0.133333,cuprate,5,1,Y1Ba2Cu3.92Zn0.08O8,27.7,36.7,49,7.70669
Ge:0.250000 Mo:0.750000,other,5,1,Ge1Mo3,1.43,1.6,4.25,1.1955
O:0.533333 Cu:0.266667 Ba:0.133333 Tm:0.066667,cuprate,5,1,Tm1Ba2Cu4O8,78.6,79.6,80,0.601664
O:0.140000 F:0.060000 S:0.400000 Nd:0.200000 Bi:0.200000,other,5,2,Nd1Bi1S2F0.3O0.7; Nd1F0.3Bi1S2O0.7,3.52,4.7,5.25,0.84022
O:0.600000 K:0.070000 Ba:0.130000 Bi:0.200000,other,5,1,Ba0.65K0.35Bi1O3,23,29.2,31.8,3.37935
O:0.571429 Cu:0.142857 Sr:0.034286 La:0.251429,cuprate,5,1,La1.76Sr0.24Cu1O4,14.2,19,20,2.48395
Ge:0.400000 Sr:0.200000 Pd:0.400000,other,5,1,Sr1Pd2Ge2,2.6,3,3.12,0.22786
Ga:0.500000 As:0.500000,other,5,1,As1Ga1,3,4.8,10,2.65895
Ge:0.705882 Ba:0.058824 Pt:0.235294,other,5,1,Ba1Pt4Ge12,4.98,5.03,5.35,0.177961
Ge:0.705882 Pr:0.058824 Pt:0.235294,other,5,1,Pr1Pt4Ge12,7.8,7.9,7.92,0.0502991
H:0.358621 O:0.455172 Na:0.048276 Co:0.137931,other,5,1,Na0.35Co1H2.6O3.3,4.2,4.7,5,0.296648
O:0.533333 Cu:0.260000 Zn:0.006667 Y:0.066667 Ba:0.133333,cuprate,5,1,Y1Ba2Cu3.9Zn0.1O8,11.5,22.1,25.3,6.43296
O:0.538462 Fe:0.023077 Cu:0.207692 Y:0.076923 Ba:0.153846,cuprate,5,1,Y1Ba2Cu2.7Fe0.3O7,2,33,50.8,21.211
O:0.533333 Ca:0.053333 Cu:0.133333 Sr:0.133333 Pr:0.013333 Bi:0.133333,cuprate,5,1,Bi2Sr2Ca0.8Pr0.2Cu2O8,58.45,73,87.1,11.3621
O:0.533333 Ca:0.050000 Cu:0.133333 Sr:0.133333 Y:0.016667 Bi:0.133333,cuprate,5,1,Bi2Sr2Ca0.75Y0.25Cu2O8,71.3,87.9,92.8,8.31463
S:0.533333 Mo:0.400000 La:0.066667,other,5,1,La1Mo6S8,5.8,6.95,7.1,0.531037
O:0.533333 Ca:0.046667 Cu:0.133333 Sr:0.133333 Y:0.020000 Bi:0.133333,cuprate,5,1,Bi2Sr2Ca0.7Y0.3Cu2O8,48,81.4,89,16.7589
O:0.538462 Fe:0.008077 Cu:0.222692 Y:0.076923 Ba:0.153846,cuprate,5,1,Y1Ba2Cu2.895Fe0.105O7,61,67,81.8,8.1834
O:0.692841 Rb:0.076212 W:0.230947,other,5,2,Rb0.33W1O3; O3Rb0.33W1,1.76,2.45,7.7,2.46723
O:0.571429 Ni:0.001429 Cu:0.141429 Sr:0.021429 La:0.264286,cuprate,5,1,La1.85Sr0.15Cu0.99Ni0.01O4,29,30.1,33.6,1.74442
O:0.538462 Ca:0.038462 Cu:0.230769 Ba:0.153846 Pr:0.038462,cuprate,5,1,Pr0.5Ca0.5Ba2Cu3O7,37,52,105,32.4238
O:0.100000 F:0.100000 S:0.400000 Ce:0.200000 Bi:0.200000,other,5,1,Ce1Bi1S2F0.5O0.5,1.89,2.45,7.62,2.36735
O:0.538462 Cu:0.214615 Zn:0.016154 Y:0.076923 Ba:0.153846,cuprate,5,1,Y1Ba2Cu2.79Zn0.21O7,20.2,24.2,35.2,6.04913
O:0.538462 Co:0.009231 Cu:0.221538 Y:0.076923 Ba:0.153846,cuprate,5,1,Y1Ba2Cu2.88Co0.12O7,71,80,84,5.65243
O:0.111111 Ca:0.222222 Cu:0.333333 Ba:0.222222 Tl:0.111111,cuprate,5,1,Tl1Ba2Ca2Cu3O,111.7,122,130,7.45104
O:0.538462 Ca:0.076923 Cu:0.153846 Sr:0.153846 Tl:0.076923,cuprate,5,1,Tl1Sr2Ca1Cu2O7,35.2,65,73,15.9568
Se:0.571429 La:0.428571,other,5,1,La3Se4,7.6,7.8,10,1.02048
Fe:0.370400 Co:0.029600 As:0.400000 Ba:0.200000,iron-based,5,1,Ba1Fe1.852Co0.148As2,22.2,22.8,23.4,0.460435
Fe:0.378400 Ni:0.021600 As:0.400000 Ba:0.200000,iron-based,5,1,Ba1Fe1.892Ni0.108As2,13.9,14.8,20.3,2.58979
O:0.538462 Cu:0.230769 Ba:0.153846 Pr:0.015385 Er:0.061538,cuprate,5,1,Er0.8Pr0.2Ba2Cu3O7,76.4,78,80,1.499
In:0.500000 Sb:0.500000,other,5,1,In1Sb1,2,3.6,4.8,1.23572
O:0.538462 Cu:0.230769 Ba:0.153846 Pr:0.015385 Eu:0.061538,cuprate,5,1,Eu0.8Pr0.2Ba2Cu3O7,47,59,64,7.0852
Fe:0.400000 As:0.400000 Eu:0.200000,iron-based,5,1,Eu1Fe2As2,25,29.5,31,2.30217
Fe:0.400000 As:0.400000 Rb:0.200000,iron-based,5,1,Rb1Fe2As2,1.73,2.52,2.6,0.365308
O:0.571429 Ni:0.004286 Cu:0.138571 Sr:0.021429 La:0.264286,cuprate,5,1,La1.85Sr0.15Cu0.97Ni0.03O4,12.7,13.5,28,6.4216
O:0.538462 Cu:0.230769 Ba:0.153846 Tm:0.076923,cuprate,5,1,Tm1Ba2Cu3O7,90,91.5,92.1,0.951315
O:0.588235 Cu:0.117647 Sr:0.117647 Ru:0.058824 Ce:0.035294 Eu:0.082353,cuprate,5,3,Ru1Sr2Eu1.4Ce0.6Cu2O10; Eu1.4Ce0.6Ru1Sr2Cu2O10; Eu1.4Ce0.6Sr2Ru1Cu2O10,32,37.5,44,4.60435
O:0.100000 Ca:0.200000 Cu:0.300000 Sr:0.200000 Sb:0.010000 Pb:0.030000 Bi:0.160000,cuprate,5,1,Bi1.6Pb0.3Sb0.1Sr2Ca2Cu3O,93,109.6,132,14.1623
O:0.571429 Ni:0.003571 Cu:0.139286 Sr:0.021429 La:0.264286,cuprate,5,1,La1.85Sr0.15Cu0.975Ni0.025O4,16.5,17.4,26.8,4.57078
O:0.533333 Ca:0.040000 Cu:0.133333 Sr:0.133333 Y:0.026667 Bi:0.133333,cuprate,5,1,Bi2Sr2Ca0.6Y0.4Cu2O8,37,65.5,71.5,13.7439
O:0.538462 Ni:0.009231 Cu:0.221538 Y:0.076923 Ba:0.153846,cuprate,5,1,Y1Ba2Cu2.88Ni0.12O7,43,74.3,78,14.4661
O:0.533333 Ca:0.040000 Cu:0.133333 Sr:0.133333 Pr:0.026667 Bi:0.133333,cuprate,5,1,Bi2Sr2Ca0.6Pr0.4Cu2O8,41,43.5,62.5,9.83041
O:0.533333 Ca:0.033333 Cu:0.133333 Sr:0.133333 Y:0.033333 Bi:0.133333,cuprate,5,1,Bi2Sr2Ca0.5Y0.5Cu2O8,12,22,41,12.1993
O:0.511002 Cu:0.122249 Ba:0.244499 Hg:0.122249,cuprate,5,1,Hg1Ba2Cu1O4.18,93.2,95,97,1.6334
Pt:1.000000,other,5,1,Pt1,0.00062,0.00138,0.02,0.00840505
O:0.505562 Cu:0.123609 Ba:0.247219 Hg:0.123609,cuprate,5,1,Hg1Ba2Cu1O4.09,36,96,98,29.9967
O:0.500000 K:0.166667 Ba:0.166667 Bi:0.166667,other,5,2,BaKBi1O3; Ba1K1Bi1O3,23.3,30.9,32,3.66538
O:0.500000 Cu:0.250000 Y:0.083333 Ba:0.166667,cuprate,5,1,Y1Ba2Cu3O6,13.7,17.6,91.1,33.2187
O:0.555556 Cu:0.111111 Ba:0.133333 La:0.088889 Tl:0.111111,cuprate,5,1,Tl1Ba1.2La0.8Cu1O5,30,41.1,52,8.42348
O:0.571429 Cu:0.142857 Sr:0.016429 La:0.269286,cuprate,5,1,La1.885Sr0.115Cu1O4,24.7,29.3,31,2.40613
Mo:0.666667 Hf:0.333333,other,5,1,Hf1Mo2,0.05,0.07,1,0.418144
O:0.571429 Ca:0.021429 Cu:0.142857 La:0.264286,cuprate,5,1,La1.85Ca0.15Cu1O4,17,20.6,34,6.56186
O:0.444444 F:0.111111 Cu:0.111111 Ba:0.222222 Hg:0.111111,cuprate,5,1,Hg1Ba2Cu1FO4,78,90,97,7.62889
O:0.571429 Cu:0.142857 Ce:0.024286 Nd:0.261429,cuprate,5,1,Nd1.83Ce0.17Cu1O4,9.9,14,23.3,5.13293
O:0.571429 Cu:0.140000 Zn:0.002857 Sr:0.021429 La:0.264286,cuprate,5,1,La1.85Sr0.15Cu0.98Zn0.02O4,6.5,13.8,20,5.10343
O:0.363636 S:0.272727 Bi:0.363636,other,5,1,Bi4S3O4,4.11,4.47,6.55,0.975567
O:0.571429 Cu:0.141429 Zn:0.001429 Sr:0.021429 La:0.264286,cuprate,5,1,La1.85Sr0.15Cu0.99Zn0.01O4,26.4,28,30.1,1.43979
N:0.500000 V:0.500000,other,5,2,N1V1; V1N1,7.5,8.5,9.25,0.632795
O:0.571429 Cu:0.142286 Zn:0.000571 Sr:0.021429 La:0.264286,cuprate,5,1,La1.85Sr0.15Cu0.996Zn0.004O4,31,32.7,39,3.47606
O:0.666667 Rb:0.111111 Os:0.222222,other,5,1,Rb1Os2O6,6.28,6.3,6.4,0.0481664
O:0.571429 Cu:0.142857 Ba:0.017143 La:0.268571,cuprate,5,1,La1.88Ba0.12Cu1O4,9.5,30,39,13.5111
Nb:0.750000 Pt:0.075000 Au:0.175000,other,5,3,Nb3Au0.7Pt0.3; Au0.7Nb3Pt0.3; Nb0.75Au0.175Pt0.075,10,12.8,13,1.2661
O:0.515347 Cu:0.242326 Y:0.080775 Ba:0.161551,cuprate,5,1,Y1Ba2Cu3O6.38,10.1,15.4,23.9,5.46836
O:0.516519 Cu:0.241741 Y:0.080580 Ba:0.161160,cuprate,5,1,Y1Ba2Cu3O6.41,10.1,17.1,49.5,15.7553
Li:0.037657 O:0.711297 Mo:0.251046,other,5,1,Li0.9Mo6O17,1.56,1.89,10,3.65825
O:0.541885 Ca:0.065445 Cu:0.130890 Sr:0.130890 Bi:0.130890,cuprate,5,1,Bi2Sr2Ca1Cu2O8.28,60.7,76,81,8.14604
O:0.533333 Ca:0.003333 Cu:0.266667 Y:0.063333 Ba:0.133333,cuprate,5,1,Y0.95Ca0.05Ba2Cu4O8,82.2,85.4,87.2,2.10428
O:0.571429 Cu:0.142857 Ba:0.022857 La:0.262857,cuprate,5,1,La1.84Ba0.16Cu1O4,26.1,28.8,29.8,1.57956
K:0.040000 Fe:0.400000 As:0.400000 Ba:0.160000,iron-based,5,1,Ba0.8K0.2Fe2As2,7.28,22,25.3,7.26639
O:0.530516 Cu:0.234742 Y:0.078247 Ba:0.156495,cuprate,5,1,Y1Ba2Cu3O6.78,69.2,82.6,88.1,7.27173
O:0.142857 Cu:0.428571 Ba:0.285714 La:0.142857,cuprate,5,1,La1Ba2Cu3O,34.5,62.5,70.34,15.6305
K:0.080000 Fe:0.400000 As:0.400000 Sr:0.120000,iron-based,5,2,Sr0.6K0.4Fe2As2; K0.4Sr0.6Fe2As2,20,36,38,7.50413
O:0.526814 Cu:0.236593 Y:0.078864 Ba:0.157729,cuprate,5,1,Y1Ba2Cu3O6.68,15,63,67.4,22.0591
O:0.524941 Cu:0.237530 Y:0.079177 Ba:0.158353,cuprate,5,1,Y1Ba2Cu3O6.63,51,61.1,76,8.9695
O:0.524187 Cu:0.237906 Y:0.079302 Ba:0.158604,cuprate,5,1,Y1Ba2Cu3O6.61,55.5,61.25,61.38,2.56893
O:0.142857 Cu:0.428571 Sr:0.071429 Y:0.142857 Ba:0.214286,cuprate,5,2,Y1Ba1.5Sr0.5Cu3O; YBa1.5Sr0.5Cu3O,11,47,90,32.5377
O:0.521912 Cu:0.239044 Y:0.079681 Ba:0.159363,cuprate,5,1,Y1Ba2Cu3O6.55,54.1,58.3,89,14.5063
Ru:0.666667 La:0.333333,other,5,1,La1Ru2,1.63,4.1,4.416,1.16773
O:0.520767 Cu:0.239617 Y:0.079872 Ba:0.159744,cuprate,5,1,Y1Ba2Cu3O6.52,52.8,55,61.34,3.25677
Ru:0.235294 Sb:0.705882 Pr:0.058824,other,5,1,Pr1Ru4Sb12,0.97,1.11,1.3,0.139032
O:0.571429 Cu:0.142857 Sr:0.025000 La:0.260714,cuprate,5,1,La1.825Sr0.175Cu1O4,24,35,37.5,5.90551
O:0.142857 Cu:0.428571 Ba:0.285714 Sm:0.142857,cuprate,5,1,Sm1Ba2Cu3O,43,92,94.2,21.8661
Li:0.001536 O:0.537634 Cu:0.230415 Y:0.076805 Ba:0.153610,cuprate,5,1,Y1Ba2Cu3Li0.02O7,88.3,89.3,91.18,1.05626
O:0.519231 Cu:0.240385 Y:0.080128 Ba:0.160256,cuprate,5,1,Y1Ba2Cu3O6.48,19.7,48,51.2,12.8713
O:0.100000 F:0.100000 Se:0.400000 La:0.200000 Bi:0.200000,other,5,1,La1Bi1Se2F0.5O0.5,2.6,3.43,3.57,0.394373
Zr:1.000000,other,5,1,Zr1,0.49,0.55,3.5,1.29974
Si:0.333333 Ru:0.500000 La:0.166667,other,5,1,La1Ru3Si2,6.5,7.5,7.8,0.508213
Zr:0.250000 Te:0.750000,other,5,1,Te3Zr1,1.8,2.95,4,0.864292
Zr:0.750000 Rh:0.250000,other,5,2,Rh1Zr3; Rh0.25Zr0.75,3.97,4.3,11.4,3.8445
Al:0.225000 Ge:0.025000 Nb:0.750000,other,5,3,Al0.9Ge0.1Nb3; Nb0.75Al0.225Ge0.025; Nb3Al0.9Ge0.1,17.9,18.9,19.7,0.749667
C:0.600000 La:0.400000,other,5,1,C3La2,6.5,11.1,13.5,2.54814
Te:0.600000 Bi:0.400000,other,5,1,Bi2Te3,2.8,2.9,9.5,2.88138
B:0.666667 Mg:0.233333 Al:0.100000,other,5,1,Mg0.7Al0.3B2,7.9,22.1,27.1,7.89734
Zn:1.000000,other,5,1,Zn1,0.825,0.855,0.867,0.0156908
C:0.500000 Mo:0.500000,other,5,1,C1Mo1,6.5,9.26,14.3,3.37128
Si:0.400000 Y:0.200000 Ir:0.400000,other,5,1,Y1Ir2Si2,1.1,2.6,2.775,0.700789
V:0.750000 Au:0.250000,other,5,1,Au1V3,0.74,2.731,2.97,0.960813
C:0.500000 Nb:0.200000 Ta:0.300000,other,5,2,Nb0.4Ta0.6C1; C1Nb0.4Ta0.6,0.01,9.7,11.8,4.65827
Si:0.400000 La:0.200000 Ir:0.400000,other,5,1,La1Ir2Si2,1.1,1.55,1.58,0.20204
Ti:0.500000 V:0.500000,other,5,3,Ti1V1; Ti50V50; Ti0.5V0.5,4.5,6.71,7.8,1.24942
C:0.500000 Ni:0.250000 La:0.250000,other,5,1,La1Ni1C2,2.7,2.9,3,0.121655
Si:0.400000 Pd:0.400000 Ce:0.200000,other,5,1,Ce1Pd2Si2,0.37,0.395,0.52,0.0594138
B:0.444444 Rh:0.444444 Tm:0.111111,other,5,1,Tm1Rh4B4,5.4,9.78,9.86,1.95226
Si:0.600000 Rh:0.200000 Ce:0.200000,other,5,1,Ce1Rh1Si3,0.45,1.06,1.09,0.270241
B:0.533333 C:0.133333 Mg:0.333333,other,5,1,Mg1B1.6C0.4,22,33.3,35.8,6.13474
Zr:0.666667 Rh:0.333333,other,5,2,Rh1Zr2; Rh0.33Zr0.66,10.8,11.2,11.36,0.218906
B:0.641333 C:0.025333 Mg:0.333333,other,5,1,Mg1B1.924C0.076,35.4,35.8,36.2,0.334664
B:0.500000 Ru:0.250000 Lu:0.250000,other,5,1,Lu1Ru1B2,8.9,10.2,10.6,0.694968
C:0.055556 O:0.111111 Ca:0.222222 Cu:0.388889 Ba:0.222222,cuprate,5,2,C0.5Cu0.5Ba2Ca2Cu3O; C0.5Ba2Ca2Cu3.5O,67,107,120,22.3942
Y:0.250000 Pd:0.500000 Sn:0.250000,other,5,3,Pd2Y1Sn1; Y1Pd2Sn1; Pd2Sn1Y1,4.55,4.9,5.26,0.276369
Sn:0.500000 Bi:0.500000,other,5,2,Bi1Sn1; Bi0.5Sn0.5,0.788,3.8,7.88,2.52486
Y:1.000000,other,5,1,Y1,1.8,2.7,19.5,8.76898
C:0.166667 Al:0.333333 Mo:0.500000,other,5,2,Mo3Al2C1; Al2C1Mo3,8.2,9.1,10,0.715542
B:0.300000 Ru:0.700000,other,5,3,B3Ru7; B0.3Ru0.7; Ru7B3,2.58,2.8,3.38,0.387711
O:0.500000 Ca:0.150000 Cu:0.200000 Ba:0.100000 Hg:0.050000,cuprate,4,1,Hg1Ba2Ca3Cu4O10,116,125.5,127,5.06623
Pd:0.500000 Te:0.500000,other,4,1,Pd1Te1,1.53,3.075,4.36,1.31942
B:0.355556 Mg:0.222222 Ir:0.422222,other,4,1,Mg10Ir19B16,3.7,4.1,4.45,0.392375
O:0.500000 Fe:0.083333 Cu:0.166667 Sr:0.166667 Y:0.083333,cuprate,4,1,Fe1Sr2Y1Cu2O6,42,49,59,7.04154
O:0.500000 Ti:0.500000,other,4,1,O1Ti1,0.58,0.62,1.06,0.228035
O:0.555556 Ca:0.111111 Cu:0.194444 Ba:0.111111 Tl:0.027778,cuprate,4,2,Tl0.5Ba2Ca2Cu3.5O10; Cu0.5Tl0.5Ba2Ca2Cu3O10,95.5,106,132,15.6438
O:0.555556 Cu:0.111111 Ba:0.155556 La:0.066667 Tl:0.111111,cuprate,4,1,Tl1Ba1.4La0.6Cu1O5,23.5,31,45,10.6409
O:0.500000 Ca:0.062500 Cu:0.125000 Sr:0.125000 I:0.062500 Bi:0.125000,cuprate,4,2,Bi2Sr2Ca1Cu2I1O8; I1Bi2Sr2Ca1Cu2O8,58,65.25,80.7,11.1215
O:0.250000 Fe:0.250000 As:0.250000 Sr:0.050000 Pr:0.200000,iron-based,4,1,Pr0.8Sr0.2Fe1As1O1,13.6,14.5,15.8,0.993311
Li:0.333333 P:0.333333 Fe:0.333333,other,4,1,Li1Fe1P1,4.1,4.88,6,0.782027
O:0.500000 Ca:0.031250 Cu:0.187500 Sr:0.125000 Y:0.031250 Pb:0.125000,cuprate,4,1,Pb2Sr2Y0.5Ca0.5Cu3O8,70,76.7,79.7,4.33003
Li:0.100000 O:0.125000 Ca:0.125000 Cu:0.150000 Sr:0.250000 Bi:0.250000,cuprate,4,1,Bi2Sr2Ca1Cu1.2Li0.8O,74.2,81,89,6.10683
O:0.571429 Cu:0.142143 Zn:0.000714 Sr:0.021429 La:0.264286,cuprate,4,1,La1.85Sr0.15Cu0.995Zn0.005O4,30,32.05,35.1,2.10555
O:0.571429 Cu:0.141714 Zn:0.001143 Sr:0.021429 La:0.264286,cuprate,4,1,La1.85Sr0.15Cu0.992Zn0.008O4,25.5,28.15,35.7,4.4071
Rh:0.071429 In:0.714286 Ce:0.142857 Ir:0.071429,other,4,1,Ce1Rh0.5Ir0.5In5,0.79,0.87,0.97,0.0776745
B:0.444444 Rh:0.444444 Sm:0.111111,other,4,1,Sm1Rh4B4,2.51,2.68,2.72,0.095
O:0.545455 Cu:0.090909 Sr:0.172727 La:0.009091 Bi:0.181818,cuprate,4,1,Bi2Sr1.9La0.1Cu1O6,8,14.65,20,5.03546
O:0.571429 Cu:0.140714 Zn:0.002143 Sr:0.021429 La:0.264286,cuprate,4,1,La1.85Sr0.15Cu0.985Zn0.015O4,16.6,21,22.1,2.57213
B:0.444444 Y:0.111111 Rh:0.444444,other,4,1,Y1Rh4B4,10.591,10.95,11.34,0.418625
Pd:0.500000 Sn:0.250000 Yb:0.250000,other,4,2,Pd2Yb1Sn1; Yb1Pd2Sn1,1.82,2.33,2.42,0.274408
Li:0.004594 O:0.535988 Cu:0.229709 Y:0.076570 Ba:0.153139,cuprate,4,1,Y1Ba2Cu3Li0.06O7,86.7,86.95,88.8,0.981495
O:0.512195 Ca:0.081301 V:0.016260 Cu:0.162602 Ba:0.162602 Hg:0.065041,cuprate,4,1,Hg0.8V0.2Ba2Ca1Cu2O6.3,115,122,128,5.85235
O:0.504950 Cu:0.123762 Ba:0.247525 Hg:0.123762,cuprate,4,1,Hg1Ba2Cu1O4.08,53,89.5,96,19.9165
Ca:0.150000 Rh:0.200000 Sn:0.650000,other,4,1,Ca3Rh4Sn13,4.71,8.25,8.7,1.8576
K:0.056000 Fe:0.400000 As:0.400000 Ba:0.144000,iron-based,4,1,Ba0.72K0.28Fe2As2,30,33.55,36.7,2.76225
K:0.050000 Fe:0.400000 As:0.400000 Ba:0.150000,iron-based,4,1,Ba0.75K0.25Fe2As2,26,28.4,31,2.04369
O:0.526316 Ca:0.105263 Cu:0.157895 Sr:0.105263 Bi:0.105263,cuprate,4,1,Bi2Sr2Ca2Cu3O10,106.5,108,110,1.65202
O:0.526316 Ca:0.105263 Cu:0.157895 Sr:0.105263 Pb:0.015789 Bi:0.089474,cuprate,4,2,Pb0.3Bi1.7Sr2Ca2Cu3O10; Bi1.7Pb0.3Sr2Ca2Cu3O10,105,106.75,108,1.25
O:0.526440 Cu:0.236780 Y:0.078927 Ba:0.157853,cuprate,4,1,Y1Ba2Cu3O6.67,52.5,59.85,61.5,4.07216
Ir:0.333333 Bi:0.666667,other,4,1,Bi2Ir1,1.7,2.6,3.96,0.987708
Ca:0.150000 Sn:0.650000 Ir:0.200000,other,4,1,Ca3Ir4Sn13,6.8,6.95,7.1,0.129099
V:0.540000 Ru:0.460000,other,4,1,Ru0.46V0.54,4.92,5.025,5.67,0.34419
O:0.529042 Cu:0.235479 Y:0.078493 Ba:0.156986,cuprate,4,1,Y1Ba2Cu3O6.74,60,81.05,91,13.1162
In:0.666667 Bi:0.333333,other,4,1,Bi1In2,5.1,5.683,5.87,0.341288
S:0.500000 Mo:0.400000 Ag:0.100000,other,4,2,Ag1.2Mo4.8S6; Ag1Mo4S5,7.7,8.035,8.9,0.556978
In:0.500000 Te:0.500000,other,4,1,In1Te1,2.18,2.7,3.45,0.663243
O:0.529781 Cu:0.235110 Y:0.078370 Ba:0.156740,cuprate,4,1,Y1Ba2Cu3O6.76,63,79.9,85.23,9.82128
O:0.538462 Ni:0.011538 Cu:0.219231 Y:0.076923 Ba:0.153846,cuprate,4,1,Y1Ba2Cu2.85Ni0.15O7,73,73.55,74.6,0.680074
K:0.060000 Fe:0.400000 As:0.400000 Ba:0.140000,iron-based,4,1,Ba0.7K0.3Fe2As2,36,36.95,37.5,0.723418
Si:0.500000 Sc:0.200000 Fe:0.300000,other,4,1,Sc2Fe3Si5,4.46,4.51,4.8,0.155349
V:0.900000 Cr:0.100000,other,4,1,Cr0.1V0.9,1.88,2.635,3.3,0.74643
K:0.090000 Fe:0.400000 As:0.400000 Ba:0.110000,iron-based,4,1,Ba0.55K0.45Fe2As2,29.4,29.625,32,1.23381
O:0.541284 Ca:0.065531 Cu:0.131062 Sr:0.131062 Bi:0.131062,cuprate,4,1,Bi2Sr2Ca1Cu2O8.26,75,88,91,7.32575
O:0.524564 Cu:0.237718 Y:0.079239 Ba:0.158479,cuprate,4,1,Y1Ba2Cu3O6.62,34,55.65,62,12.9826
S:0.100000 Fe:0.500000 Te:0.400000,other,4,1,Fe1Te0.8S0.2,4.5,8.1825,8.6,1.93474
O:0.521149 Cu:0.239425 Y:0.079808 Ba:0.159617,cuprate,4,1,Y1Ba2Cu3O6.53,40,52.15,54.8,6.80508
V:0.750000 Sn:0.250000,other,4,1,Sn1V3,3.4,3.725,7,1.69969
O:0.545455 Ca:0.090909 Cu:0.181818 Sr:0.027273 La:0.154545,cuprate,4,1,La1.7Sr0.3Ca1Cu2O6,34,47,54,8.69866
La:0.333333 Os:0.666667,other,4,1,La1Os2,5.9,7.7,9,1.60702
O:0.545455 Cu:0.090909 Sr:0.121818 La:0.060000 Bi:0.181818,cuprate,4,1,Bi2Sr1.34La0.66Cu1O6,20,21.15,24,1.84097
Mo:0.750000 Ir:0.250000,other,4,1,Ir1Mo3,6.8,8.262,8.8,0.861961
C:0.888889 K:0.111111,other,4,1,C8K1,0.134,0.2675,0.55,0.201735
O:0.507389 Cu:0.123153 Ba:0.246305 Hg:0.123153,cuprate,4,1,Hg1Ba2Cu1O4.12,71,81.5,98,12.7279
O:0.506173 Cu:0.123457 Ba:0.246914 Hg:0.123457,cuprate,4,1,Hg1Ba2Cu1O4.1,35,76,94.1,28.2224
O:0.545455 Cu:0.090909 Sr:0.154545 La:0.027273 Bi:0.181818,cuprate,4,1,Bi2Sr1.7La0.3Cu1O6,17.8,23.5,30,6.19355
O:0.571429 Cu:0.142857 Ba:0.012857 La:0.272857,cuprate,4,1,La1.91Ba0.09Cu1O4,28.8,30.4,32.5,1.76328
B:0.616667 C:0.050000 Mg:0.333333,other,4,1,Mg1B1.85C0.15,20,25.6,36.3,6.93944
Mo:0.750000 Os:0.250000,other,4,1,Mo3Os1,7.2,12.095,12.7,2.58548
O:0.600000 K:0.090000 Ba:0.110000 Bi:0.200000,other,4,1,Ba0.55K0.45Bi1O3,20,24.05,30,4.3092
O:0.571429 Cu:0.142857 Sr:0.020000 La:0.265714,cuprate,4,1,La1.86Sr0.14Cu1O4,36,36.95,40,1.74236
Cu:0.333333 Se:0.666667,other,4,1,Cu1Se2,1.6,2.3975,2.5,0.419471
Nb:0.800000 Sn:0.200000,other,4,1,Nb0.8Sn0.2,7.5,17.74,18.5,5.27114
O:0.142857 Cu:0.428571 Ba:0.285714 Tm:0.142857,cuprate,4,1,Tm1Ba2Cu3O,90.1,91,92,1.01448
B:0.923077 Lu:0.076923,other,4,1,B12Lu1,0.4,0.43,0.48,0.0341565
O:0.571429 Cu:0.142857 Sr:0.025714 La:0.260000,cuprate,4,1,La1.82Sr0.18Cu1O4,32.2,35.8,41,3.75233
Si:0.851852 Ba:0.148148,other,4,1,Ba8Si46,8,8.085,8.4,0.176706
Te:0.571429 La:0.428571,other,4,1,La3Te4,2.45,4.18,5.3,1.22802
O:0.142857 Cu:0.285714 Sr:0.285714 Ru:0.142857 Gd:0.142857,cuprate,4,1,Ru1Sr2Gd1Cu2O,33.1,34.25,45.1,5.6759
O:0.571429 Cu:0.142857 Sr:0.037143 La:0.248571,cuprate,4,1,La1.74Sr0.26Cu1O4,6.4,9.475,13,2.72531
O:0.142857 Ca:0.028571 Cu:0.428571 Y:0.114286 Ba:0.285714,cuprate,4,1,Y0.8Ca0.2Ba2Cu3O,74,76.3,80.9,3.05546
C:0.333333 W:0.666667,other,4,1,C1W2,2.74,3.7,5.2,1.05573
O:0.066667 Ca:0.200000 Cu:0.266667 Sr:0.200000 Bi:0.266667,cuprate,4,1,Bi4Sr3Ca3Cu4O,70,76.8,80,4.32512
Be:1.000000,other,4,1,Be1,0.026,3.2,6,3.23519
C:0.333333 Br:0.333333 Y:0.333333,other,4,1,Y2C2Br2,5,5.035,5.05,0.0216025
Si:0.666667 Ca:0.333333,other,4,1,Ca1Si2,1.37,1.545,14,6.25728
O:0.083333 Co:0.250000 Cu:0.166667 Sr:0.166667 Ba:0.166667 Hg:0.083333 Tl:0.083333,cuprate,4,2,Tl1HgSr2Ba2Cu2Co3O; TlHg1Sr2Ba2Cu2Co3O,57.3,68.15,73,6.86756
Sn:0.250000 Ta:0.750000,other,4,1,Sn1Ta3,5.82,6.3,8.35,1.13088
O:0.571429 Ni:0.000714 Cu:0.142143 Sr:0.021429 La:0.264286,cuprate,4,1,La1.85Sr0.15Cu0.995Ni0.005O4,30.5,33.705,36.1,2.36911
O:0.600000 Cu:0.200000 Y:0.066667 Ba:0.133333,cuprate,4,1,Y1Ba2Cu3O9,89,91,93,1.82574
O:0.125000 Ca:0.250000 Cu:0.375000 Ba:0.250000,cuprate,4,1,Ba2Ca2Cu3O,78,107,126,24.1868
O:0.125000 Ca:0.125000 Co:0.020000 Cu:0.230000 Sr:0.250000 Bi:0.250000,cuprate,4,1,Bi2Sr2Ca1Cu1.84Co0.16O,31.3,40.65,51,8.55375
O:0.100000 Ca:0.200000 Cu:0.300000 Sr:0.200000 Pb:0.030000 Bi:0.170000,cuprate,4,2,Bi1.7Sr2Ca2Cu3Pb0.3O; Bi1.7Pb0.3Sr2Ca2Cu3O,106,109.275,112,2.525
O:0.125000 Ca:0.125000 Co:0.010000 Cu:0.240000 Sr:0.250000 Bi:0.250000,cuprate,4,1,Bi2Sr2Ca1Cu1.92Co0.08O,46,56.65,68,9.98945
O:0.125000 Ca:0.125000 Co:0.005000 Cu:0.245000 Sr:0.250000 Bi:0.250000,cuprate,4,1,Bi2Sr2Ca1Cu1.96Co0.04O,51.1,63.95,78.9,12.0903
O:0.588235 Cu:0.117647 Sr:0.117647 Ru:0.058824 Ce:0.035294 Gd:0.082353,cuprate,4,3,Ru1Sr2Gd1.4Ce0.6Cu2O10; Gd1.4Ce0.6Ru1Sr2Cu2O10; Ru1Gd1.4Ce0.6Sr2Cu2O10,36,42.15,45,3.7977
Ta:0.250000 Re:0.750000,other,4,2,Re0.75Ta0.25; Re3Ta1,4.7,5.765,6.78,1.18663
O:0.125000 Ca:0.100000 Cu:0.250000 Sr:0.250000 Y:0.025000 Bi:0.250000,cuprate,4,1,Bi2Sr2Ca0.8Y0.2Cu2O,76.2,84.5,89,5.71635
O:0.588235 Cu:0.117647 Sr:0.117647 Nb:0.058824 Ce:0.029412 Nd:0.088235,cuprate,4,2,Nd1.5Ce0.5Sr2Cu2Nb1O10; Nd1.5Ce0.5Sr2Nb1Cu2O10,20,24.1,28,3.26752
O:0.100000 F:0.100000 S:0.400000 Pr:0.200000 Bi:0.200000,other,4,1,Pr1Bi1S2F0.5O0.5,3.2,3.6,4.29,0.4601
O:0.571429 Cu:0.142857 Sr:0.018571 La:0.267143,cuprate,4,1,La1.87Sr0.13Cu1O4,32,33.97,35,1.30265
Ti:0.500000 Zr:0.500000,other,4,1,Ti0.5Zr0.5,1.23,1.61,2,0.316056
Ti:1.000000,other,4,1,Ti1,0.34,0.395,0.49,0.06245
Si:0.600000 Rh:0.200000 La:0.200000,other,4,1,La1Rh1Si3,2.16,2.25,2.32,0.0772442
O:0.571429 Cu:0.142857 Ba:0.018571 La:0.267143,cuprate,4,1,La1.87Ba0.13Cu1O4,4.2,7.82,41,17.3459
B:0.566667 C:0.100000 Mg:0.333333,other,4,1,Mg1B1.7C0.3,10.2,31.735,36.4,11.9334
O:0.225000 F:0.025000 P:0.250000 Fe:0.250000 La:0.250000,other,4,1,La1Fe1P1F0.1O0.9,5.25,5.8,62,28.1948
In:0.080000 Sn:0.420000 Te:0.500000,other,4,1,Sn0.84In0.16Te1,2.12,2.135,2.48,0.17519
O:0.225000 F:0.025000 Fe:0.250000 As:0.250000 Nd:0.250000,iron-based,4,1,Nd1Fe1As1F0.1O0.9,48,50.55,53,2.07425
O:0.571429 Cu:0.142857 Ce:0.018571 Pr:0.267143,cuprate,4,1,Pr1.87Ce0.13Cu1O4,8.8,10.4,17,3.66015
O:0.571429 Cu:0.142857 Ce:0.020000 Pr:0.265714,cuprate,4,1,Pr1.86Ce0.14Cu1O4,17.7,20.5,25,3.04781
B:0.653333 C:0.013333 Mg:0.333333,other,4,1,Mg1B1.96C0.04,35,35.8,38.4,1.50222
O:0.222222 F:0.111111 Fe:0.222222 As:0.222222 Sm:0.222222,iron-based,4,1,Sm1Fe1As1F0.5O,49.8,55.25,57.1,3.29292
Na:0.100000 Ca:0.100000 Fe:0.400000 As:0.400000,iron-based,4,1,Ca0.5Na0.5Fe2As2,17.8,19.7,22,1.7359
O:0.220000 F:0.030000 Fe:0.250000 As:0.250000 Sm:0.250000,iron-based,4,1,Sm1Fe1As1F0.12O0.88,17.1,33.325,50.1,18.781
B:0.666667 Mg:0.200000 Al:0.133333,other,4,1,Mg0.6Al0.4B2,7,12.1,14.6,3.19322
O:0.215000 F:0.035000 Fe:0.250000 As:0.250000 La:0.250000,iron-based,4,1,La1Fe1As1F0.14O0.86,12.9,17.9,19,2.7342
Na:0.333333 Fe:0.330000 Co:0.003333 As:0.333333,iron-based,4,1,Na1Fe0.99Co0.01As1,13,15.75,17.9,2.61406
O:0.212500 F:0.037500 Fe:0.250000 As:0.250000 La:0.250000,iron-based,4,1,La1Fe1As1F0.15O0.85,10.5,22.15,26.2,6.99833
Ti:0.600000 V:0.400000,other,4,1,Ti0.6V0.4,6.95,7.075,7.5,0.248328
O:0.200000 Cu:0.200000 Ba:0.400000 Hg:0.200000,cuprate,4,1,Hg1Ba2Cu1O,75,88.5,92.3,7.60849
Nb:0.333333 Te:0.666667,other,4,1,Nb1Te2,0.5,0.63,0.74,0.10116
O:0.200000 Ca:0.200000 Cu:0.200000 Sr:0.200000 Bi:0.200000,cuprate,4,1,Bi1Sr1Ca1Cu1O1,84,95,110,13.4412
O:0.166667 Ti:0.333333 Sb:0.333333 Ba:0.166667,other,4,1,Ba1Ti2Sb2O1,0.95,1.195,1.48,0.216718
P:0.140000 Fe:0.400000 As:0.260000 Sr:0.200000,iron-based,4,1,Sr1Fe2As1.3P0.7,23.3,28.3,34,4.49991
O:0.571429 Cu:0.142857 La:0.270000 Ce:0.015714,cuprate,4,1,La1.89Ce0.11Cu1O4,24.9,27,29.75,2.57338
P:0.132000 Fe:0.400000 As:0.268000 Ba:0.200000,iron-based,4,1,Ba1Fe2As1.34P0.66,25,29.4,30.5,2.4878
O:0.166667 Cu:0.166667 Sr:0.333333 Bi:0.333333,cuprate,4,1,Bi2Sr2Cu1O,5,7.5,15.5,4.58939
Os:1.000000,other,4,2,Os1; Os10,0.478,0.64,0.671,0.0889096
O:0.166667 Cu:0.166667 Sr:0.275000 La:0.058333 Pb:0.033333 Bi:0.300000,cuprate,4,1,Bi1.8Pb0.2Sr1.65La0.35Cu1O,30.9,38.9,44,5.67825
Nb:0.600000 Os:0.400000,other,4,2,Nb0.6Os0.4; Nb3Os2,1.78,1.815,1.89,0.0544671
O:0.571429 Cu:0.142857 Sr:0.007143 La:0.278571,cuprate,4,1,La1.95Sr0.05Cu1O4,0.001,11.9,15,7.03943
O:0.571429 Cu:0.142857 Sr:0.008571 La:0.277143,cuprate,4,1,La1.94Sr0.06Cu1O4,2.8,8.01,14,4.57793
O:0.571429 Cu:0.142857 Sr:0.010714 La:0.275000,cuprate,4,1,La1.925Sr0.075Cu1O4,15.6,19.6,23,3.29596
O:0.533333 Ca:0.036667 Cu:0.133333 Sr:0.133333 Y:0.030000 Bi:0.133333,cuprate,4,1,Bi2Sr2Ca0.55Y0.45Cu2O8,22.1,46.2,54.9,14.52
O:0.576271 Cu:0.141243 La:0.282486,cuprate,4,1,La2Cu1O4.08,30,37,45,7.36546
Fe:0.370000 Co:0.030000 As:0.400000 Ba:0.200000,iron-based,4,1,Ba1Fe1.85Co0.15As2,21.4,23.85,25,1.70367
O:0.533333 Cu:0.266667 Y:0.026667 Ba:0.133333 Pr:0.040000,cuprate,4,1,Y0.4Pr0.6Ba2Cu4O8,32,39.5,40.5,3.966
Se:0.500000 Ta:0.250000 Pb:0.250000,other,4,1,Pb1Ta1Se2,3.38,3.75,3.9,0.225315
O:0.537394 Cu:0.231303 Y:0.077101 Ba:0.154202,cuprate,4,1,Y1Ba2Cu3O6.97,89.5,90.6,91.6,1.03078
O:0.533333 Fe:0.002667 Cu:0.264000 Y:0.066667 Ba:0.133333,cuprate,4,1,Y1Ba2Cu3.96Fe0.04O8,59,64.675,73,5.76677
O:0.538462 Fe:0.003462 Cu:0.227308 Y:0.076923 Ba:0.153846,cuprate,4,1,Y1Ba2Cu2.955Fe0.045O7,59,78.3,86.7,12.2519
Zr:0.333333 Mo:0.666667,other,4,1,Mo2Zr1,0.125,4.42,4.75,2.21138
Sb:0.400000 Te:0.600000,other,4,1,Sb2Te3,4.3,6.585,7.24,1.32696
O:0.538106 Cu:0.230947 Y:0.076982 Ba:0.153965,cuprate,4,1,Y1Ba2Cu3O6.99,87.8,90.7,92.3,1.96023
O:0.533333 Cu:0.266667 Y:0.060000 Ba:0.133333 Pr:0.006667,cuprate,4,1,Y0.9Pr0.1Ba2Cu4O8,66,73.55,75,4.16363
O:0.538259 Ca:0.065963 Cu:0.131926 Sr:0.131926 Bi:0.131926,cuprate,4,1,Bi2Sr2Ca1Cu2O8.16,85,89.35,92.8,4.20585
Fe:0.371200 Ni:0.028800 As:0.400000 Ba:0.200000,iron-based,4,1,Ba1Fe1.856Ni0.144As2,5.1,6.07,7.5,0.990404
O:0.533333 Cu:0.266667 Y:0.040000 Ba:0.133333 Pr:0.026667,cuprate,4,1,Y0.6Pr0.4Ba2Cu4O8,49,56,60,4.85627
O:0.538462 Cu:0.230769 Ba:0.153846 La:0.076923,cuprate,4,2,La2Ba4Cu6O14; La1Ba2Cu3O7,48,90.8,93,21.8134
Si:0.333333 Ca:0.333333 Ga:0.333333,other,4,1,Ca1Ga1Si1,4.05,4.25,4.4,0.149304
Al:0.125000 Nb:0.750000 Sn:0.125000,other,4,3,Al0.5Nb3Sn0.5; Nb3Sn0.5Al0.5; Nb3Al0.5Sn0.5,15.8,16.05,16.3,0.208167
Fe:0.500000 Se:0.150000 Te:0.350000,iron-based,4,2,Fe1Te0.7Se0.3; Fe1Se0.3Te0.7,12.9,14.1,14.8,0.853913
Ge:0.500000 Te:0.500000,other,4,1,Ge1Te1,0.08,0.191,0.25,0.072682
Ge:0.500000 Y:0.333333 Pd:0.166667,other,4,1,Y2Pd1Ge3,2.82,3.05,3.58,0.324705
Fe:0.368000 Co:0.032000 As:0.400000 Ba:0.200000,iron-based,4,1,Ba1Fe1.84Co0.16As2,21.5,21.9,26.3,2.27596
Se:0.571429 Nb:0.428571,other,4,1,Nb3Se4,1.61,1.925,2.31,0.292959
Zr:0.250000 Nb:0.750000,other,4,1,Nb0.75Zr0.25,10.6,10.75,11,0.170783
Se:0.600000 Bi:0.400000,other,4,1,Bi2Se3,2.42,6.935,8.2,2.54008
O:0.533333 Cu:0.266667 Ba:0.133333 Eu:0.066667,cuprate,4,1,Eu1Ba2Cu4O8,67,69.7,74,2.9676
O:0.533333 Cu:0.266667 Ba:0.133333 Er:0.066667,cuprate,4,1,Er1Ba2Cu4O8,77.8,78.15,80,1.00457
As:0.400000 Ba:0.200000 Pt:0.400000,other,4,1,Ba1Pt2As2,1.52,1.865,3.8,1.06014
Se:0.500000 Ag:0.250000 Sn:0.250000,other,4,1,Ag1Sn1Se2,4.55,4.68,4.71,0.0732575
Al:0.896861 V:0.089686 Ga:0.013453,other,4,1,Ga0.3V2Al20,1.43,1.52,1.6,0.0713559
Fe:0.381600 Ni:0.018400 As:0.400000 Ba:0.200000,iron-based,4,1,Ba1Fe1.908Ni0.092As2,17.8,18.65,19.3,0.648074
O:0.533333 Na:0.006667 Ca:0.060000 Cu:0.133333 Sr:0.133333 Bi:0.133333,cuprate,4,1,Bi2Sr2Ca0.9Na0.1Cu2O8,51,67,81,12.5897
Fe:0.500000 Se:0.125000 Te:0.375000,iron-based,4,1,Fe1Se0.25Te0.75,12,13.45,14,0.880814
Al:0.240000 Nb:0.760000,other,4,1,Al0.24Nb0.76,3.9,12,18.7,7.25787
Fe:0.500000 Se:0.050000 Te:0.450000,iron-based,4,2,Fe1Se0.1Te0.9; Fe1Te0.9Se0.1,9.1,9.8,11,0.805709
Al:0.250000 La:0.750000,other,4,2,Al0.25La0.75; Al1La3,3.98,5.9,6.16,1.01408
Zr:0.750000 Nb:0.250000,other,4,2,Nb0.25Zr0.75; Nb25Zr75,8.3,8.45,10.45,1.03471
Sc:0.250000 Pd:0.500000 Sn:0.250000,other,4,2,Pd2Sc1Sn1; Sc1Pd2Sn1,2,2.1,2.29,0.1279
Al:0.250000 Pd:0.500000 Hf:0.250000,other,4,2,Pd2Hf1Al1; Hf1Pd2Al1,3.4,3.605,3.8,0.169386
Si:0.360000 Cu:0.400000 Ge:0.040000 Ce:0.200000,other,4,1,Ce1Cu2Si1.8Ge0.2,0.12,0.17,0.21,0.0403113
Al:0.333333 Si:0.333333 Sr:0.333333,other,4,1,Sr1Al1Si1,4.2,4.85,5.1,0.404145
O:0.538462 Cu:0.230769 Ba:0.153846 Pr:0.015385 Yb:0.061538,cuprate,4,1,Yb0.8Pr0.2Ba2Cu3O7,82.4,83.25,84,0.713559
O:0.534523 Cu:0.232739 Y:0.077580 Ba:0.155159,cuprate,4,1,Y1Ba2Cu3O6.89,64.7,91.4,92.1,13.4796
O:0.534161 Cu:0.232919 Y:0.077640 Ba:0.155280,cuprate,4,1,Y1Ba2Cu3O6.88,82,91.05,92,4.71902
Ga:0.200000 Nb:0.800000,other,4,2,Ga0.2Nb0.8; Ga20Nb80,15.2,15.35,18.2,1.4523
Sb:0.705882 La:0.058824 Os:0.235294,other,4,1,La1Os4Sb12,0.74,0.7455,1,0.128246
O:0.538462 Cu:0.230769 Ba:0.153846 Pr:0.015385 Nd:0.061538,cuprate,4,1,Nd0.8Pr0.2Ba2Cu3O7,25.8,36.15,49,10.2601
Fe:0.400000 As:0.400000 Cs:0.200000,iron-based,4,1,Cs1Fe2As2,1.8,1.96,2.6,0.375322
O:0.538462 Cu:0.230769 Ba:0.153846 Pr:0.015385 Lu:0.061538,cuprate,4,1,Lu0.8Pr0.2Ba2Cu3O7,75.2,79.5,86.8,4.83149
O:0.533333 Ni:0.001333 Cu:0.265333 Y:0.066667 Ba:0.133333,cuprate,4,1,Y1Ba2Cu3.98Ni0.02O8,63.1,69.075,74,4.74278
O:0.533333 Na:0.020000 Ca:0.046667 Cu:0.133333 Sr:0.133333 Bi:0.133333,cuprate,4,1,Bi2Sr2Ca0.7Na0.3Cu2O8,54,69,86,13.3853
Se:0.428571 Mo:0.428571 Tl:0.142857,other,4,1,Tl2Mo6Se6,2.6,4.6,6.5,1.62558
O:0.533333 Na:0.013333 Ca:0.053333 Cu:0.133333 Sr:0.133333 Bi:0.133333,cuprate,4,1,Bi2Sr2Ca0.8Na0.2Cu2O8,53,69.75,83,12.6647
Ga:0.666667 Au:0.333333,other,4,1,Au1Ga2,1.12,1.145,1.9,0.38187
Co:0.666667 Ce:0.333333,other,4,1,Ce1Co2,0.82,1.065,1.5,0.33738
O:0.538462 Cu:0.230769 Ba:0.130769 Nd:0.100000,cuprate,4,1,Nd1.3Ba1.7Cu3O7,33.8,36.8,69,16.7948
Co:0.200000 Sn:0.650000 La:0.150000,other,4,1,La3Co4Sn13,1.95,2.45,2.85,0.421307
Cu:0.142857 Se:0.571429 Rh:0.285714,other,4,1,Cu1Rh2Se4,3.38,3.485,3.5,0.0556028
O:0.533333 Ca:0.060000 Cu:0.133333 Sr:0.133333 Y:0.006667 Bi:0.133333,cuprate,4,1,Bi2Sr2Ca0.9Y0.1Cu2O8,76,79.25,84,3.77216
B:0.200000 N:0.300000 Ni:0.200000 La:0.300000,other,4,1,La3Ni2B2N3,11.73,12.75,14.9,1.38428
O:0.538462 Cu:0.216923 Zn:0.013846 Y:0.076923 Ba:0.153846,cuprate,4,1,Y1Ba2Cu2.82Zn0.18O7,32,36.7,46.18,6.11087
O:0.538462 Ca:0.076923 Cu:0.153846 Ba:0.153846 Tl:0.076923,cuprate,4,1,Tl1Ba2Ca1Cu2O7,80,86.8,93,6.79877
H:0.360111 O:0.457064 Na:0.044321 Co:0.138504,other,4,1,Na0.32Co1H2.6O3.3,2.1,2.8,3.6,0.634429
O:0.538462 Ca:0.038462 Cu:0.192308 Sr:0.153846 Y:0.038462 Pb:0.038462,cuprate,4,2,Pb0.5Sr2Ca0.5Y0.5Cu2.5O7; Pb0.5Cu0.5Sr2Y0.5Ca0.5Cu2O7,20,36.5,65,18.735
O:0.533333 Ca:0.060000 Cu:0.133333 Sr:0.133333 Gd:0.006667 Bi:0.133333,cuprate,4,1,Bi2Sr2Ca0.9Gd0.1Cu2O8,61.5,76.65,90.9,12.313
O:0.538462 Ca:0.038462 Cu:0.153846 Sr:0.153846 Y:0.038462 Cd:0.038462 Pb:0.038462,cuprate,4,2,Pb0.5Cd0.5Sr2Y0.5Ca0.5Cu2O7; Pb0.5Cd0.5Sr2Ca0.5Y0.5Cu2O7,22,64.25,70.5,22.37
Se:0.750000 Ta:0.250000,other,4,2,Se3Ta1; Ta1Se3,1.9,2.05,2.3,0.170783
B:0.250000 C:0.250000 Mo:0.500000,other,4,2,B1C1Mo2; Mo2B1C1,5.3,6.25,7.5,1.13835
S:0.571429 Cu:0.142857 Rh:0.285714,other,4,1,Cu1Rh2S4,4.7,4.735,4.8,0.0434933
As:1.000000,other,4,1,As1,0.2,2.2,2.7,1.12064
Fe:0.354400 Co:0.045600 As:0.400000 Ba:0.200000,iron-based,4,1,Ba1Fe1.772Co0.228As2,8.52,10.35,16.4,3.44598
As:0.705882 Ru:0.235294 Pr:0.058824,other,4,1,Pr1Ru4As12,2.3,2.365,2.5,0.0888351
O:0.538462 Ca:0.076923 Cu:0.230769 Ba:0.076923 Nd:0.076923,cuprate,4,2,Ca1Ba1Nd1Cu3O7; Nd1Ba1Ca1Cu3O7,33,41.5,59,11.5289
Au:0.666667 Pb:0.333333,other,4,1,Au2Pb1,1.18,1.25,6.95,2.86215
O:0.538462 Ca:0.076923 Cu:0.153846 Sr:0.153846 Tl:0.038462 Pb:0.038462,cuprate,4,2,Tl0.5Pb0.5Sr2Ca1Cu2O7; Tl0.5Pb0.5Ca1Sr2Cu2O7,78.4,83.25,85,3.01703
O:0.571429 Cu:0.142857 La:0.267143 Ce:0.018571,cuprate,3,1,La1.87Ce0.13Cu1O4,20,22,23.5,1.75594
O:0.538462 Cu:0.212308 Zn:0.018462 Y:0.076923 Ba:0.153846,cuprate,3,1,Y1Ba2Cu2.76Zn0.24O7,9.6,13,29.05,10.388
O:0.536680 Cu:0.231660 Y:0.061776 Ba:0.154440 Pr:0.015444,cuprate,3,1,Y0.8Pr0.2Ba2Cu3O6.95,58.5,73.3,74.6,8.94371
O:0.189189 Fe:0.270270 As:0.270270 Dy:0.270270,iron-based,3,1,Dy1Fe1As1O0.7,37,44,51.2,7.10023
O:0.125000 Ca:0.125000 Co:0.001250 Cu:0.248750 Sr:0.250000 Bi:0.250000,cuprate,3,1,Bi2Sr2Ca1Cu1.99Co0.01O,58.9,66.2,88.7,15.5327
O:0.125000 Ca:0.125000 Co:0.002500 Cu:0.247500 Sr:0.250000 Bi:0.250000,cuprate,3,1,Bi2Sr2Ca1Cu1.98Co0.02O,56.2,63.6,85.8,15.4043
O:0.571429 Cu:0.142857 La:0.142857 Ce:0.017143 Pr:0.125714,cuprate,3,1,Pr0.88La1Ce0.12Cu1O4,16,21,24,4.04145
O:0.125000 Ca:0.125000 Co:0.015000 Cu:0.235000 Sr:0.250000 Bi:0.250000,cuprate,3,1,Bi2Sr2Ca1Cu1.88Co0.12O,38.4,44.2,58,10.0684
O:0.536680 Cu:0.231660 Y:0.069498 Ba:0.154440 Pr:0.007722,cuprate,3,1,Y0.9Pr0.1Ba2Cu3O6.95,78.5,86,88.1,5.04678
O:0.538462 Cu:0.211538 Sr:0.153846 Y:0.076923 Mo:0.019231,cuprate,3,1,Mo0.25Sr2Y1Cu2.75O7,87,87.6,88,0.503322
O:0.538462 Cu:0.207692 Ga:0.023077 Y:0.076923 Ba:0.153846,cuprate,3,1,Y1Ba2Cu2.7Ga0.3O7,24.7,66,70,25.0791
O:0.166667 Cu:0.166667 Sr:0.325000 La:0.008333 Bi:0.333333,cuprate,3,1,Bi2Sr1.95La0.05Cu1O,13,14,18,2.64575
O:0.571429 Cu:0.142857 La:0.274286 Ce:0.011429,cuprate,3,1,La1.92Ce0.08Cu1O4,13.9,15,29,8.41843
B:0.666667 Mg:0.316667 Al:0.016667,other,3,1,Mg0.95Al0.05B2,36.3,36.5,36.6,0.152753
O:0.166667 Cu:0.166667 Sr:0.275000 La:0.058333 Pb:0.066667 Bi:0.266667,cuprate,3,1,Bi1.6Pb0.4Sr1.65La0.35Cu1O,26.85,40.3,43,8.65077
O:0.538462 Cu:0.230769 Ba:0.153846 Pr:0.015385 Ho:0.061538,cuprate,3,1,Ho0.8Pr0.2Ba2Cu3O7,74.1,75.6,79.5,2.78747
Al:0.190000 Ge:0.060000 Nb:0.750000,other,3,2,Nb0.75Al0.19Ge0.06; Nb3Al0.76Ge0.24,20,20.4,20.9,0.450925
Al:0.187500 Ge:0.062500 Nb:0.750000,other,3,3,Al0.75Ge0.25Nb3; Nb3Al0.75Ge0.25; Nb0.75Al0.1875Ge0.0625,19.8,20,20.2,0.2
O:0.536680 Cu:0.231660 Y:0.046332 Ba:0.154440 Pr:0.030888,cuprate,3,1,Y0.6Pr0.4Ba2Cu3O6.95,20.4,37,45.3,12.6785
O:0.200000 F:0.050000 Fe:0.250000 As:0.250000 La:0.250000,iron-based,3,1,La1Fe1As1F0.2O0.8,4.52,11.1,25,10.4558
Al:0.025000 Si:0.225000 V:0.750000,other,3,3,Al0.1Si0.9V3; V3Si0.9Al0.1; V0.75Si0.225Al0.025,13.5,14,16.1,1.37961
O:0.125000 Ca:0.103750 Cu:0.250000 Sr:0.250000 Pr:0.021250 Bi:0.250000,cuprate,3,1,Bi2Sr2Ca0.83Pr0.17Cu2O,51.6,84.2,84.3,18.8506
Sr:1.000000,other,3,1,Sr1,3.55,3.6,7,1.97758
O:0.573257 Cu:0.142248 La:0.284495,cuprate,3,1,La2Cu1O4.03,25.8,32,34,4.27551
B:0.660000 C:0.006667 Mg:0.333333,other,3,1,Mg1B1.98C0.02,37,37.2,38.4,0.757188
Al:0.225000 Ga:0.025000 Nb:0.750000,other,3,3,Al0.9Ga0.1Nb3; Nb0.75Al0.225Ga0.025; Nb3Al0.9Ga0.1,17.7,18.5,19.1,0.702377
O:0.220779 Fe:0.259740 As:0.259740 La:0.259740,iron-based,3,1,La1Fe1As1O0.85,24,25,28.3,2.25019
Ag:0.500000 La:0.500000,other,3,1,Ag1La1,0.96,1.06,1.2,0.120554
O:0.571429 Cu:0.142857 Ce:0.022857 Sm:0.262857,cuprate,3,1,Sm1.84Ce0.16Cu1O4,18.2,21,22.9,2.36432
O:0.538462 Cu:0.219231 Zn:0.011538 Ba:0.153846 Er:0.076923,cuprate,3,1,Er1Ba2Cu2.85Zn0.15O7,52.4,55,86,18.6937
O:0.538462 Cu:0.230769 Ba:0.153846 Pr:0.030769 Lu:0.046154,cuprate,3,1,Lu0.6Pr0.4Ba2Cu3O7,49,54,59.1,5.05008
O:0.571429 Ni:0.005714 Cu:0.137143 Sr:0.028571 La:0.257143,cuprate,3,1,La1.8Sr0.2Cu0.96Ni0.04O4,5.1,7,7.6,1.30512
O:0.538462 Cu:0.230769 Ba:0.153846 Pr:0.023077 Lu:0.053846,cuprate,3,1,Lu0.7Pr0.3Ba2Cu3O7,70,71,73.5,1.80278
Zr:0.970000 Rh:0.030000,other,3,1,Rh0.03Zr0.97,3.1,3.38,10.4,4.1362
O:0.538462 Cu:0.230769 Ba:0.153846 Pr:0.023077 Gd:0.053846,cuprate,3,1,Gd0.7Pr0.3Ba2Cu3O7,35,39.6,43.2,4.11015
O:0.571429 Ni:0.005714 Cu:0.137143 Sr:0.024286 La:0.261429,cuprate,3,1,La1.83Sr0.17Cu0.96Ni0.04O4,5.8,7.7,8.2,1.26623
O:0.125000 Ca:0.075000 Cu:0.250000 Sr:0.250000 Y:0.050000 Bi:0.250000,cuprate,3,1,Bi2Sr2Ca0.6Y0.4Cu2O,53.1,79,86,17.3312
O:0.125000 Ca:0.081250 Cu:0.250000 Sr:0.250000 Pr:0.043750 Bi:0.250000,cuprate,3,1,Bi2Sr2Ca0.65Pr0.35Cu2O,30,68.8,69.4,22.5764
O:0.536680 Cu:0.231660 Ba:0.154440 Sm:0.077220,cuprate,3,1,Sm1Ba2Cu3O6.95,79.4,90,95,7.96576
O:0.571429 Cu:0.142857 Ce:0.024286 Sm:0.261429,cuprate,3,1,Sm1.83Ce0.17Cu1O4,12,18.3,21.4,4.78992
O:0.571429 Ni:0.004286 Cu:0.138571 Sr:0.028571 La:0.257143,cuprate,3,1,La1.8Sr0.2Cu0.97Ni0.03O4,10.9,11.1,17.22,3.59251
O:0.571429 Cu:0.142857 Ce:0.025714 Sm:0.260000,cuprate,3,1,Sm1.82Ce0.18Cu1O4,8.8,16.8,18.8,5.2915
O:0.125000 Ca:0.090000 Cu:0.250000 Sr:0.250000 Pr:0.035000 Bi:0.250000,cuprate,3,1,Bi2Sr2Ca0.72Pr0.28Cu2O,54.3,72.4,73,10.6275
O:0.205000 F:0.045000 Fe:0.250000 As:0.250000 Nd:0.250000,iron-based,3,1,Nd1Fe1As1F0.18O0.82,47,50,52,2.51661
O:0.538462 Cu:0.226154 Ga:0.004615 Y:0.076923 Ba:0.153846,cuprate,3,1,Y1Ba2Cu2.94Ga0.06O7,86.9,87,87.99,0.602522
Zr:0.940000 Rh:0.060000,other,3,1,Rh0.06Zr0.94,5.75,5.9,5.95,0.104083
O:0.538462 Cu:0.230769 Ba:0.153846 Pr:0.011538 Gd:0.065385,cuprate,3,1,Gd0.85Pr0.15Ba2Cu3O7,55,63,67.9,6.51178
O:0.166667 Cu:0.166667 Sr:0.275000 La:0.058333 Bi:0.333333,cuprate,3,1,Bi2Sr1.65La0.35Cu1O,26.95,29.35,32.5,2.78343
O:0.538462 Ca:0.015385 Cu:0.230769 Y:0.046154 Ba:0.153846 Pr:0.015385,cuprate,3,2,Y0.6Pr0.2Ca0.2Ba2Cu3O7; Y0.6Ca0.2Pr0.2Ba2Cu3O7,29.9,67.1,71.2,22.7535
O:0.538462 Cu:0.229231 Zn:0.001538 Y:0.076923 Ba:0.153846,cuprate,3,1,Y1Ba2Cu2.98Zn0.02O7,84.7,84.8,85,0.152753
B:1.000000,other,3,2,B1; B105,1.5,6,11,4.75219
Te:0.666667 Ir:0.316667 Pt:0.016667,other,3,1,Ir0.95Pt0.05Te2,2.29,2.84,2.92,0.342977
Al:0.125000 Ge:0.125000 Nb:0.750000,other,3,1,Nb3Al0.5Ge0.5,12.6,15.9,17.4,2.45561
O:0.571429 Cu:0.142857 Sr:0.026857 La:0.258857,cuprate,3,1,La1.812Sr0.188Cu1O4,31.7,33,34.4,1.35031
O:0.142857 Cu:0.414286 Zn:0.014286 Y:0.142857 Ba:0.285714,cuprate,3,1,Y1Ba2Cu2.9Zn0.1O,54.3,57.6,58,2.0306
O:0.538462 Cu:0.230769 Ba:0.138462 Nd:0.092308,cuprate,3,1,Nd1.2Ba1.8Cu3O7,48.8,56,56.5,4.30852
O:0.571429 Cu:0.142857 Sr:0.027143 La:0.258571,cuprate,3,1,La1.81Sr0.19Cu1O4,29.1,32,32.1,1.70392
O:0.571429 Cu:0.142857 Sr:0.028571 La:0.200000 Nd:0.057143,cuprate,3,1,La1.4Nd0.4Sr0.2Cu1O4,13.9,17.7,21.7,3.90043
O:0.142857 Cu:0.400000 Zn:0.028571 Y:0.142857 Ba:0.285714,cuprate,3,1,Y1Ba2Cu2.8Zn0.2O,50,51.7,56.5,3.37095
O:0.571429 Cu:0.142857 Sr:0.032143 La:0.253571,cuprate,3,1,La1.775Sr0.225Cu1O4,20,23,35.5,8.22091
O:0.125000 Cu:0.250000 Sr:0.250000 Ru:0.125000 Ce:0.075000 Gd:0.175000,cuprate,3,1,Ru1Sr2Gd1.4Ce0.6Cu2O,20,25,40,10.4083
O:0.126582 Ca:0.139241 Cu:0.253165 Sr:0.215190 Bi:0.265823,cuprate,3,1,Bi2.1Sr1.7Ca1.1Cu2O,80,85.5,94,7.05337
O:0.142857 Co:0.042857 Cu:0.385714 Y:0.142857 Ba:0.285714,cuprate,3,1,Y1Ba2Cu2.7Co0.3O,23.2,50,52.6,16.2755
Be:0.956522 Re:0.043478,other,3,1,Be22Re1,9.33,9.55,9.65,0.163707
O:0.142857 Co:0.014286 Cu:0.414286 Y:0.142857 Ba:0.285714,cuprate,3,1,Y1Ba2Cu2.9Co0.1O,70,88,88.6,10.5698
O:0.538462 Ca:0.015385 Cu:0.230769 Y:0.061538 Ba:0.153846,cuprate,3,1,Y0.8Ca0.2Ba2Cu3O7,71.6,72.9,84.6,7.15984
O:0.142857 Co:0.007143 Cu:0.421429 Y:0.142857 Ba:0.285714,cuprate,3,1,Y1Ba2Cu2.95Co0.05O,84,86.1,92.2,4.2595
O:0.571429 Cu:0.142857 Sr:0.038571 La:0.247143,cuprate,3,1,La1.73Sr0.27Cu1O4,4,12,21,8.5049
O:0.571429 Cu:0.142857 Sr:0.142857 Y:0.071429 Mo:0.071429,cuprate,3,1,Mo1Sr2Y1Cu2O8,21,22,39.8,10.5773
O:0.142857 Ca:0.142857 Cu:0.428571 Ba:0.142857 La:0.142857,cuprate,3,2,La1Ba1Ca1Cu3O; Ca1La1Ba1Cu3O,79.1,80,80.1,0.550757
O:0.571429 Cu:0.142857 Sr:0.142857 Ru:0.057143 Sn:0.014286 Gd:0.071429,cuprate,3,1,Ru0.8Sn0.2Sr2Gd1Cu2O8,38.2,48,48.1,5.68712
O:0.125313 Ca:0.137845 Cu:0.250627 Sr:0.219298 Pb:0.047619 Bi:0.219298,cuprate,3,1,Pb0.38Bi1.75Sr1.75Ca1.1Cu2O,71.5,87,89,9.57862
O:0.142857 Cu:0.428571 Sr:0.214286 Y:0.142857 Ba:0.071429,cuprate,3,1,Y1Ba0.5Sr1.5Cu3O,75,78,80,2.51661
O:0.538462 Cu:0.230769 Ba:0.153846 Pr:0.015385 Dy:0.061538,cuprate,3,1,Dy0.8Pr0.2Ba2Cu3O7,66.7,69.1,72,2.65393
O:0.571429 Cu:0.142857 Sr:0.016714 La:0.269000,cuprate,3,1,La1.883Sr0.117Cu1O4,28.6,31.6,34.4,2.90057
O:0.571429 Cu:0.142857 Sr:0.010000 La:0.275714,cuprate,3,1,La1.93Sr0.07Cu1O4,14.7,15.4,19,2.30723
B:0.666667 Mg:0.323333 Fe:0.010000,other,3,1,Mg0.97Fe0.03B2,30,32.9,36,3.00056
Ti:0.700000 V:0.300000,other,3,1,Ti0.7V0.3,6.14,6.25,7,0.46801
Al:0.050000 Si:0.200000 V:0.750000,other,3,3,Al0.2Si0.8V3; V3Si0.8Al0.2; V0.75Si0.2Al0.05,11.8,14,15.7,1.95533
O:0.125000 Ca:0.125000 Cu:0.250000 Sr:0.237500 Ba:0.012500 Bi:0.250000,cuprate,3,1,Bi2Sr1.9Ba0.1Ca1Cu2O,82.2,82.6,87.7,3.06649
O:0.571429 Cu:0.142857 Sr:0.014286 La:0.214286 Nd:0.057143,cuprate,3,1,La1.5Nd0.4Sr0.1Cu1O4,6.62,9.1,11,2.19639
O:0.538462 Cu:0.230769 Ba:0.153846 Pr:0.007692 Gd:0.069231,cuprate,3,1,Gd0.9Pr0.1Ba2Cu3O7,67.1,73.5,76,4.59021
O:0.571429 Ni:0.002143 Cu:0.140714 Sr:0.021429 La:0.264286,cuprate,3,1,La1.85Sr0.15Cu0.985Ni0.015O4,25.5,25.9,31.7,3.46987
O:0.571429 Cu:0.142857 Sr:0.015714 La:0.270000,cuprate,3,1,La1.89Sr0.11Cu1O4,10,24.5,29.3,10.0481
O:0.142857 K:0.007143 Cu:0.428571 Y:0.142857 Ba:0.278571,cuprate,3,1,Y1Ba1.95K0.05Cu3O,83,86,91.4,4.25676
O:0.125000 Ca:0.125000 Cu:0.250000 Sr:0.243750 Ba:0.006250 Bi:0.250000,cuprate,3,1,Bi2Sr1.95Ba0.05Ca1Cu2O,78.6,80,88.3,5.24309
O:0.571429 Ni:0.001000 Cu:0.141857 Ce:0.021429 Nd:0.264286,cuprate,3,1,Nd1.85Ce0.15Cu0.993Ni0.007O4,5.5,5.6,8,1.41539
O:0.571429 Ni:0.001429 Cu:0.141429 Sr:0.028571 La:0.257143,cuprate,3,1,La1.8Sr0.2Cu0.99Ni0.01O4,23.4,24.5,28.26,2.54844
O:0.538462 Ca:0.076923 Cu:0.153846 Sr:0.153846 Mo:0.015385 Tl:0.061538,cuprate,3,1,Tl0.8Mo0.2Sr2Ca1Cu2O7,24,40,86,32.187
Ti:0.326797 Cu:0.019608 Se:0.653595,other,3,1,Cu0.06Ti1Se2,2.3,2.39,2.5,0.100167
O:0.125000 Cu:0.250000 Sr:0.250000 Ce:0.062500 Gd:0.187500 Re:0.031250 Hg:0.093750,cuprate,3,1,Hg0.75Re0.25Sr2Gd1.5Ce0.5Cu2O,39,50,70,15.7162
O:0.538462 Al:0.009231 Cu:0.221538 Y:0.076923 Ba:0.153846,cuprate,3,1,Y1Ba2Cu2.88Al0.12O7,51,68.6,78,13.706
O:0.125000 Cu:0.250000 Sr:0.250000 Ce:0.062500 Gd:0.187500 W:0.031250 Hg:0.093750,cuprate,3,1,Hg0.75W0.25Sr2Gd1.5Ce0.5Cu2O,15.6,61.5,75,31.1379
Ti:0.322581 Cu:0.032258 Se:0.645161,other,3,1,Cu0.1Ti1Se2,2.68,3.02,3.9,0.629603
O:0.142857 Cu:0.428571 Y:0.142857 Ba:0.242857 La:0.042857,cuprate,3,1,Y1Ba1.7La0.3Cu3O,65.6,73,83.2,8.83704
O:0.538462 Al:0.013846 Cu:0.216923 Y:0.076923 Ba:0.153846,cuprate,3,1,Y1Ba2Cu2.82Al0.18O7,20,66,72.1,28.4828
O:0.571429 Cu:0.142857 Sr:0.021429 La:0.258571 Ho:0.005714,cuprate,3,2,La1.81Ho0.04Sr0.15Cu1O4; La1.81Sr0.15Ho0.04Cu1O4,30.8,32,32.5,0.873689
O:0.533333 Ca:0.048000 Cu:0.133333 Sr:0.133333 Y:0.018667 Bi:0.133333,cuprate,3,1,Bi2Sr2Ca0.72Y0.28Cu2O8,81,91,91.5,5.92312
O:0.237500 F:0.012500 P:0.250000 Fe:0.250000 La:0.250000,other,3,1,La1Fe1P1F0.05O0.95,6.7,6.93,8,0.693758
O:0.571429 Cu:0.142857 Ce:0.021429 Eu:0.264286,cuprate,3,1,Eu1.85Ce0.15Cu1O4,7.5,8,10,1.32288
O:0.533333 Ca:0.066667 Cu:0.133333 Ba:0.133333 Hg:0.100000 Pb:0.033333,cuprate,3,1,Hg1.5Pb0.5Ba2Ca1Cu2O8,43,55.3,60,8.77857
O:0.533333 Ca:0.066667 Cu:0.133333 Sr:0.126667 Bi:0.140000,cuprate,3,1,Bi2.1Sr1.9Ca1Cu2O8,71.5,85,90.5,9.77667
O:0.533333 Ca:0.080000 Cu:0.133333 Sr:0.120000 Bi:0.133333,cuprate,3,1,Bi2Sr1.8Ca1.2Cu2O8,68.4,79.5,79.8,6.49692
W:0.250000 Re:0.750000,other,3,1,Re3W1,7.8,9,9.4,0.832666
B:0.333333 C:0.166667 Ni:0.333333 Dy:0.066667 Ho:0.100000,other,3,1,Ho0.6Dy0.4Ni2B2C1,5.92,6,6.02,0.052915
O:0.533333 Ca:0.100000 Cu:0.133333 Sr:0.100000 Bi:0.133333,cuprate,3,1,Bi4Ca3Sr3Cu4O16,84.5,86.5,93.5,4.72582
O:0.533333 Co:0.002667 Cu:0.264000 Y:0.066667 Ba:0.133333,cuprate,3,1,Y1Ba2Cu3.96Co0.04O8,57.9,62.5,68.5,5.31539
O:0.533333 Co:0.005333 Cu:0.261333 Y:0.066667 Ba:0.133333,cuprate,3,1,Y1Ba2Cu3.92Co0.08O8,36.2,50.6,63.75,13.7797
O:0.525316 Cu:0.237342 Y:0.079114 Ba:0.158228,cuprate,3,1,Y1Ba2Cu3O6.64,56.65,59.7,62.25,2.80372
Zr:0.125000 Nb:0.750000 Sn:0.125000,other,3,2,Nb0.75Sn0.125Zr0.125; Nb3Sn0.5Zr0.5,16.5,16.7,16.7,0.11547
O:0.523560 Ca:0.104712 Cu:0.157068 Sr:0.104712 Pb:0.015707 Bi:0.094241,cuprate,3,1,Bi1.8Pb0.3Sr2Ca2Cu3O10,107,108,109,1
O:0.541985 Cu:0.229008 Y:0.076336 Ba:0.129771 La:0.022901,cuprate,3,1,Y1Ba1.7La0.3Cu3O7.1,60,80,80.5,11.694
O:0.523242 Cu:0.119190 Ba:0.238379 Hg:0.119190,cuprate,3,1,Hg1Ba2Cu1O4.39,22,24.6,26,2.02978
O:0.523052 Cu:0.238474 Y:0.079491 Ba:0.158983,cuprate,3,1,Y1Ba2Cu3O6.58,43.5,56.3,57.4,7.72722
B:0.333333 C:0.166667 Ni:0.333333 Tb:0.033333 Er:0.133333,other,3,2,Tb0.2Er0.8Ni2B2C1; Er0.8Tb0.2Ni2B2C1,3.7,4.8,7.1,1.73494
As:0.400000 Sr:0.200000 Pt:0.400000,other,3,1,Sr1Pt2As2,4.6,5.2,5.45,0.436845
Ag:0.100000 Sn:0.400000 Te:0.500000,other,3,1,Sn0.8Ag0.2Te1,1.2,2.1,2.29,0.582266
O:0.545455 Ca:0.104545 Cu:0.181818 La:0.168182,cuprate,3,1,La1.85Ca1.15Cu2O6,28,45.5,48,10.8972
O:0.545455 Ca:0.107273 Cu:0.181818 La:0.165455,cuprate,3,1,La1.82Ca1.18Cu2O6,50,52,55,2.51661
O:0.518519 Cu:0.259259 Y:0.074074 Ba:0.148148,cuprate,3,1,Y2Ba4Cu7O14,30,94.2,94.8,37.2403
O:0.545455 Ca:0.136364 Cu:0.227273 Ba:0.090909,cuprate,3,2,Cu5Ba2Ca3O12; Ba2Ca3Cu5O12,116,116.3,117.5,0.793725
As:0.333333 Zr:0.333333 Ru:0.333333,other,3,1,Zr1Ru1As1,3.2,11.05,11.9,4.79644
O:0.516908 Cu:0.120773 Ba:0.241546 Hg:0.120773,cuprate,3,1,Hg1Ba2Cu1O4.28,80,87,88,4.3589
B:0.333333 C:0.166667 Ni:0.333333 Y:0.150000 Gd:0.016667,other,3,1,Y0.9Gd0.1Ni2B2C1,11.2,12.3,12.5,0.7
O:0.514170 Cu:0.242915 Y:0.080972 Ba:0.161943,cuprate,3,1,Y1Ba2Cu3O6.35,8.9,15,20,5.55908
O:0.545455 Cu:0.090909 Sr:0.124545 La:0.048182 Bi:0.190909,cuprate,3,1,Bi2.1Sr1.37La0.53Cu1O6,12.3,17.1,18.1,3.10054
O:0.545455 Cu:0.090909 Sr:0.136364 La:0.045455 Bi:0.181818,cuprate,3,1,Bi2Sr1.5La0.5Cu1O6,21,28,30.8,5.04777
O:0.545455 Cu:0.090909 Sr:0.140909 La:0.031818 Bi:0.190909,cuprate,3,1,Bi2.1Sr1.55La0.35Cu1O6,5.95,8,12,3.07693
O:0.111111 Ca:0.111111 Cu:0.222222 Sr:0.222222 I:0.111111 Bi:0.222222,cuprate,3,2,I1Bi2Sr2Ca1Cu2O; Bi2Sr2Ca1Cu2I1O,50.7,65,81.5,15.4131
O:0.511600 Cu:0.122100 Ba:0.244200 Hg:0.122100,cuprate,3,1,Hg1Ba2Cu1O4.19,70,83,95,12.5033
O:0.533333 Ca:0.066667 Cu:0.133333 Sr:0.120000 Bi:0.146667,cuprate,3,1,Bi2.2Sr1.8Ca1Cu2O8,80.5,83.5,92,5.96518
O:0.540984 Ca:0.065574 Cu:0.131148 Sr:0.131148 Bi:0.131148,cuprate,3,1,Bi2Sr2Ca1Cu2O8.25,68.2,89,92,12.962
O:0.509804 Ca:0.081699 Cu:0.163399 Ba:0.163399 Hg:0.081699,cuprate,3,1,Hg1Ba2Ca1Cu2O6.24,121,122,126,2.64575
W:0.400000 Re:0.600000,other,3,1,Re0.6W0.4,4.9,6,9.7,2.51462
O:0.533333 Ca:0.046667 Cu:0.133333 Sr:0.133333 Gd:0.020000 Bi:0.133333,cuprate,3,1,Bi2Sr2Ca0.7Gd0.3Cu2O8,31.1,48,71.5,20.2897
O:0.533333 Ca:0.043333 Cu:0.133333 Sr:0.133333 Y:0.023333 Bi:0.133333,cuprate,3,1,Bi2Sr2Ca0.65Y0.35Cu2O8,45.2,79.6,80,19.9773
Y:0.333333 Ru:0.666667,other,3,1,Ru2Y1,1.52,2.42,2.75,0.636632
O:0.533333 Ca:0.040000 Cu:0.133333 Sr:0.133333 Gd:0.026667 Bi:0.133333,cuprate,3,1,Bi2Sr2Ca0.6Gd0.4Cu2O8,13.3,30,61.1,24.2588
O:0.533333 Ca:0.050000 Cu:0.133333 Y:0.016667 Ba:0.133333 Tl:0.133333,cuprate,3,1,Tl2Ba2Ca0.75Y0.25Cu2O8,54.8,58,73.2,9.83056
O:0.533333 Ca:0.052667 Cu:0.133333 Sr:0.133333 Y:0.014000 Bi:0.133333,cuprate,3,1,Bi2Sr2Ca0.79Y0.21Cu2O8,77,89.4,90,7.33848
O:0.538462 Mn:0.011538 Cu:0.219231 Y:0.076923 Ba:0.153846,cuprate,3,1,Y1Ba2Cu2.85Mn0.15O7,82,89.37,91.1,4.83253
Y:0.333333 Pt:0.333333 Bi:0.333333,other,3,1,Y1Pt1Bi1,0.77,0.97,0.98,0.118462
O:0.538462 Ni:0.007692 Cu:0.223077 Y:0.076923 Ba:0.153846,cuprate,3,1,Y1Ba2Cu2.9Ni0.1O7,80.3,81.5,83,1.35277
O:0.533333 Ca:0.053333 Cu:0.133333 Sr:0.133333 Ce:0.013333 Bi:0.133333,cuprate,3,1,Bi2Sr2Ca0.8Ce0.2Cu2O8,17,25,81,34.8712
O:0.533333 Ca:0.053333 Cu:0.133333 Sr:0.133333 Gd:0.013333 Bi:0.133333,cuprate,3,1,Bi2Sr2Ca0.8Gd0.2Cu2O8,47,73,86.1,19.9015
O:0.533074 Cu:0.233463 Ba:0.155642 Sm:0.077821,cuprate,3,1,Sm1Ba2Cu3O6.85,54.7,90.4,92.8,21.338
O:0.538462 Ni:0.019231 Cu:0.211538 Y:0.076923 Ba:0.153846,cuprate,3,1,Y1Ba2Cu2.75Ni0.25O7,54,63.9,73.8,9.9
O:0.532710 Cu:0.233645 Y:0.077882 Ba:0.155763,cuprate,3,1,Y1Ba2Cu3O6.84,67,88.85,91,13.2793
O:0.532346 Cu:0.233827 Y:0.077942 Ba:0.155885,cuprate,3,1,Y1Ba2Cu3O6.83,89.3,90,92,1.40119
O:0.539171 Ca:0.065833 Cu:0.131666 Sr:0.131666 Bi:0.131666,cuprate,3,1,Bi2Sr2Ca1Cu2O8.19,87.1,88,92.7,3.00721
O:0.530516 Ca:0.023474 Cu:0.234742 Sr:0.031299 Ba:0.125196 Yb:0.054773,cuprate,3,1,Yb0.7Ca0.3Ba1.6Sr0.4Cu3O6.78,24.4,40.7,44.6,10.7156
O:0.530149 Cu:0.234926 Y:0.078309 Ba:0.156617,cuprate,3,1,Y1Ba2Cu3O6.77,75,80,86.2,5.6107
O:0.533333 Ca:0.053333 Cu:0.133333 Y:0.013333 Ba:0.133333 Tl:0.133333,cuprate,3,1,Tl2Ba2Ca0.8Y0.2Cu2O8,74,77.7,85,5.59732
O:0.533333 Ca:0.060000 Cu:0.133333 Sr:0.133333 Ce:0.006667 Bi:0.133333,cuprate,3,1,Bi2Sr2Ca0.9Ce0.1Cu2O8,52,75.455,90,19.1733
O:0.529412 Ca:0.141176 Cu:0.176471 Sr:0.094118 Tl:0.029412 Pb:0.029412,cuprate,3,1,Tl0.5Pb0.5Sr1.6Ca2.4Cu3O9,113,117,124,5.56776
O:0.529412 Ca:0.117647 Cu:0.176471 Sr:0.070588 Ba:0.047059 Tl:0.058824,cuprate,3,1,Tl1Ba0.8Sr1.2Ca2Cu3O9,95,98,115,10.7858
O:0.540079 Ca:0.065703 Cu:0.131406 Sr:0.131406 Bi:0.131406,cuprate,3,1,Bi2Sr2Ca1Cu2O8.22,77.6,78.5,82,2.32451
B:0.333333 C:0.166667 Ni:0.333333 Dy:0.016667 Ho:0.150000,other,3,1,Ho0.9Dy0.1Ni2B2C1,8,8.15,8.2,0.104083
O:0.538462 Fe:0.023077 Cu:0.207692 Ba:0.153846 Gd:0.076923,cuprate,3,1,Gd1Ba2Cu2.7Fe0.3O7,2.9,11,29,13.3593
O:0.538462 Fe:0.017308 Cu:0.213462 Y:0.076923 Ba:0.153846,cuprate,3,1,Y1Ba2Cu2.775Fe0.225O7,57.6,59,63,2.80238
O:0.527931 Cu:0.236035 Y:0.078678 Ba:0.157356,cuprate,3,1,Y1Ba2Cu3O6.71,59,59.6,67.3,4.62853
O:0.540582 Ca:0.007657 Cu:0.229709 Ba:0.126340 La:0.095712,cuprate,3,3,La1.25Ca0.1Ba1.65Cu3O7.06; Ca0.1La1.25Ba1.65Cu3O7.06; Ca0.1Ba1.65La1.25Cu3O7.06,38,38.8,41.9,2.05994
O:0.540682 Ca:0.065617 Cu:0.131234 Sr:0.131234 Bi:0.131234,cuprate,3,1,Bi2Sr2Ca1Cu2O8.24,71.1,80,88,8.45399
As:0.250000 Nb:0.750000,other,3,1,As1Nb3,0.25,0.31,6.5,3.59124
O:0.538462 Fe:0.005769 Cu:0.225000 Y:0.076923 Ba:0.153846,cuprate,3,1,Y1Ba2Cu2.925Fe0.075O7,80,86.4,88,4.2332
O:0.571429 Cu:0.142857 Ce:0.020000 Nd:0.265714,cuprate,3,1,Nd1.86Ce0.14Cu1O4,21.7,22,22.9,0.6245
O:0.285714 Na:0.017143 Cl:0.285714 Ca:0.268571 Cu:0.142857,cuprate,3,1,Ca1.88Na0.12Cu1Cl2O2,7.2,16.8,18.4,6.0575
O:0.285714 Na:0.014286 Cl:0.285714 Ca:0.271429 Cu:0.142857,cuprate,3,1,Ca1.9Na0.1Cu1Cl2O2,8,13,26,9.29157
O:0.533333 K:0.026667 Ca:0.066667 Cu:0.133333 Sr:0.106667 Bi:0.133333,cuprate,3,1,Bi2Sr1.6K0.4Ca1Cu2O8,64,73,78,7.0946
O:0.285714 F:0.285714 Cu:0.142857 Sr:0.285714,cuprate,3,1,Sr2Cu1F2O2,40,46,47,3.78594
O:0.250000 P:0.250000 Fe:0.250000 Pr:0.250000,other,3,1,Pr1Fe1P1O1,3.2,3.6,3.96,0.380175
O:0.571429 Cu:0.141429 Zn:0.001429 Sr:0.031429 La:0.254286,cuprate,3,1,La1.78Sr0.22Cu0.99Zn0.01O4,15,17,18.3,1.66233
O:0.250000 P:0.100000 Fe:0.250000 As:0.150000 La:0.250000,iron-based,3,1,La1Fe1As0.6P0.4O1,4.8,5,7.73,1.63696
O:0.250000 P:0.075000 Fe:0.250000 As:0.175000 La:0.250000,iron-based,3,1,La1Fe1As0.7P0.3O1,7.83,10.6,10.8,1.66001
O:0.250000 Ni:0.250000 As:0.250000 La:0.250000,other,3,1,La1Ni1As1O1,2.4,2.75,2.98,0.292062
O:0.250000 Fe:0.250000 As:0.250000 Sr:0.032500 La:0.217500,iron-based,3,1,La0.87Sr0.13Fe1As1O1,20,20.3,25.9,3.32315
O:0.571429 Cu:0.142143 Zn:0.000714 Sr:0.031429 La:0.254286,cuprate,3,1,La1.78Sr0.22Cu0.995Zn0.005O4,9.88,19,20,5.57657
O:0.250000 Fe:0.237500 Co:0.012500 As:0.250000 Pr:0.250000,iron-based,3,1,Pr1Fe0.95Co0.05As1O1,4.7,4.96,8.76,2.27271
O:0.250000 Fe:0.231250 Co:0.018750 As:0.250000 Pr:0.250000,iron-based,3,1,Pr1Fe0.925Co0.075As1O1,14.4,15,15.7,0.650641
O:0.250000 Fe:0.225000 Co:0.025000 As:0.250000 Sm:0.250000,iron-based,3,1,Sm1Fe0.9Co0.1As1O1,15,15.6,17.3,1.19304
O:0.571429 Cu:0.142857 Ba:0.008571 La:0.277143,cuprate,3,1,La1.94Ba0.06Cu1O4,10.2,15.5,16.5,3.38575
O:0.571429 Cu:0.142857 Ba:0.011143 La:0.274571,cuprate,3,1,La1.922Ba0.078Cu1O4,22.9,26.6,27,2.26053
Zr:0.333333 Re:0.666667,other,3,1,Re2Zr1,5.9,6.4,6.8,0.450925
O:0.250000 Cu:0.250000 Sr:0.250000 Bi:0.250000,cuprate,3,1,Bi1Sr1Cu1O,5.28,6.5,6.7,0.768635
Zr:0.333333 Ru:0.666667,other,3,1,Ru2Zr1,1.84,1.92,2.4,0.302875
B:0.500000 Y:0.250000 Ru:0.250000,other,3,1,Y1Ru1B2,7.6,7.7,7.8,0.1
B:0.250000 C:0.250000 Ni:0.250000 Lu:0.250000,other,3,1,Lu1Ni1B1C1,2.5,2.9,2.96,0.250067
O:0.538462 Cu:0.230769 Y:0.076923 Ba:0.130769 La:0.023077,cuprate,3,2,Y1Ba1.7La0.3Cu3O7; Y1La0.3Ba1.7Cu3O7,54.8,57.45,67,6.41697
O:0.235000 F:0.015000 P:0.250000 Fe:0.250000 La:0.250000,other,3,1,La1Fe1P1F0.06O0.94,5.8,7.1,7.5,0.888819
O:0.571429 Cu:0.142857 Ba:0.020714 La:0.265000,cuprate,3,1,La1.855Ba0.145Cu1O4,13,30,30.3,9.90269
O:0.225000 F:0.025000 P:0.150000 Fe:0.250000 As:0.100000 La:0.250000,iron-based,3,2,La1Fe1As0.4P0.6F0.1O0.9; La1Fe1P0.6As0.4F0.1O0.9,20.86,21.14,21.4,0.270062
O:0.571429 Cu:0.142857 Ba:0.025000 La:0.260714,cuprate,3,1,La1.825Ba0.175Cu1O4,24.6,25.7,28.3,1.9
O:0.225000 F:0.025000 Fe:0.250000 As:0.250000 Ce:0.250000,iron-based,3,1,Ce1Fe1As1F0.1O0.9,32.8,38,38.2,3.06159
O:0.222500 F:0.027500 Mn:0.000250 Fe:0.249750 As:0.250000 La:0.250000,iron-based,3,1,La1Fe0.999Mn0.001As1F0.11O0.89,9.67,9.84,11.5,1.01106
O:0.571429 Cu:0.142857 Ba:0.042857 La:0.242857,cuprate,3,2,Ba0.3La1.7Cu1O4; La1.7Ba0.3Cu1O4,9.7,16,23,6.65307
O:0.535714 Cu:0.250000 Y:0.042857 Ba:0.142857 Pr:0.028571,cuprate,3,1,Y1.2Pr0.8Ba4Cu7O15,40,54,57,9.07377
O:0.533333 K:0.013333 Ca:0.066667 Cu:0.133333 Sr:0.120000 Bi:0.133333,cuprate,3,1,Bi2Sr1.8K0.2Ca1Cu2O8,55.5,66.5,75,9.77667
O:0.533333 Fe:0.010667 Cu:0.256000 Y:0.066667 Ba:0.133333,cuprate,3,1,Y1Ba2Cu3.84Fe0.16O8,38.6,40.8,61,12.3467
O:0.506329 Cu:0.126582 Ba:0.253165 Hg:0.113924,cuprate,3,1,Hg0.9Ba2Cu1O4,73,91,96,12.0968
O:0.571429 Cu:0.141429 Zn:0.001429 Sr:0.014286 La:0.271429,cuprate,3,1,La1.9Sr0.1Cu0.99Zn0.01O4,8.8,11.97,14,2.62074
O:0.506329 Ca:0.072152 Cu:0.253165 Sr:0.168354,cuprate,3,1,Ca0.285Sr0.665Cu1O2,40,100,110,37.8594
O:0.533333 Cu:0.266667 Sr:0.013333 Y:0.066667 Ba:0.120000,cuprate,3,1,Y1Ba1.8Sr0.2Cu4O8,76.5,76.8,79.8,1.82483
O:0.533333 Cu:0.266667 Sr:0.026667 Y:0.066667 Ba:0.106667,cuprate,3,1,Y1Ba1.6Sr0.4Cu4O8,76.6,80.5,81.4,2.55147
O:0.533333 Cu:0.266667 Sr:0.040000 Y:0.066667 Ba:0.093333,cuprate,3,1,Y1Ba1.4Sr0.6Cu4O8,75.8,80.5,81.2,2.93655
B:0.333333 Mo:0.666667,other,3,1,B1Mo2,4.74,5.85,5.86,0.643765
O:0.533333 Cu:0.266667 Y:0.020000 Ba:0.133333 Pr:0.046667,cuprate,3,1,Y0.3Pr0.7Ba2Cu4O8,20,23,29,4.58258
O:0.533333 Cu:0.266667 Y:0.033333 Ba:0.133333 Pr:0.033333,cuprate,3,1,Y0.5Pr0.5Ba2Cu4O8,49,50,52.5,1.80278
O:0.500000 Nb:0.500000,other,3,1,Nb1O1,1.25,1.39,1.5,0.1253
B:0.340426 Mg:0.255319 Ir:0.404255,other,3,1,Mg12Ir19B16,2.5,4.7,5.7,1.63707
O:0.533333 Cu:0.266667 Y:0.046667 Ba:0.133333 Pr:0.020000,cuprate,3,1,Y0.7Pr0.3Ba2Cu4O8,61,63.5,66.5,2.75379
O:0.555556 Cu:0.111111 Ba:0.177778 La:0.044444 Tl:0.111111,cuprate,3,1,Tl1Ba1.6La0.4Cu1O5,34,39.1,40,3.23574
O:0.533333 Cu:0.266667 Y:0.060000 Ba:0.133333 Ce:0.006667,cuprate,3,1,Y0.9Ce0.1Ba2Cu4O8,38,55,56.5,10.2754
O:0.500000 Cu:0.125000 Sr:0.250000 Mo:0.018750 Hg:0.106250,cuprate,3,1,Hg0.85Mo0.15Sr2Cu1O4,56,66,78,11.0151
O:0.500000 Cr:0.037500 Cu:0.125000 Sr:0.250000 Hg:0.087500,cuprate,3,1,Hg0.7Cr0.3Sr2Cu1O4,51,63,68,8.73689
O:0.500000 Ca:0.125000 Cu:0.187500 Ba:0.125000 Hg:0.050000 Pb:0.012500,cuprate,3,1,Hg0.8Pb0.2Ba2Ca2Cu3O8,125,130,132,3.60555
O:0.500000 Ca:0.031250 Cu:0.187500 Sr:0.125000 Ho:0.031250 Pb:0.125000,cuprate,3,1,Pb2Sr2Ho0.5Ca0.5Cu3O8,73.2,75,78.5,2.69506
O:0.570201 Cu:0.143266 Ce:0.021490 Nd:0.265043,cuprate,3,1,Nd1.85Ce0.15Cu1O3.98,19,19.5,21.2,1.15326
O:0.570201 Cu:0.143266 Ce:0.021490 Pr:0.265043,cuprate,3,1,Pr1.85Ce0.15Cu1O3.98,18,19.4,21.2,1.60416
O:0.571429 Ca:0.014286 Cu:0.142857 La:0.271429,cuprate,3,1,La1.9Ca0.1Cu1O4,19.5,20,22,1.32288
O:0.571429 Ca:0.071429 Cu:0.142857 Ba:0.142857 Tl:0.071429,cuprate,3,1,Tl1Ba2Ca1Cu2O8,104.95,105,107.995,1.74378
O:0.421053 F:0.105263 Ca:0.157895 Cu:0.210526 Ba:0.105263,cuprate,3,1,Ba2Ca3Cu4F2O8,55,56,70,8.3865
B:0.444444 Rh:0.444444 Ho:0.098889 Er:0.012222,other,3,1,Er0.11Ho0.89Rh4B4,5.71,5.96,5.98,0.150444
O:0.375000 P:0.125000 Sc:0.125000 Fe:0.125000 Sr:0.250000,other,3,3,Sr4Sc2Fe2P2O6; Sr2Sc1Fe1P1O3; Fe1P1Sr2Sc1O3,12,15,17,2.51661
O:0.571429 Co:0.002143 Cu:0.140714 Sr:0.021429 La:0.264286,cuprate,3,1,La1.85Sr0.15Cu0.985Co0.015O4,13.5,13.82,16,1.36044
B:0.444444 Rh:0.444444 Nd:0.111111,other,3,1,Nd1Rh4B4,5.3,5.31,5.36,0.0321455
O:0.571429 Cu:0.140000 Zn:0.002857 Sr:0.028571 La:0.257143,cuprate,3,1,La1.8Sr0.2Cu0.98Zn0.02O4,17.5,17.7,22,2.54231
O:0.538462 Fe:0.003077 Cu:0.227692 Y:0.076923 Ba:0.153846,cuprate,3,1,Y1Ba2Cu2.96Fe0.04O7,89.5,90,90.5,0.5
O:0.333333 Cu:0.333333 Y:0.133333 Ba:0.200000,cuprate,3,1,Y0.4Ba0.6Cu1O,90,90.5,92,1.04083
O:0.533333 Fe:0.005333 Cu:0.261333 Y:0.066667 Ba:0.133333,cuprate,3,1,Y1Ba2Cu3.92Fe0.08O8,50.4,60.5,70,9.80153
Cu:0.400000 Zr:0.600000,other,3,1,Cu40Zr60,0.78,1.14,1.6,0.411015
B:0.666667 Os:0.333333,other,3,1,B2Os1,2.1,2.12,2.17,0.0360555
C:0.800000 Rb:0.100000 Hg:0.100000,other,3,2,Rb1Hg1C8; C8Rb1Hg1,1.4,1.41,1.46,0.0321455
Si:0.600000 Ce:0.200000 Ir:0.200000,other,3,1,Ce1Ir1Si3,1.4,1.59,1.6,0.112694
Ge:0.666667 La:0.333333,other,3,1,Ge2La1,1.49,2.2,2.24,0.42194
N:0.500000 Zr:0.500000,other,3,1,N1Zr1,9.05,9.8,10.7,0.826136
Ca:1.000000,other,3,1,Ca1,15,25,29,7.2111
Ge:0.705882 La:0.058824 Pt:0.235294,other,3,1,La1Pt4Ge12,8.2,8.27,8.29,0.0472582
N:0.500000 Ti:0.500000,other,3,2,N1Ti1; Ti1N1,4.86,5.49,5.6,0.399291
P:0.400000 Ni:0.400000 Ba:0.200000,other,3,1,Ba1Ni2P2,2.51,2.55,3,0.272091
N:0.500000 S:0.500000,other,3,2,N1S1; S1N1,0.205,0.235,0.26,0.0275379
C:0.500000 W:0.500000,other,3,2,C0.5W0.5; C1W1,1,9.93,10,5.17606
Si:0.400000 Rh:0.400000 La:0.200000,other,3,1,La1Rh2Si2,0.074,1.1,3.8,1.92465
Si:0.600000 La:0.200000 Ir:0.200000,other,3,1,La1Ir1Si3,0.77,1.45,2.2,0.715285
P:0.400000 Ru:0.400000 La:0.200000,other,3,1,La1Ru2P2,3.7,4,4.1,0.208167
Ge:1.000000,other,3,1,Ge1,4.94,5.35,5.5,0.289885
N:0.460000 O:0.040000 Mg:0.025000 Nb:0.475000,other,3,1,Nb0.95Mg0.05N0.92O0.08,15,17,17.6,1.36137
H:0.363128 O:0.460894 Na:0.036313 Co:0.139665,other,3,1,Na0.26Co1H2.6O3.3,2.4,2.71,4.6,1.19081
N:0.370370 Cl:0.259259 Zr:0.370370,other,3,1,Zr1N1Cl0.7,12.7,12.8,14,0.723418
P:0.705882 Fe:0.235294 La:0.058824,other,3,1,La1Fe4P12,4,4.1,4.2,0.1
P:0.705882 Ru:0.235294 La:0.058824,other,3,1,La1Ru4P12,6.57,7,7.2,0.321921
H:0.071429 O:0.500000 Cu:0.214286 Y:0.071429 Ba:0.142857,cuprate,3,2,Y1Ba2Cu3H1O7; Y1Ba2Cu3HO7,43.05,90,93.2,28.076
S:0.571429 Nb:0.428571,other,3,1,Nb3S4,3.65,3.78,4,0.176918
Pb:0.700000 Bi:0.300000,other,3,2,Bi0.3Pb0.7; Pb7Bi3,7.8,8.63,10.3,1.2733
S:0.571429 Mo:0.428571,other,3,1,Mo6S8,1.6,1.8,2,0.2
Mo:1.000000,other,3,1,Mo1,0.902,0.916,0.92,0.00945163
H:0.339869 O:0.431373 Na:0.098039 Co:0.130719,other,3,1,Na0.75Co1H2.6O3.3,4.49,4.5,4.61,0.0665833
Mo:0.750000 Re:0.250000,other,3,2,Mo3Re1; Mo0.75Re0.25,0.01,9.8,10,5.71087
H:0.360610 O:0.457698 Na:0.042996 Co:0.138696,other,3,1,Na0.31Co1H2.6O3.3,3.7,4.3,4.81,0.555608
Si:0.526316 Y:0.263158 Ir:0.210526,other,3,1,Y5Ir4Si10,2.62,3,3.1,0.253246
Ge:0.526316 Y:0.263158 Os:0.210526,other,3,1,Y5Os4Ge10,8.68,9.06,9.1,0.231805
P:0.333333 Zr:0.333333 Os:0.333333,other,3,1,Zr1Os1P1,6.57,7.4,7.44,0.491155
Na:0.333333 Fe:0.316667 Co:0.016667 As:0.333333,iron-based,3,1,Na1Fe0.95Co0.05As1,15.9,16,17,0.608276
Na:0.333333 Fe:0.323333 Co:0.010000 As:0.333333,iron-based,3,1,Na1Fe0.97Co0.03As1,20.4,21,22,0.80829
O:0.682128 Na:0.045020 V:0.272851,other,3,1,Na0.33V2O5,6,8,9,1.52753
Nb:0.750000 Rh:0.250000,other,3,1,Nb3Rh1,2.64,2.79,2.797,0.0886924
Fe:0.531915 Se:0.468085,iron-based,3,1,Fe1Se0.88,8,8.69,9.84,0.929534
Nb:0.750000 Ir:0.250000,other,3,1,Ir1Nb3,1.66,1.9,2.07,0.205994
Nb:0.750000 In:0.250000,other,3,1,In1Nb3,4,7.6,8,2.20303
O:0.714286 Rb:0.047619 W:0.238095,other,3,1,Rb0.2W1O3,3.52,4.16,4.7,0.590706
Fe:0.540541 Se:0.459459,iron-based,3,1,Fe1Se0.85,8.26,10,10.6,1.2154
Nb:0.630000 Ir:0.370000,other,3,1,Ir0.37Nb0.63,2.23,2.32,2.4,0.085049
Co:0.200000 Ge:0.600000 Ce:0.200000,other,3,1,Ce1Co1Ge3,0.64,0.69,0.7,0.0321455
Nb:0.600000 Ir:0.400000,other,3,2,Ir2Nb3; Ir0.4Nb0.6,2.2,9.8,9.8,4.38786
Co:0.166667 Ni:0.166667 Zr:0.666667,other,3,2,Co0.5Ni0.5Zr2; Zr2Co0.5Ni0.5,3.1,3.11,3.21,0.0608276
Ga:0.500000 Sb:0.500000,other,3,1,Ga1Sb1,4.2,4.24,5.9,0.970155
P:0.080000 Fe:0.400000 As:0.320000 Ba:0.200000,iron-based,3,1,Ba1Fe2As1.6P0.4,7.2,8.6,13.475,3.29397
P:0.120000 Fe:0.400000 As:0.280000 Sr:0.200000,iron-based,3,1,Sr1Fe2As1.4P0.6,25,27.9,33.9,4.53909
Ga:0.800000 Mo:0.200000,other,3,1,Ga4Mo1,7.98,8,9.8,1.04505
Nb:0.428571 Te:0.571429,other,3,1,Nb3Te4,1.49,1.8,1.95,0.234592
Ge:0.050000 Nb:0.750000 Sn:0.200000,other,3,1,Nb3Sn0.8Ge0.2,17.65,17.7,18,0.189297
Ge:0.180000 Nb:0.820000,other,3,2,Ge0.72Nb3.28; Ge0.18Nb0.82,5.5,6.05,6.12,0.339559
Si:0.400000 Ce:0.200000 Au:0.400000,other,3,1,Ce1Au2Si2,1.15,2.455,2.55,0.78231
P:0.250000 Mo:0.750000,other,3,1,Mo3P1,5.31,5.5,7,0.925761
Ge:0.363636 Pd:0.363636 La:0.272727,other,3,1,La3Pd4Ge4,2.23,2.5,2.75,0.260064
Si:0.400000 Rh:0.400000 Ce:0.200000,other,3,1,Ce1Rh2Si2,0.26,0.38,0.43,0.0873689
S:0.625000 Sr:0.062500 Mo:0.312500,other,3,2,Sr0.2Mo1S2; Mo1S2Sr0.2,5,5.1,5.6,0.321455
Nb:0.180000 Re:0.820000,other,3,1,Nb0.18Re0.82,8.75,8.9,9.7,0.510718
P:0.333333 Ru:0.333333 Hf:0.333333,other,3,1,Hf1Ru1P1,10.8,11.89,12.7,0.953432
Mo:0.600000 Re:0.400000,other,3,1,Mo0.6Re0.4,10.6,12,12.3,0.907377
S:0.571429 Cu:0.100000 Zn:0.042857 Ir:0.285714,other,3,1,Cu0.7Zn0.3Ir2S4,2.8,3,3.05,0.132288
Sc:0.333333 Ru:0.666667,other,3,1,Ru2Sc1,1.67,2.24,2.36,0.368646
K:0.038000 Fe:0.400000 As:0.400000 Ba:0.162000,iron-based,3,1,Ba0.81K0.19Fe2As2,9.2,14,15,3.10054
S:0.500000 Mo:0.416667 Cd:0.083333,other,3,1,Cd1Mo5S6,2.4,2.67,3.7,0.686027
In:0.625000 Bi:0.375000,other,3,1,Bi3In5,4.14,4.2,4.227,0.0445309
C:0.666667 La:0.333333,other,3,2,C2La1; La1C2,1.44,1.695,1.8,0.185135
Si:0.500000 Fe:0.300000 Y:0.200000,other,3,1,Y2Fe3Si5,1.68,2.3,2.4,0.390043
In:0.750000 Ce:0.250000,other,3,1,Ce1In3,0.15,0.17,0.2,0.0251661
Li:0.033333 B:0.666667 Mg:0.300000,other,3,1,Mg0.9Li0.1B2,35.55,37.4,37.8,1.20035
Rh:0.333333 Hf:0.666667,other,3,1,Hf2Rh1,1.54,1.6,2.02,0.261534
Rh:0.333333 Sn:0.333333 La:0.333333,other,3,1,La1Rh1Sn1,1.85,1.9,2,0.0763763
Ir:1.000000,other,3,1,Ir1,0.051,0.11,0.113,0.0349619
S:0.468750 Rh:0.531250,other,3,1,Rh17S15,5.36,5.4,5.8,0.243311
K:0.030000 Fe:0.400000 As:0.400000 Ba:0.170000,iron-based,3,1,Ba0.85K0.15Fe2As2,4,12,18,7.02377
Rh:1.000000,other,3,1,Rh1,0.00021,0.000325,0.325,0.187484
S:0.428571 Mo:0.428571 I:0.142857,other,3,1,Mo6S6I2,1.4,13,14,7.00381
Mo:0.500000 Re:0.500000,other,3,1,Mo0.5Re0.5,4.7,6.5,11.6,3.57911
C:0.857143 Yb:0.142857,other,3,1,C6Yb1,6.47,6.5,6.52,0.0251661
Ru:0.094118 Sb:0.705882 Pr:0.058824 Os:0.141176,other,3,1,Pr1Os2.4Ru1.6Sb12,1.13,1.14,1.21,0.043589
K:0.100000 Fe:0.400000 As:0.400000 Eu:0.100000,iron-based,3,1,Eu0.5K0.5Fe2As2,31.5,32,33,0.763763
K:0.120000 Fe:0.400000 As:0.400000 Ba:0.080000,iron-based,3,1,Ba0.4K0.6Fe2As2,28.7,29.7,35.2,3.5
Ru:0.235294 Sb:0.705882 La:0.058824,other,3,1,La1Ru4Sb12,2.8,3.5,3.58,0.429108
C:0.952381 K:0.015873 Rb:0.031746,other,3,2,Rb2K1C60; K1Rb2C60,24.4,26.4,27,1.36137
Ru:0.500000 W:0.500000,other,3,2,Ru0.5W0.5; Ru1W1,5.12,5.7,7.5,1.24102
K:0.166667 Mn:0.006250 Fe:0.410417 Se:0.416667,iron-based,3,1,K0.8Fe1.97Mn0.03Se2,31.5,37.4,42.2,5.35942
La:0.700000 Ir:0.300000,other,3,2,Ir3La7; La7Ir3,2.24,2.32,2.33,0.0493288
Si:0.526316 Rh:0.210526 Lu:0.263158,other,3,1,Lu5Rh4Si10,3.3,3.91,3.95,0.36428
La:0.250000 Tl:0.750000,other,3,1,La1Tl3,1.5,1.57,1.63,0.0650641
La:0.250000 Pb:0.750000,other,3,1,La1Pb3,4.07,4.09,4.1,0.0152753
Si:0.500000 Fe:0.300000 Tm:0.200000,other,3,1,Tm2Fe3Si5,1.1,1.3,3.13,1.11876
In:0.500000 Pb:0.500000,other,3,2,In1Pb1; In0.5Pb0.5,0.7,6.43,6.65,3.37352
Rh:0.200000 Sn:0.650000 Yb:0.150000,other,3,1,Yb3Rh4Sn13,7.2,7.7,8.6,0.70946
Rh:0.200000 Bi:0.800000,other,3,2,Bi4Rh1; Bi0.8Rh0.2,2.7,2.75,3.15,0.246644
Hf:0.333333 Re:0.666667,other,3,1,Hf1Re2,4.8,5.2,5.61,0.40501
Pd:0.500000 Bi:0.500000,other,3,1,Bi1Pd1,3.7,3.74,3.8,0.0503322
Ca:0.212500 Fe:0.250000 As:0.500000 La:0.037500,iron-based,3,1,Ca0.85La0.15Fe1As2,16.2,35,35.1,10.8832
Si:0.526316 Sc:0.263158 Co:0.210526,other,3,1,Sc5Co4Si10,4.53,4.9,5,0.247588
Pd:0.500000 Sb:0.500000,other,3,2,Pd1Sb1; Pd0.5Sb0.5,1.48,1.5,1.66,0.0986577
Pd:0.500000 Sn:0.250000 Lu:0.250000,other,3,2,Pd2Lu1Sn1; Lu1Pd2Sn1,2.8,3.02,3.05,0.136504
Mg:0.400000 Al:0.600000,other,3,2,Al0.6Mg0.4; Al3Mg2,0.84,0.87,1.7,0.488092
Lu:1.000000,other,3,1,Lu1,0.6,1.5,12.2,6.45316
In:0.025000 Sn:0.475000 Te:0.500000,other,3,1,Sn0.95In0.05Te1,1.2,1.21,1.41,0.118462
Ca:0.202500 Fe:0.250000 As:0.500000 La:0.047500,iron-based,3,1,Ca0.81La0.19Fe1As2,28,28.1,34,3.4356
Pd:0.600000 Bi:0.400000,other,3,2,Bi0.4Pd0.6; Bi2Pd3,3.7,3.7,4,0.173205
S:0.526316 Mo:0.394737 Tb:0.078947,other,3,1,Tb1.2Mo6S8,1.4,1.64,1.8,0.201329
Li:0.333333 B:0.166667 Pd:0.250000 Pt:0.250000,other,3,2,Li2B1Pd1.5Pt1.5; Li2Pd1.5Pt1.5B1,3.72,3.9,4.36,0.330051
In:0.100000 Au:0.900000,other,3,1,Au0.9In0.1,0.0625,0.0641,0.077,0.00795005
Li:0.333333 B:0.166667 Ni:0.100000 Pd:0.400000,other,3,1,Li2Pd2.4Ni0.6B1,6.5,6.91,7.69,0.604511
Li:0.333333 B:0.166667 Ni:0.050000 Pd:0.450000,other,3,1,Li2Pd2.7Ni0.3B1,7,7.3,7.4,0.208167
S:0.526316 Mo:0.394737 Sn:0.078947,other,3,2,Mo3S4Sn0.6; Sn0.6Mo3S4,13.05,14.2,14.45,0.746659
Li:0.333333 B:0.166667 Ni:0.025000 Pd:0.475000,other,3,1,Li2Pd2.85Ni0.15B1,7.5,7.58,7.91,0.217332
S:0.526316 Mo:0.394737 Dy:0.078947,other,3,1,Dy1.2Mo6S8,1.7,1.72,2.15,0.254231
Li:0.157143 O:0.571429 Ti:0.271429,other,3,1,Li1.1Ti1.9O4,9.6,10.25,10.3,0.390512
S:0.520111 Mo:0.416089 Pb:0.063800,other,3,2,Mo6Pb0.92S7.5; Pb0.92Mo6S7.5,13.98,14,15.2,0.698665
Rh:0.090909 In:0.727273 Ce:0.181818,other,3,1,Ce2Rh1In8,0.6,0.65,2,0.79425
S:0.506329 Cu:0.113924 Mo:0.379747,other,3,1,Cu1.8Mo6S8,10,10.5,10.7,0.360555
C:0.666667 K:0.166667 Hg:0.166667,other,3,1,K1Hg1C4,0.73,0.86,1.135,0.206781
S:0.500000 Zn:0.083333 Mo:0.416667,other,3,2,Mo5S6Zn1; Zn1Mo5S6,3,3.12,3.2,0.100664
Si:0.666667 Co:0.333333,other,3,1,Co1Si2,1.22,1.3,1.4,0.090185
Ge:0.650000 Y:0.150000 Ru:0.200000,other,3,1,Y3Ru4Ge13,1.7,1.8,2.85,0.63705
Fe:0.384000 Co:0.016000 As:0.400000 Ba:0.200000,iron-based,3,1,Ba1Fe1.92Co0.08As2,5.8,6.7,11,2.77909
Fe:0.344000 As:0.400000 Eu:0.200000 Ir:0.056000,iron-based,3,1,Eu1Fe1.72Ir0.28As2,21.5,21.6,21.9,0.208167
Fe:0.370000 Ni:0.030000 As:0.400000 Ba:0.200000,iron-based,3,1,Ba1Fe1.85Ni0.15As2,13.5,13.8,14.5,0.51316
Co:0.428571 Y:0.571429,other,3,1,Co3Y4,1.5,2.1,2.5,0.503322
F:0.200000 S:0.400000 Sr:0.100000 Ce:0.100000 Bi:0.200000,other,3,2,Sr0.5Ce0.5Bi1S2F1; Sr0.5Ce0.5F1Bi1S2,2.7,2.8,2.81,0.0608276
Fe:0.316000 As:0.400000 Ru:0.084000 Ba:0.200000,iron-based,3,1,Ba1Fe1.58Ru0.42As2,6.83,14.125,19.2,6.21811
Si:0.333333 La:0.333333 Pt:0.333333,other,3,1,La1Pt1Si1,3.3,3.9,4.3,0.503322
O:0.600000 Ca:0.000440 Ti:0.200000 Sr:0.199560,other,3,1,Sr0.9978Ca0.0022Ti1O3,0.067,0.132,0.182,0.0576628
C:0.333333 N:0.333333 Nb:0.333333,other,3,2,C1N1Nb1; Nb1C1N1,15.75,16.5,17.3,0.775134
O:0.588235 Cu:0.117647 Sr:0.117647 Nb:0.058824 Ce:0.029412 Eu:0.088235,cuprate,3,2,Eu1.5Ce0.5Sr2Cu2Nb1O10; Nb1Sr2Eu1.5Ce0.5Cu2O10,23,24,30.2,3.90043
O:0.066667 Ca:0.200000 Cu:0.266667 Sr:0.200000 Pb:0.066667 Bi:0.200000,cuprate,3,2,Bi3Pb1Ca3Sr3Cu4O; Bi3Pb1Sr3Ca3Cu4O,80,94,105,12.53
Si:0.333333 Zr:0.333333 Ru:0.333333,other,3,1,Zr1Ru1Si1,5,12,12.2,4.10041
O:0.588235 Cu:0.117647 Sr:0.117647 Nb:0.058824 Ce:0.029412 Sm:0.088235,cuprate,3,1,Sm1.5Ce0.5Sr2Cu2Nb1O10,23,26,27,2.08167
Fe:0.390400 Ni:0.009600 As:0.400000 Ba:0.200000,iron-based,3,1,Ba1Fe1.952Ni0.048As2,2.39,3.9,4.1,0.934897
Ni:0.200000 Zr:0.800000,other,3,2,Ni20Zr80; Zr0.8Ni0.2,3.17,3.59,3.77,0.307896
Fe:0.387200 Ni:0.012800 As:0.400000 Ba:0.200000,iron-based,3,1,Ba1Fe1.936Ni0.064As2,14.6,14.8,15.1,0.251661
Cu:0.333333 Se:0.333333 Te:0.333333,other,3,2,Cu1Se1Te1; Cu1Se1Te,1.6,1.8,2,0.2
O:0.060000 F:0.140000 S:0.400000 Ce:0.200000 Bi:0.200000,other,3,1,Ce1Bi1S2F0.7O0.3,2.68,2.92,4.5,0.988804
Fe:0.376800 Co:0.023200 As:0.400000 Ba:0.200000,iron-based,3,1,Ba1Fe1.884Co0.116As2,22.7,22.8,23.3,0.321455
C:0.400000 Mo:0.600000,other,3,2,C2Mo3; C0.4Mo0.6,7.4,9,11.2,1.90788
Ni:0.250000 La:0.750000,other,3,1,La3Ni1,2.2,2.4,6.2,2.25389
O:0.100000 F:0.100000 S:0.400000 Ce:0.040000 Nd:0.160000 Bi:0.200000,other,3,2,Ce0.2Nd0.8F0.5Bi1S2O0.5; Ce0.2Nd0.8Bi1S2F0.5O0.5,4.42,4.46,4.48,0.0305505
Fe:0.260000 As:0.400000 Ru:0.140000 Ba:0.200000,iron-based,3,1,Ba1Fe1.3Ru0.7As2,19.5,19.6,20,0.264575
Fe:0.382000 Co:0.018000 As:0.400000 Ba:0.200000,iron-based,3,1,Ba1Fe1.91Co0.09As2,14.5,15.1,16.76,1.1707
Si:0.125000 V:0.750000 Ga:0.125000,other,3,3,Ga0.5Si0.5V3; V3Si0.5Ga0.5; V75Si12.5Ga12.5,8.15,8.6,18.2,5.67693
Si:0.333333 Ti:0.333333 Ir:0.333333,other,3,1,Ti1Ir1Si1,1.42,1.85,3.43,1.05841
Ni:0.400000 As:0.400000 Ba:0.200000,other,3,1,Ba1Ni2As2,0.575,0.68,1.095,0.27497
Ni:0.400000 Ge:0.400000 Ce:0.200000,other,3,1,Ce1Ni2Ge2,0.2,0.22,0.23,0.0152753
C:0.333333 Y:0.333333 I:0.333333,other,3,2,Y2C2I2; Y2I2C2,9.85,9.97,10,0.0793725
Se:0.533333 Mo:0.400000 La:0.066667,other,3,1,La1Mo6Se8,10.8,11.3,11.6,0.404145
F:0.250000 Ca:0.250000 Fe:0.225000 Co:0.025000 As:0.250000,iron-based,3,1,Ca1Fe0.9Co0.1As1F1,22,23,23.8,0.90185
Fe:0.367257 Se:0.442478 Cs:0.190265,iron-based,3,1,Cs0.86Fe1.66Se2,25.5,29,30,2.36291
C:0.200000 Ni:0.600000 Cd:0.200000,other,3,1,Cd1C1Ni3,2.8,3.2,3.4,0.305505
O:0.666667 Cs:0.111111 Os:0.222222,other,3,1,Cs1Os2O6,3.25,3.26,3.3,0.0264575
O:0.600000 Cu:0.010000 Sr:0.200000 Y:0.100000 Ru:0.090000,cuprate,3,1,Sr2Y1Ru0.9Cu0.1O6,20.4,37.5,45,12.6083
Cu:0.500000 Zr:0.500000,other,3,1,Cu50Zr50,0.35,0.54,0.74,0.195021
Cr:0.750000 Ir:0.250000,other,3,1,Cr3Ir1,0.15,0.168,0.45,0.16825
O:0.578947 Ca:0.105263 Cu:0.171053 Ba:0.105263 Tl:0.039474,cuprate,3,1,Cu0.25Tl0.75Ba2Ca2Cu3O11,108,117,121,6.65833
Sc:1.000000,other,3,1,Sc1,0.34,8.2,19.6,9.68407
O:0.600000 Cu:0.050000 Sr:0.200000 Y:0.100000 Ru:0.050000,cuprate,3,1,Sr2Y1Ru0.5Cu0.5O6,45,61.5,64,10.3239
Sr:0.150000 Sn:0.650000 Ir:0.200000,other,3,1,Sr3Ir4Sn13,4.95,5,5.1,0.0763763
Sr:0.150000 Rh:0.200000 Sn:0.650000,other,3,1,Sr3Rh4Sn13,4.15,4.2,4.3,0.0763763
Se:0.750000 Nb:0.250000,other,3,1,Nb1Se3,2.5,3.71,5,1.25021
Co:0.250000 Zr:0.750000,other,3,2,Co25Zr75; Co1Zr3,3.18,3.47,3.9,0.362261
O:0.600000 K:0.075000 Ba:0.125000 Bi:0.200000,other,3,1,Ba0.625K0.375Bi1O3,27.5,29.4,30,1.30512
O:0.600000 K:0.092000 Ba:0.108000 Bi:0.200000,other,3,1,Ba0.54K0.46Bi1O3,18,19,23,2.64575
Sn:0.492386 Te:0.507614,other,3,1,Sn0.97Te1,0.087,0.155,0.189,0.0519359
Co:0.250000 La:0.750000,other,3,1,Co1La3,4,4.28,4.4,0.205264
C:0.078947 O:0.552632 Cu:0.105263 Sr:0.210526 Bi:0.052632,cuprate,3,1,Bi2Sr8Cu4C3O21,30,34,40,5.03322
Sn:0.496222 Te:0.503778,other,3,1,Sn0.985Te1,0.0433,0.048,0.0485,0.0028688
Fe:0.500000 Se:0.100000 Te:0.400000,iron-based,3,2,Fe1Te0.8Se0.2; Fe1Se0.2Te0.8,10.5,12.8,13,1.38924
O:0.539171 Ca:0.098749 Cu:0.131666 Sr:0.098749 Bi:0.131666,cuprate,2,1,Bi2Sr1.5Ca1.5Cu2O8.19,78.5,80.75,83,3.18198
S:0.500000 Mo:0.428571 Pb:0.071429,other,2,2,Mo6Pb1S7; Pb1Mo6S7,11.1,12.55,14,2.05061
Y:0.250000 In:0.250000 Au:0.500000,other,2,2,In1Y1Au2; Au2In1Y1,1.74,1.82,1.9,0.113137
O:0.538905 P:0.028818 Ca:0.103746 Cu:0.201729 Sr:0.115274 Y:0.011527,cuprate,2,1,Cu0.5P0.5Sr2Ca1.8Y0.2Cu3O9.35,70,71,72,1.41421
Zr:0.925000 Rh:0.075000,other,2,1,Rh0.075Zr0.925,6.05,6.225,6.4,0.247487
Y:0.200000 Pd:0.500000 Sn:0.250000 Er:0.050000,other,2,2,Pd2Y0.8Er0.2Sn1; Er0.2Y0.8Pd2Sn1,3.73,4.055,4.38,0.459619
O:0.538462 Mn:0.005769 Cu:0.225000 Y:0.076923 Ba:0.153846,cuprate,2,1,Y1Ba2Cu2.925Mn0.075O7,85,87.875,90.75,4.06586
Si:0.050000 V:0.750000 Ge:0.200000,other,2,2,V3Si0.2Ge0.8; V75Si5Ge20,6.1,6.43,6.76,0.46669
O:0.538462 Cu:0.230769 Ba:0.123077 Nd:0.107692,cuprate,2,1,Nd1.4Ba1.6Cu3O7,7.9,15.7,23.5,11.0309
O:0.539171 Cu:0.230415 Y:0.076805 Ba:0.130568 La:0.023041,cuprate,2,1,Y1Ba1.7La0.3Cu3O7.02,61,69,77,11.3137
S:0.533333 Mo:0.400000 Gd:0.066667,other,2,1,Gd1Mo6S8,1.4,1.6,1.8,0.282843
Y:0.150000 Pd:0.500000 Sn:0.250000 Er:0.100000,other,2,2,Pd2Y0.6Er0.4Sn1; Er0.4Y0.6Pd2Sn1,2.77,3.215,3.66,0.629325
O:0.538462 Cu:0.229231 Zn:0.001538 Ba:0.153846 Eu:0.076923,cuprate,2,1,Eu1Ba2Cu2.98Zn0.02O7,86,86.15,86.3,0.212132
O:0.538462 S:0.016923 Ca:0.012308 Cu:0.213846 Sr:0.161538 Y:0.056923,cuprate,2,1,Y0.74Ca0.16Sr2.1Cu2.78S0.22O7,25,29.95,34.9,7.00036
Zr:0.940000 Os:0.060000,other,2,1,Os0.06Zr0.94,5.6,5.65,5.7,0.0707107
O:0.538462 Cu:0.230000 Zn:0.000769 Y:0.076923 Ba:0.153846,cuprate,2,1,Y1Ba2Cu2.99Zn0.01O7,86.5,87.55,88.6,1.48492
O:0.538462 Ni:0.038462 Cu:0.192308 Y:0.076923 Ba:0.153846,cuprate,2,1,Y1Ba2Cu2.5Ni0.5O7,52.3,57.05,61.8,6.71751
S:0.521173 Mo:0.413681 Pb:0.065147,other,2,2,Mo6.35Pb1S8; Pb1Mo6.35S8,12,12.3,12.6,0.424264
Si:0.420000 Ga:0.246667 Sr:0.333333,other,2,1,Sr1Ga0.74Si1.26,3.5,3.85,4.2,0.494975
Y:0.250000 Pd:0.500000 Pb:0.250000,other,2,2,Pd2Y1Pb1; Y1Pd2Pb1,2.3,3.215,4.13,1.29401
O:0.538462 Ni:0.013846 Cu:0.216923 Y:0.076923 Ba:0.153846,cuprate,2,1,Y1Ba2Cu2.82Ni0.18O7,68,70.1,72.2,2.96985
S:0.526316 Mo:0.394737 Er:0.078947,other,2,1,Er1.2Mo6S8,2.1,2.15,2.2,0.0707107
O:0.538462 Ni:0.005769 Cu:0.225000 Y:0.076923 Ba:0.153846,cuprate,2,1,Y1Ba2Cu2.925Ni0.075O7,80,81.05,82.1,1.48492
S:0.521173 Mo:0.413681 Eu:0.019544 Pb:0.045603,other,2,1,Pb0.7Eu0.3Mo6.35S8,11,12.3,13.6,1.83848
O:0.538462 Ni:0.015385 Cu:0.215385 Y:0.076923 Ba:0.153846,cuprate,2,1,Y1Ba2Cu2.8Ni0.2O7,63.5,71.45,79.4,11.243
O:0.538462 Cu:0.229231 Zn:0.001538 Ba:0.153846 Er:0.076923,cuprate,2,1,Er1Ba2Cu2.98Zn0.02O7,84.8,85.15,85.5,0.494975
Y:0.333333 Pt:0.666667,other,2,1,Pt2Y1,1.57,2.835,4.1,1.78898
O:0.538462 Ni:0.003846 Cu:0.226923 Y:0.076923 Ba:0.153846,cuprate,2,1,Y1Ba2Cu2.95Ni0.05O7,84.7,87.65,90.6,4.17193
O:0.538462 Cu:0.229231 Zn:0.001538 Ba:0.153846 Gd:0.076923,cuprate,2,1,Gd1Ba2Cu2.98Zn0.02O7,86,86.15,86.3,0.212132
S:0.526316 Mo:0.394737 Ho:0.078947,other,2,1,Ho1.2Mo6S8,1.25,1.7,2.15,0.636396
O:0.538462 Mn:0.008077 Cu:0.222692 Y:0.076923 Ba:0.153846,cuprate,2,1,Y1Ba2Cu2.895Mn0.105O7,83,86.765,90.53,5.32451
Se:1.000000,other,2,1,Se1,5.4,7.525,9.65,3.0052
O:0.538462 Ni:0.030769 Cu:0.200000 Y:0.076923 Ba:0.153846,cuprate,2,1,Y1Ba2Cu2.6Ni0.4O7,58,64.5,71,9.19239
Si:0.050000 V:0.750000 Ga:0.200000,other,2,2,V3Ga0.8Si0.2; V75Si5Ga20,10.58,11.24,11.9,0.933381
Se:0.687500 Nb:0.312500,other,2,1,Nb1Se2.2,6.35,6.675,7,0.459619
Y:0.333333 Ir:0.666667,other,2,1,Ir2Y1,1.09,1.635,2.18,0.770746
Y:0.250000 In:0.750000,other,2,2,In3Y1; Y1In3,0.78,0.87,0.96,0.127279
O:0.538462 Cu:0.229615 Zn:0.001154 Y:0.076923 Ba:0.153846,cuprate,2,1,Y1Ba2Cu2.985Zn0.015O7,80,81.6,83.2,2.26274
O:0.538462 Cu:0.229231 Zn:0.001538 Ba:0.153846 Nd:0.076923,cuprate,2,1,Nd1Ba2Cu2.98Zn0.02O7,85.5,85.75,86,0.353553
Sc:0.760000 Rh:0.240000,other,2,1,Rh0.24Sc0.76,0.88,0.9,0.92,0.0282843
O:0.539474 Ca:0.065789 Cu:0.131579 Sr:0.131579 Bi:0.131579,cuprate,2,1,Bi2Sr2Ca1Cu2O8.2,65,75.1,85.2,14.2836
V:0.800000 Cr:0.200000,other,2,1,Cr0.2V0.8,1.66,1.78,1.9,0.169706
O:0.541547 P:0.028653 Ca:0.103152 Cu:0.200573 Sr:0.114613 Y:0.011461,cuprate,2,1,Cu0.5P0.5Sr2Ca1.8Y0.2Cu3O9.45,74,75,76,1.41421
O:0.541585 Ca:0.065488 Cu:0.130976 Sr:0.130976 Bi:0.130976,cuprate,2,1,Bi2Sr2Ca1Cu2O8.27,84,85.5,87,2.12132
V:0.795000 Ga:0.205000,other,2,2,Ga0.205V0.795; Ga20.5V79.5,9.7,9.7,9.7,0
Si:0.200000 V:0.750000 Ga:0.050000,other,2,2,V3Ga0.2Si0.8; V75Si20Ga5,10.5,11.415,12.33,1.29401
V:0.778000 Ga:0.222000,other,2,2,Ga0.222V0.778; Ga22.2V77.8,12.3,12.3,12.3,0
V:0.764000 Ga:0.236000,other,2,2,Ga0.236V0.764; Ga23.6V76.4,14.6,14.6,14.6,0
O:0.541985 Cu:0.206107 Sr:0.152672 Y:0.076336 Mo:0.022901,cuprate,2,1,Y1Sr2Cu2.7Mo0.3O7.1,30,36.5,43,9.19239
O:0.541985 Cu:0.209924 Sr:0.152672 Y:0.076336 Mo:0.019084,cuprate,2,1,Y1Sr2Cu2.75Mo0.25O7.1,31,43,55,16.9706
S:0.100000 Fe:0.500000 Se:0.400000,iron-based,2,1,Fe1Se0.8S0.2,9.23,10.015,10.8,1.11016
S:0.050000 Fe:0.500000 Se:0.450000,iron-based,2,1,Fe1Se0.9S0.1,9.94,10.27,10.6,0.46669
Si:0.225000 V:0.750000 Ge:0.025000,other,2,2,Ge0.1Si0.9V3; V3Si0.9Ge0.1,14,14.2,14.4,0.282843
O:0.541985 Cu:0.229008 Y:0.076336 Ba:0.152672,cuprate,2,1,Y1Ba2Cu3O7.1,91.3,91.65,92,0.494975
O:0.542334 Ca:0.022883 Cu:0.228833 Ba:0.110603 La:0.095347,cuprate,2,2,La1.25Ca0.3Ba1.45Cu3O7.11; Ca0.3Ba1.45La1.25Cu3O7.11,65.3,66.2,67.1,1.27279
O:0.542986 Cu:0.090498 Sr:0.171946 Bi:0.194570,cuprate,2,1,Bi2.15Sr1.9Cu1O6,4,4.15,4.3,0.212132
O:0.543379 Cu:0.228311 Y:0.076104 Ba:0.121766 La:0.030441,cuprate,2,1,Y1Ba1.6La0.4Cu3O7.14,68.15,69.075,70,1.30815
O:0.543726 Ca:0.007605 Cu:0.228137 Ba:0.125475 La:0.095057,cuprate,2,2,Ca0.1La0.9Ba1.65La0.35Cu3O7.15; La1.25Ba1.65Ca0.1Cu3O7.15,57,57.15,57.3,0.212132
V:0.752000 Ga:0.248000,other,2,2,Ga0.248V0.752; Ga24.8V75.2,15.1,15.1,15.1,0
O:0.543726 Ca:0.030418 Cu:0.228137 Ba:0.102662 La:0.095057,cuprate,2,2,Ca0.4Ba1.35La1.25Cu3O7.15; Ca0.4La0.6Ba1.35La0.65Cu3O7.15,78.8,79.4,80,0.848528
O:0.538462 Cu:0.225000 Zn:0.005769 Y:0.076923 Ba:0.153846,cuprate,2,1,Y1Ba2Cu2.925Zn0.075O7,59,59.6,60.2,0.848528
O:0.544073 Ca:0.015198 Cu:0.227964 Ba:0.117781 La:0.094985,cuprate,2,2,Ca0.2La0.8Ba1.55La0.45Cu3O7.16; La1.25Ba1.55Ca0.2Cu3O7.16,68,68.25,68.5,0.353553
Ru:1.000000,other,2,1,Ru1,0.493,0.501,0.509,0.0113137
Ru:0.666667 Lu:0.333333,other,2,1,Lu1Ru2,0.86,1.545,2.23,0.968736
V:0.750000 Sb:0.250000,other,2,1,Sb1V3,0.5,0.65,0.8,0.212132
Si:0.230769 V:0.769231,other,2,1,Si22.5V75,15.8,16.1,16.4,0.424264
Zr:0.990000 Rh:0.010000,other,2,1,Rh0.01Zr0.99,4.26,4.38,4.5,0.169706
O:0.544419 Cu:0.227790 Y:0.075930 Ba:0.113895 La:0.037965,cuprate,2,1,Y1Ba1.5La0.5Cu3O7.17,54.1,55.55,57,2.05061
V:0.750000 Pd:0.250000,other,2,1,Pd1V3,0.08,0.081,0.082,0.00141421
Si:0.526316 Rh:0.046316 Lu:0.263158 Ir:0.164211,other,2,1,Lu5Ir3.12Rh0.88Si10,5.68,5.74,5.8,0.0848528
S:0.333333 Cu:0.333333 Se:0.333333,other,2,1,Cu1S1Se1,1.5,1.625,1.75,0.176777
O:0.539524 Cu:0.230238 Y:0.076746 Ba:0.138143 La:0.015349,cuprate,2,1,Y1Ba1.8La0.2Cu3O7.03,88.7,88.85,89,0.212132
Si:0.500000 Y:0.200000 Ir:0.300000,other,2,1,Y2Ir3Si5,2.96,3.005,3.05,0.0636396
O:0.538462 Cu:0.229154 Zn:0.001615 Y:0.076923 Ba:0.153846,cuprate,2,1,Y1Ba2Cu2.979Zn0.021O7,80.2,82.1,84,2.68701
W:1.000000,other,2,1,W1,0.0154,0.0157,0.016,0.000424264
S:0.500000 Cu:0.500000,other,2,1,Cu1S1,1.52,1.585,1.65,0.0919239
O:0.540230 Cu:0.229885 Ba:0.132567 Sm:0.097318,cuprate,2,1,Sm1.27Ba1.73Cu3O7.05,50,50.05,50.1,0.0707107
W:0.750000 Os:0.250000,other,2,2,Os0.25W0.75; Os1W3,3,3.01,3.02,0.0141421
O:0.538462 Mn:0.004615 Cu:0.226154 Y:0.076923 Ba:0.153846,cuprate,2,1,Y1Ba2Cu2.94Mn0.06O7,91,91.005,91.01,0.00707107
O:0.540381 Ca:0.059094 Cu:0.131320 Sr:0.131320 Y:0.006566 Bi:0.131320,cuprate,2,1,Bi2Sr2Ca0.9Y0.1Cu2O8.23,85,87.5,90,3.53553
Zr:0.950000 Rh:0.050000,other,2,1,Rh0.05Zr0.95,4.8,5,5.2,0.282843
O:0.540381 Ca:0.065660 Cu:0.131320 Sr:0.131320 Bi:0.131320,cuprate,2,1,Bi2Sr2Ca1Cu2O8.23,70,78,86,11.3137
W:0.720000 Ir:0.280000,other,2,1,Ir0.28W0.72,4.46,4.475,4.49,0.0212132
S:0.481928 Cu:0.156627 Mo:0.361446,other,2,1,Cu2.6Mo6S8,8,9.25,10.5,1.76777
Si:0.140000 Cu:0.860000,other,2,1,Cu0.86Si0.14,0.05,0.054,0.058,0.00565685
W:0.500000 Re:0.500000,other,2,1,Re0.5W0.5,5.12,6.61,8.1,2.10718
O:0.538462 Cu:0.227308 Zn:0.003462 Y:0.076923 Ba:0.153846,cuprate,2,1,Y1Ba2Cu2.955Zn0.045O7,67,68.55,70.1,2.19203
Si:0.188000 Ge:0.012000 Ce:0.200000 Pt:0.600000,other,2,1,Ce1Pt3Si0.94Ge0.06,0.4505,0.50525,0.56,0.0774282
O:0.540984 Ca:0.045902 Cu:0.131148 Sr:0.131148 Y:0.019672 Pb:0.019672 Bi:0.111475,cuprate,2,1,Bi1.7Pb0.3Sr2Ca0.7Y0.3Cu2O8.25,71,71.5,72,0.707107
S:0.465116 Cu:0.186047 Mo:0.348837,other,2,1,Cu3.2Mo6S8,7.6,8.05,8.5,0.636396
O:0.541284 Ca:0.052425 Cu:0.131062 Sr:0.131062 Dy:0.013106 Bi:0.131062,cuprate,2,1,Bi2Sr2Ca0.8Dy0.2Cu2O8.26,90.8,91.25,91.7,0.636396
O:0.541284 Ca:0.052425 Cu:0.131062 Sr:0.131062 Eu:0.013106 Bi:0.131062,cuprate,2,1,Bi2Sr2Ca0.8Eu0.2Cu2O8.26,90.4,90.65,90.9,0.353553
Si:0.500000 Lu:0.200000 Ir:0.300000,other,2,1,Lu2Ir3Si5,3.3,4.425,5.55,1.59099
O:0.541284 Ca:0.052425 Cu:0.131062 Sr:0.131062 La:0.013106 Bi:0.131062,cuprate,2,1,Bi2Sr2Ca0.8La0.2Cu2O8.26,87.9,88.45,89,0.777817
O:0.541284 Ca:0.052425 Cu:0.131062 Sr:0.131062 Nd:0.013106 Bi:0.131062,cuprate,2,1,Bi2Sr2Ca0.8Nd0.2Cu2O8.26,88.8,89.25,89.7,0.636396
Zr:0.960000 Rh:0.040000,other,2,1,Rh0.04Zr0.96,3.8,4.4,5,0.848528
O:0.541284 Ca:0.052425 Cu:0.131062 Sr:0.131062 Yb:0.013106 Bi:0.131062,cuprate,2,1,Bi2Sr2Ca0.8Yb0.2Cu2O8.26,91.2,91.65,92.1,0.636396
S:0.428571 Br:0.142857 Mo:0.428571,other,2,1,Mo6S6Br2,13,13.4,13.8,0.565685
S:0.400000 Se:0.266667 Ta:0.333333,other,2,2,Ta1S1.2Se0.8; S1.2Se0.8Ta1,3.7,3.8,3.9,0.141421
S:0.333333 Se:0.333333 Ta:0.333333,other,2,2,Ta1S1Se1; S1Se1Ta1,3.36,3.53,3.7,0.240416
Y:0.500000 Te:0.500000,other,2,1,Te1Y1,1.02,1.535,2.05,0.72832
S:0.571429 Co:0.214286 Cu:0.214286,other,2,1,Cu1.5Co1.5S4,2.3,2.8,3.3,0.707107
Si:0.400000 Y:0.200000 Rh:0.400000,other,2,1,Y1Rh2Si2,1.1,2.1,3.1,1.41421
S:0.625000 Nb:0.250000 Pd:0.125000,other,2,1,Nb2Pd1S5,6,6.125,6.25,0.176777
Si:0.363636 Pd:0.363636 La:0.272727,other,2,1,La3Pd4Si4,1.98,2.065,2.15,0.120208
Zr:0.800000 Mo:0.200000,other,2,1,Zr0.8Mo0.2,4.1,4.64,5.18,0.763675
Si:0.392000 Cu:0.400000 Ge:0.008000 Ce:0.200000,other,2,1,Ce1Cu2Si1.96Ge0.04,0.37,0.385,0.4,0.0212132
O:0.538462 Cu:0.230769 Ba:0.153846 Pr:0.023077 Eu:0.053846,cuprate,2,1,Eu0.7Pr0.3Ba2Cu3O7,35.2,44.5,53.8,13.1522
Sb:0.705882 La:0.047059 Pr:0.011765 Os:0.235294,other,2,1,Pr0.2La0.8Os4Sb12,0.903,0.9865,1.07,0.118087
O:0.538462 Cu:0.230769 Y:0.084615 Ba:0.146154,cuprate,2,1,Y1.1Ba1.9Cu3O7,91,91.5,92,0.707107
O:0.538462 Fe:0.001154 Cu:0.229615 Y:0.076923 Ba:0.153846,cuprate,2,1,Y1Ba2Cu2.985Fe0.015O7,90,90.75,91.5,1.06066
Sb:0.705882 La:0.023529 Pr:0.035294 Os:0.235294,other,2,1,Pr0.6La0.4Os4Sb12,1.414,1.542,1.67,0.181019
O:0.538462 Cu:0.230769 Ba:0.153846 Pr:0.015385 Tm:0.061538,cuprate,2,1,Tm0.8Pr0.2Ba2Cu3O7,80.9,81.35,81.8,0.636396
Se:0.428571 Mo:0.428571 Te:0.142857,other,2,2,Te2Mo6Se6; Mo6Se6Te2,3,4.44,5.88,2.03647
O:0.538462 Cu:0.230769 Ba:0.153846 Pr:0.015385 Sm:0.061538,cuprate,2,1,Sm0.8Pr0.2Ba2Cu3O7,49.4,51,52.6,2.26274
Sb:0.705882 La:0.011765 Pr:0.047059 Os:0.235294,other,2,1,Pr0.8La0.2Os4Sb12,1.645,1.7225,1.8,0.109602
O:0.538462 Fe:0.001538 Cu:0.229231 Y:0.076923 Ba:0.153846,cuprate,2,1,Y1Ba2Cu2.98Fe0.02O7,90.7,92.05,93.4,1.90919
Sb:0.705882 La:0.002941 Pr:0.055882 Os:0.235294,other,2,1,Pr0.95La0.05Os4Sb12,1.79,1.815,1.84,0.0353553
Si:0.396000 Cu:0.400000 Ge:0.004000 Ce:0.200000,other,2,1,Ce1Cu2Si1.98Ge0.02,0.5,0.52,0.54,0.0282843
Sb:0.666667 La:0.333333,other,2,1,La1Sb2,0.4,0.8,1.2,0.565685
Sb:0.500000 Pb:0.500000,other,2,1,Pb1Sb1,1.5,4.05,6.6,3.60624
Si:0.333333 Zr:0.333333 Rh:0.333333,other,2,1,Zr1Rh1Si1,10.3,10.4,10.5,0.141421
Sb:0.333333 La:0.666667,other,2,1,La2Sb1,0.75,3.025,5.3,3.21734
Zr:0.250000 Pd:0.500000 In:0.250000,other,2,2,Pd2Zr1In1; Zr1Pd2In1,2.19,2.645,3.1,0.643467
S:1.000000,other,2,1,S1,12,13,14,1.41421
Si:0.400000 La:0.200000 Pt:0.400000,other,2,1,La1Pt2Si2,1.365,1.4325,1.5,0.0954594
Se:0.500000 Ag:0.202500 Sn:0.297500,other,2,1,Ag0.81Sn1.19Se2,6.36,6.415,6.47,0.0777817
S:0.666667 Cu:0.333333,other,2,1,Cu1S2,1.505,1.5325,1.56,0.0388909
S:0.655738 Ni:0.016393 Ta:0.327869,other,2,1,Ni0.05Ta1S2,2.305,2.6775,3.05,0.526795
S:0.625000 Sr:0.125000 Ta:0.250000,other,2,1,Sr1Ta2S5,2.75,2.955,3.16,0.289914
Zr:0.800000 Nb:0.200000,other,2,1,Nb0.2Zr0.8,8,8.6,9.2,0.848528
Zr:0.333333 Os:0.666667,other,2,1,Os2Zr1,2.9,2.95,3,0.0707107
Sb:0.705882 Pr:0.047059 Nd:0.011765 Os:0.235294,other,2,1,Pr0.8Nd0.2Os4Sb12,1.43,1.52,1.61,0.127279
Se:0.181818 Pd:0.818182,other,2,1,Pd9Se2,0.64,0.67,0.7,0.0424264
O:0.538462 Cu:0.230769 Y:0.048077 Ba:0.153846 La:0.028846,cuprate,2,1,Y0.625La0.375Ba2Cu3O7,50,67.6,85.2,24.8902
O:0.538462 Cu:0.230769 Sr:0.015385 Y:0.076923 Ba:0.138462,cuprate,2,1,Y1Ba1.8Sr0.2Cu3O7,85,87.5,90,3.53553
O:0.538462 Cu:0.230769 Sr:0.038462 Y:0.076923 Ba:0.115385,cuprate,2,1,Y1Ba1.5Sr0.5Cu3O7,85.5,86.45,87.4,1.3435
O:0.538462 Cu:0.230769 Sr:0.040000 Y:0.076923 Ba:0.113846,cuprate,2,1,Y1Ba1.48Sr0.52Cu3O7,85,90,95,7.07107
O:0.538462 Cu:0.230769 Sr:0.076923 Ba:0.076923 Gd:0.076923,cuprate,2,1,Gd1Ba1Sr1Cu3O7,82,83.5,85,2.12132
Zr:0.750000 Pd:0.250000,other,2,2,Pd1Zr3; Zr0.75Pd0.25,2.96,2.98,3,0.0282843
O:0.538462 Cu:0.230769 Sr:0.076923 Y:0.030769 Ba:0.076923 Pr:0.046154,cuprate,2,1,Y0.4Pr0.6Ba1Sr1Cu3O7,21.4,22.2,23,1.13137
O:0.538462 Cu:0.230769 Sr:0.076923 Y:0.076923 Ba:0.076923,cuprate,2,2,Y1Ba1Sr1Cu3O7; Ba1Sr1Y1Cu3O7,81,81.85,82.7,1.20208
Sc:0.333333 Ir:0.666667,other,2,1,Ir2Sc1,1.03,1.55,2.07,0.735391
O:0.538462 Cu:0.230769 Y:0.038462 Ba:0.153846 La:0.023077 Pr:0.015385,cuprate,2,1,Y0.5La0.3Pr0.2Ba2Cu3O7,21,32.9,44.8,16.8291
Sc:0.137931 Sn:0.655172 Ir:0.206897,other,2,1,Sc4Ir6Sn19,1.1,1.25,1.4,0.212132
O:0.538462 Cu:0.230769 Y:0.043269 Ba:0.153846 La:0.025962 Pr:0.007692,cuprate,2,1,Y0.5625La0.3375Pr0.1Ba2Cu3O7,40,51.85,63.7,16.7584
Zr:0.750000 Ir:0.250000,other,2,2,Ir1Zr3; Ir0.25Zr0.75,2.13,5.065,8,4.15072
O:0.538462 Cu:0.230769 Ba:0.153846 Pr:0.076923,cuprate,2,1,Pr1Ba2Cu3O7,90,91,92,1.41421
O:0.538462 Cu:0.230769 Y:0.076923 Ba:0.146154 La:0.007692,cuprate,2,1,Y1Ba1.9La0.1Cu3O7,88.6,92.35,96.1,5.3033
O:0.538462 Cu:0.230769 Ba:0.153846 Pr:0.038462 Lu:0.038462,cuprate,2,1,Lu0.5Pr0.5Ba2Cu3O7,29,33,37,5.65685
Zr:0.666667 Ir:0.333333,other,2,1,Ir1Zr2,7.23,7.365,7.5,0.190919
Zr:0.625000 Sb:0.375000,other,2,1,Sb3Zr5,2.2,2.25,2.3,0.0707107
O:0.538462 Cu:0.230769 Y:0.065385 Ba:0.153846 Pr:0.011538,cuprate,2,1,Y0.85Pr0.15Ba2Cu3O7,80,82.25,84.5,3.18198
O:0.538462 Cu:0.230769 Y:0.066923 Ba:0.153846 Pr:0.010000,cuprate,2,1,Y0.87Pr0.13Ba2Cu3O7,78.35,81.675,85,4.70226
O:0.538462 Cu:0.230769 Ba:0.153846 Pr:0.030769 Gd:0.046154,cuprate,2,1,Gd0.6Pr0.4Ba2Cu3O7,16,18.45,20.9,3.46482
Sc:0.137931 Rh:0.206897 Sn:0.655172,other,2,1,Sc4Rh6Sn19,1.9,3.2,4.5,1.83848
Sb:1.000000,other,2,1,Sb1,0.7,2.125,3.55,2.01525
O:0.538462 Cu:0.230769 Ba:0.153846 Pr:0.026923 Gd:0.050000,cuprate,2,1,Gd0.65Pr0.35Ba2Cu3O7,15.5,22.95,30.4,10.5359
Sb:0.900000 Au:0.100000,other,2,1,Au0.1Sb0.9,7,7.5,8,0.707107
Zr:0.400000 Nb:0.600000,other,2,1,Nb0.6Zr0.4,10.3,10.525,10.75,0.318198
O:0.538462 Cu:0.230769 Y:0.076923 Ba:0.138462 La:0.015385,cuprate,2,1,Y1Ba1.8La0.2Cu3O7,76.3,79.05,81.8,3.88909
O:0.538462 Fe:0.005769 Cu:0.225000 Ba:0.153846 Gd:0.076923,cuprate,2,1,Gd1Ba2Cu2.925Fe0.075O7,64,72.65,81.3,12.2329
S:0.625000 Ba:0.125000 Ta:0.250000,other,2,1,Ba1Ta2S5,2.88,3.01,3.14,0.183848
O:0.538462 Mn:0.003462 Cu:0.227308 Y:0.076923 Ba:0.153846,cuprate,2,1,Y1Ba2Cu2.955Mn0.045O7,91,91.12,91.24,0.169706
Se:0.500000 Ag:0.212500 Sn:0.287500,other,2,1,Ag0.85Sn1.15Se2,6.12,6.175,6.23,0.0777817
Zn:0.750000 Au:0.250000,other,2,1,Au1Zn3,1.21,1.245,1.28,0.0494975
Si:0.400000 W:0.600000,other,2,2,Si0.4W0.6; Si2W3,2.84,2.84,2.84,0
Si:0.333333 Ga:0.333333 Sr:0.333333,other,2,1,Sr1Ga1Si1,4.9,5,5.1,0.141421
O:0.538462 Cu:0.230769 Ba:0.153846 La:0.061538 Pr:0.015385,cuprate,2,1,La0.8Pr0.2Ba2Cu3O7,20.5,40.15,59.8,27.7893
Si:0.400000 Y:0.200000 Pd:0.400000,other,2,1,Y1Pd2Si2,0.47,0.785,1.1,0.445477
O:0.538462 Fe:0.018462 Cu:0.212308 Y:0.076923 Ba:0.153846,cuprate,2,1,Y1Ba2Cu2.76Fe0.24O7,48.3,48.65,49,0.494975
S:0.571429 Cu:0.214286 Rh:0.214286,other,2,1,Cu1.5Rh1.5S4,4.5,4.55,4.6,0.0707107
Zn:0.666667 Zr:0.333333,other,2,1,Zn2Zr1,0.29,0.445,0.6,0.219203
Zr:0.900000 Mo:0.100000,other,2,1,Zr0.9Mo0.1,3.68,4.3,4.92,0.876812
S:0.571429 Cu:0.085714 Zn:0.057143 Ir:0.285714,other,2,1,Cu0.6Zn0.4Ir2S4,2.6,2.605,2.61,0.00707107
S:0.571429 Cu:0.071429 Zn:0.071429 Ir:0.285714,other,2,1,Cu0.5Zn0.5Ir2S4,2.19,2.195,2.2,0.00707107
Zr:0.900000 Rh:0.100000,other,2,1,Rh0.1Zr0.9,9,9.9,10.8,1.27279
S:0.571429 Cr:0.001143 Cu:0.142857 Rh:0.284571,other,2,2,Cr0.008Cu1Rh1.992S4; Cu1Rh1.992Cr0.008S4,0.9,2.4,3.9,2.12132
S:0.571429 Co:0.285714 Cu:0.142857,other,2,1,Cu1Co2S4,3.8,3.9,4,0.141421
S:0.571429 Co:0.257143 Cu:0.171429,other,2,1,Cu1.2Co1.8S4,1.7,2,2.3,0.424264
Zr:0.920000 Rh:0.080000,other,2,1,Rh0.08Zr0.92,6.1,7.85,9.6,2.47487
Si:0.400000 Y:0.200000 Pt:0.400000,other,2,1,Y1Pt2Si2,1.5,1.57,1.64,0.0989949
O:0.538462 Cu:0.230769 Ba:0.146154 Nd:0.084615,cuprate,2,1,Nd1.1Ba1.9Cu3O7,78.5,80.4,82.3,2.68701
Sc:0.333333 Re:0.666667,other,2,1,Re2Sc1,0.93,2.565,4.2,2.31224
S:0.533333 Se:0.133333 Ta:0.333333,other,2,1,Ta1S1.6Se0.4,3.84,3.97,4.1,0.183848
O:0.538462 Cu:0.230769 Ba:0.146154 Gd:0.084615,cuprate,2,1,Gd1.1Ba1.9Cu3O7,80.6,86.8,93,8.76812
Si:0.333333 Ga:0.333333 Ba:0.333333,other,2,1,Ba1Ga1Si1,3.9,4.05,4.2,0.212132
Se:0.582524 Sr:0.029126 Bi:0.388350,other,2,1,Sr0.15Bi2Se3,3.05,3.055,3.06,0.00707107
Se:0.600000 Nb:0.200000 Sn:0.200000,other,2,2,Nb1Se3Sn1; Sn1Nb1Se3,3.02,3.055,3.09,0.0494975
O:0.538462 Fe:0.030769 Cu:0.200000 Sr:0.153846 Y:0.076923,cuprate,2,1,Y1Sr2Cu2.6Fe0.4O7,21,29,37,11.3137
O:0.538462 Mg:0.076923 Ca:0.076923 Cu:0.211538 Ba:0.076923 Tl:0.019231,cuprate,2,1,Tl0.5Ba2Ca2Mg2Cu5.5O14,100,116.3,132.6,23.0517
O:0.538462 Mn:0.002308 Cu:0.228462 Y:0.076923 Ba:0.153846,cuprate,2,1,Y1Ba2Cu2.97Mn0.03O7,91,91.235,91.47,0.33234
Se:0.558824 Mo:0.441176,other,2,2,Mo6Se7.6; Mo15Se19,4.3,5.29,6.28,1.40007
Zn:0.869565 La:0.043478 Ir:0.086957,other,2,1,La1Ir2Zn20,0.58,0.59,0.6,0.0141421
Zn:0.869565 Pr:0.043478 Ir:0.086957,other,2,1,Pr1Ir2Zn20,0.05,0.06,0.07,0.0141421
O:0.538462 Cu:0.230769 Ba:0.153846 Pr:0.007692 Eu:0.069231,cuprate,2,1,Eu0.9Pr0.1Ba2Cu3O7,68.3,73.05,77.8,6.71751
Zr:0.820000 Ru:0.180000,other,2,1,Ru18Zr82,3.33,3.555,3.78,0.318198
O:0.545455 Ca:0.100000 Cu:0.181818 La:0.172727,cuprate,2,1,La1.9Ca1.1Cu2O6,39.5,41,42.5,2.12132
Zr:0.172414 Re:0.827586,other,2,1,Re24Zr5,3,3.875,4.75,1.23744
Zr:0.142857 Re:0.857143,other,2,1,Re6Zr1,6.7,7.05,7.4,0.494975
O:0.538462 Cu:0.230769 Ba:0.153846 Pr:0.011538 Nd:0.065385,cuprate,2,1,Nd0.85Pr0.15Ba2Cu3O7,40.7,50.2,59.7,13.435
O:0.538462 Cu:0.230769 Ba:0.153846 Pr:0.011538 Lu:0.065385,cuprate,2,1,Lu0.85Pr0.15Ba2Cu3O7,82.5,86.1,89.7,5.09117
Zr:0.850000 Nb:0.150000,other,2,1,Nb0.15Zr0.85,6.2,6.35,6.5,0.212132
Se:0.500000 Ag:0.237500 Sn:0.262500,other,2,1,Ag0.95Sn1.05Se2,5.21,5.245,5.28,0.0494975
Se:0.500000 Y:0.500000,other,2,1,Se1Y1,2.5,3.25,4,1.06066
O:0.538462 Fe:0.010000 Cu:0.220769 Y:0.076923 Ba:0.153846,cuprate,2,1,Y1Ba2Cu2.87Fe0.13O7,73.5,75.75,78,3.18198
O:0.538462 Cu:0.230769 Ba:0.153846 Pr:0.007692 Lu:0.069231,cuprate,2,1,Lu0.9Pr0.1Ba2Cu3O7,83,84.5,86,2.12132
S:0.606061 Mo:0.303030 Cs:0.090909,other,2,1,Cs0.3Mo1S2,6.3,6.55,6.8,0.353553
O:0.538462 Fe:0.011538 Cu:0.219231 Ba:0.153846 Gd:0.076923,cuprate,2,1,Gd1Ba2Cu2.85Fe0.15O7,47,55.05,63.1,11.3844
Zr:0.890000 Ru:0.110000,other,2,1,Ru11Zr89,3.84,3.87,3.9,0.0424264
O:0.538462 Cu:0.230769 Ba:0.153846 Pr:0.005385 Lu:0.071538,cuprate,2,1,Lu0.93Pr0.07Ba2Cu3O7,78,81.5,85,4.94975
S:0.600000 Ta:0.200000 Pb:0.200000,other,2,2,Pb1S3Ta1; Pb1Ta1S3,3.07,3.09,3.11,0.0282843
Zr:0.850000 Ta:0.150000,other,2,1,Ta0.15Zr0.85,4.28,4.29,4.3,0.0141421
S:0.600000 Sn:0.200000 Ta:0.200000,other,2,2,S3Sn1Ta1; Sn1Ta1S3,2.9,2.93,2.96,0.0424264
S:0.600000 Nb:0.200000 Sn:0.200000,other,2,2,Nb1S3Sn1; Sn1Nb1S3,2.75,2.8,2.85,0.0707107
O:0.538462 Cu:0.230769 Ba:0.153846 Pr:0.003846 Gd:0.073077,cuprate,2,1,Gd0.95Pr0.05Ba2Cu3O7,86.5,87.25,88,1.06066
O:0.538462 Fe:0.013846 Cu:0.216923 Y:0.076923 Ba:0.153846,cuprate,2,1,Y1Ba2Cu2.82Fe0.18O7,72.2,73.1,74,1.27279
S:0.600000 Nb:0.200000 Pb:0.200000,other,2,2,Nb1Pb1S3; Pb1Nb1S3,2.26,2.46,2.66,0.282843
Zr:0.860000 Rh:0.140000,other,2,1,Rh0.14Zr0.86,9.5,10.3,11.1,1.13137
S:0.588235 K:0.117647 Mo:0.294118,other,2,1,K0.4Mo1S2,5.5,5.8,6.1,0.424264
Se:0.533333 Mo:0.400000 Pb:0.066667,other,2,1,Pb1Mo6Se8,3.54,3.77,4,0.325269
O:0.538462 Fe:0.015000 Cu:0.215769 Y:0.076923 Ba:0.153846,cuprate,2,1,Y1Ba2Cu2.805Fe0.195O7,51,55.5,60,6.36396
Ru:0.666667 La:0.066667 Ce:0.266667,other,2,2,Ce0.8La0.2Ru2; La0.2Ce0.8Ru2,4.227,4.4985,4.77,0.383959
O:0.576869 Cu:0.141044 La:0.282087,cuprate,2,1,La2Cu1O4.09,32,37,42,7.07107
Si:0.526316 Sc:0.005263 Lu:0.257895 Ir:0.210526,other,2,1,Lu4.9Sc0.1Ir4Si10,5.77,5.835,5.9,0.0919239
Si:0.666667 Co:0.166667 Rh:0.166667,other,2,1,Co0.5Rh0.5Si2,2,2.25,2.5,0.353553
O:0.681818 K:0.090909 W:0.227273,other,2,2,K0.4O3W1; K0.4W1O3,1.5,1.62,1.74,0.169706
O:0.571429 Cu:0.142857 Sr:0.021429 La:0.235714 Nd:0.028571,cuprate,2,1,La1.65Nd0.2Sr0.15Cu1O4,20,24.5,29,6.36396
O:0.571429 Cu:0.142857 Sr:0.020714 La:0.265000,cuprate,2,1,La1.855Sr0.145Cu1O4,32.2,33.55,34.9,1.90919
O:0.571429 Cu:0.142857 Sr:0.019286 La:0.266429,cuprate,2,1,La1.865Sr0.135Cu1O4,31,33,35,2.82843
O:0.571429 Cu:0.142857 Sr:0.018857 La:0.266857,cuprate,2,1,La1.868Sr0.132Cu1O4,34.4,35.5,36.6,1.55563
O:0.702576 Rb:0.063232 W:0.234192,other,2,2,Rb0.27W1O3; O3Rb0.27W1,1.9,1.94,1.98,0.0565685
Ti:0.324675 Cu:0.025974 Se:0.649351,other,2,1,Cu0.08Ti1Se2,4.13,4.14,4.15,0.0141421
Ti:0.400000 V:0.500000 Nb:0.100000,other,2,2,Nb0.1Ti0.4V0.5; Nb10V50Ti40,5.3,6.2,7.1,1.27279
Ru:0.666667 La:0.050000 Ce:0.283333,other,2,2,Ce0.85La0.15Ru2; La0.15Ce0.85Ru2,5.35,5.611,5.872,0.36911
Ti:0.400000 V:0.600000,other,2,1,Ti0.4V0.6,7.3,7.38,7.46,0.113137
O:0.709220 Rb:0.054374 W:0.236407,other,2,1,Rb0.23W1O3,2.6,3.25,3.9,0.919239
Ti:0.500000 Nb:0.250000 Sb:0.250000,other,2,2,Nb0.25Sb0.25Ti0.5; Ti0.5Nb0.25Sb0.25,1.95,2,2.05,0.0707107
O:0.571429 Cu:0.142857 Sr:0.015857 La:0.269857,cuprate,2,1,La1.889Sr0.111Cu1O4,28.4,28.8,29.2,0.565685
O:0.571429 Cu:0.142857 Sr:0.015714 La:0.264286 Ho:0.005714,cuprate,2,1,La1.85Sr0.11Ho0.04Cu1O4,11.7,12.8,13.9,1.55563
O:0.714286 Na:0.047619 W:0.238095,other,2,2,Na0.2W1O3; Na0.2O3W1,0.55,1.8,3.05,1.76777
O:0.571429 Cu:0.142857 Sr:0.014286 Ba:0.003571 La:0.267857,cuprate,2,1,La1.875Ba0.025Sr0.1Cu1O4,29.1,29.65,30.2,0.777817
O:0.571429 Cu:0.142857 Sr:0.021429 La:0.250000 Nd:0.014286,cuprate,2,1,La1.75Nd0.1Sr0.15Cu1O4,31.7,31.75,31.8,0.0707107
Si:0.666667 La:0.333333,other,2,1,La1Si2,2.3,2.4,2.5,0.141421
O:0.571429 Cu:0.142857 Sr:0.021857 La:0.263857,cuprate,2,1,La1.847Sr0.153Cu1O4,37.6,39.25,40.9,2.33345
Ti:0.240385 Se:0.620192 Pb:0.139423,other,2,1,Pb1.16Ti2Se5.16,2.3,2.775,3.25,0.671751
O:0.636364 Co:0.005455 Cu:0.085455 Y:0.090909 Ba:0.181818,cuprate,2,1,Y1Ba2Cu0.94Co0.06O7,88.7,89.2,89.7,0.707107
O:0.636364 Co:0.006818 Cu:0.084091 Y:0.090909 Ba:0.181818,cuprate,2,1,Y1Ba2Cu0.925Co0.075O7,81.2,84,86.8,3.9598
Te:0.666667 Au:0.333333,other,2,1,Au1Te2,1.8,2.05,2.3,0.353553
Te:0.666667 Ir:0.306667 Pt:0.026667,other,2,1,Ir0.92Pt0.08Te2,2.28,2.385,2.49,0.148492
O:0.636364 Co:0.008182 Cu:0.082727 Y:0.090909 Ba:0.181818,cuprate,2,1,Y1Ba2Cu0.91Co0.09O7,76.1,81.25,86.4,7.2832
Te:0.666667 Ir:0.320000 Pt:0.013333,other,2,1,Ir0.96Pt0.04Te2,2.945,2.9725,3,0.0388909
Ti:0.100000 V:0.900000,other,2,1,Ti0.1V0.9,5.75,5.89,6.03,0.19799
O:0.636364 Co:0.010909 Cu:0.080000 Y:0.090909 Ba:0.181818,cuprate,2,1,Y1Ba2Cu0.88Co0.12O7,66.3,71.7,77.1,7.63675
O:0.652174 Nb:0.217391 Ba:0.130435,other,2,1,Ba6Nb10O30,1.6,1.625,1.65,0.0353553
Ti:0.100000 Zr:0.400000 Nb:0.500000,other,2,2,Nb0.5Ti0.1Zr0.4; Nb50Ti10Zr40,9.8,10.05,10.3,0.353553
O:0.571429 Cu:0.142857 Sr:0.024571 La:0.261143,cuprate,2,1,La1.828Sr0.172Cu1O4,37.5,39.35,41.2,2.6163
Ti:0.156000 Ni:0.220000 Zr:0.624000,other,2,1,Zr62.4Ti15.6Ni22,3.09,3.215,3.34,0.176777
Ti:0.170000 Re:0.830000,other,2,1,Re0.83Ti0.17,5.1,7.05,9,2.75772
Ti:0.200000 V:0.800000,other,2,1,Ti0.2V0.8,7.15,7.305,7.46,0.219203
O:0.666667 Cu:0.083333 Y:0.083333 Ba:0.166667,cuprate,2,1,Y1Ba2Cu1O8,80,82.25,84.5,3.18198
O:0.721154 Rb:0.038462 W:0.240385,other,2,1,Rb0.16W1O3,4.8,4.95,5.1,0.212132
O:0.724638 Ba:0.033816 W:0.241546,other,2,1,Ba0.14O3W1,1.25,1.725,2.2,0.671751
O:0.571429 Cu:0.142857 Sr:0.011429 La:0.217143 Nd:0.057143,cuprate,2,1,La1.52Nd0.4Sr0.08Cu1O4,6.62,7.98,9.34,1.92333
O:0.571429 Cu:0.142857 La:0.171429 Ce:0.021429 Nd:0.092857,cuprate,2,1,Nd0.65La1.2Ce0.15Cu1O4,5.8,15.9,26,14.2836
P:0.184000 Fe:0.400000 As:0.216000 Sr:0.200000,iron-based,2,1,Sr1Fe2As1.08P0.92,19.2,23,26.8,5.37401
P:0.200000 Fe:0.400000 As:0.200000 Sr:0.200000,iron-based,2,1,Sr1Fe2As1P1,3.69,9.095,14.5,7.64382
O:0.571429 Cu:0.142857 La:0.142857 Ce:0.012857 Pr:0.130000,cuprate,2,1,Pr0.91La1Ce0.09Cu1O4,24,24.6,25.2,0.848528
P:0.200000 Sr:0.200000 Pt:0.600000,other,2,1,Sr1Pt3P1,8.35,8.375,8.4,0.0353553
O:0.571429 Cu:0.142857 La:0.128571 Ce:0.021429 Nd:0.135714,cuprate,2,1,Nd0.95La0.9Ce0.15Cu1O4,18.4,20.2,22,2.54558
P:0.300000 Pd:0.700000,other,2,1,P3Pd7,0.7,0.85,1,0.212132
Ti:0.750000 Ir:0.250000,other,2,1,Ir1Ti3,4.97,5.185,5.4,0.304056
O:0.571429 Cu:0.142857 La:0.100000 Ce:0.021429 Nd:0.164286,cuprate,2,1,Nd1.15La0.7Ce0.15Cu1O4,18,18.5,19,0.707107
O:0.571429 Cu:0.142857 La:0.071429 Ce:0.021429 Nd:0.192857,cuprate,2,1,Nd1.35La0.5Ce0.15Cu1O4,18,18.55,19.1,0.777817
P:0.333333 Hf:0.333333 Os:0.333333,other,2,1,Hf1Os1P1,5.53,5.815,6.1,0.403051
O:0.571429 Cu:0.142857 La:0.042857 Ce:0.021429 Nd:0.221429,cuprate,2,1,Nd1.55La0.3Ce0.15Cu1O4,21.5,23.35,25.2,2.6163
O:0.571429 Cu:0.142857 La:0.028571 Ce:0.021429 Nd:0.235714,cuprate,2,1,Nd1.65La0.2Ce0.15Cu1O4,21.2,22.1,23,1.27279
P:0.333333 Nb:0.333333 Rh:0.333333,other,2,1,Nb1Rh1P1,4.08,4.25,4.42,0.240416
O:0.571429 Cu:0.142857 Ce:0.025714 Nd:0.260000,cuprate,2,1,Nd1.82Ce0.18Cu1O4,6,7.5,9,2.12132
P:0.333333 Rh:0.333333 Ta:0.333333,other,2,1,Ta1Rh1P1,4.41,4.635,4.86,0.318198
O:0.571429 Cu:0.142857 La:0.142857 Ce:0.021429 Nd:0.121429,cuprate,2,2,Nd0.85La1Ce0.15Cu1O4; La1Nd0.85Ce0.15Cu1O4,8.8,11.9,15,4.38406
P:0.156000 Fe:0.400000 As:0.244000 Sr:0.200000,iron-based,2,1,Sr1Fe2As1.22P0.78,24.9,27.35,29.8,3.46482
O:0.729927 In:0.026764 W:0.243309,other,2,1,In0.11O3W1,1.25,2.025,2.8,1.09602
O:0.571429 Cu:0.142857 La:0.264286 Ce:0.021429,cuprate,2,1,La1.85Ce0.15Cu1O4,8.5,9.25,10,1.06066
O:0.571429 Cu:0.142857 Sr:0.010714 Ba:0.007143 La:0.267857,cuprate,2,1,La1.875Ba0.05Sr0.075Cu1O4,13.5,15.25,17,2.47487
O:0.735294 Sr:0.019608 W:0.245098,other,2,1,O3Sr0.08W1,2,3,4,1.41421
O:0.744417 W:0.248139 Tl:0.007444,other,2,1,O3Tl0.03W1,2,2.07,2.14,0.0989949
O:0.750000 K:0.100000 Ba:0.150000,other,2,1,Ba0.6K0.4O3,30.6,30.7,30.8,0.141421
Os:0.300000 Ir:0.700000,other,2,1,Ir0.7Os0.3,0.0167,0.24835,0.48,0.327603
Os:0.500000 Ir:0.500000,other,2,1,Ir0.5Os0.5,0.98,1.69,2.4,1.00409
O:0.571429 Cu:0.142857 Sr:0.007143 Ba:0.010714 La:0.267857,cuprate,2,1,La1.875Ba0.075Sr0.05Cu1O4,8,8.8,9.6,1.13137
P:0.060000 Fe:0.400000 As:0.340000 Eu:0.200000,iron-based,2,1,Eu1Fe2As1.7P0.3,21,23,25,2.82843
O:0.571429 Cu:0.142857 Nd:0.285714,cuprate,2,1,Nd2Cu1O4,27,29.5,32,3.53553
O:0.571429 Cu:0.142857 La:0.275000 Ce:0.010714,cuprate,2,1,La1.925Ce0.075Cu1O4,3.92,14.46,25,14.9058
P:0.100000 Fe:0.400000 As:0.300000 Ba:0.200000,iron-based,2,1,Ba1Fe2As1.5P0.5,15.9,22.9,29.9,9.89949
O:0.571429 Cu:0.142857 La:0.272857 Ce:0.012857,cuprate,2,1,La1.91Ce0.09Cu1O4,18.2,20.35,22.5,3.04056
P:0.120000 Fe:0.400000 As:0.280000 Eu:0.200000,iron-based,2,1,Eu1Fe2As1.4P0.6,10,18,26,11.3137
P:0.140000 Fe:0.400000 As:0.260000 Ba:0.200000,iron-based,2,1,Ba1Fe2As1.3P0.7,30,30.25,30.5,0.353553
O:0.571429 Cu:0.142857 La:0.266429 Ce:0.019286,cuprate,2,1,La1.865Ce0.135Cu1O4,21.2,21.45,21.7,0.353553
Si:0.806452 Ba:0.193548,other,2,1,Ba24Si100,1.4,1.475,1.55,0.106066
Si:0.855655 Ba:0.144345,other,2,1,Ba7.76Si46,8,8.5,9,0.707107
O:0.600000 Ti:0.200000 Sr:0.190000 Ba:0.010000,other,2,1,Sr0.95Ba0.05Ti1O3,0.5,0.525,0.55,0.0353553
O:0.600000 Ba:0.200000 Pb:0.160000 Bi:0.040000,other,2,1,Ba1Pb0.8Bi0.2O3,9.5,9.875,10.25,0.53033
Ta:0.800000 W:0.200000,other,2,1,Ta0.8W0.2,0.88,1.04,1.2,0.226274
O:0.571429 Ni:0.002857 Cu:0.140000 Sr:0.031429 La:0.254286,cuprate,2,1,La1.78Sr0.22Cu0.98Ni0.02O4,17.4,17.55,17.7,0.212132
O:0.571429 Ni:0.002857 Cu:0.140000 Sr:0.028571 La:0.257143,cuprate,2,1,La1.8Sr0.2Cu0.98Ni0.02O4,16.8,16.95,17.1,0.212132
O:0.571429 Ni:0.002857 Cu:0.140000 Sr:0.024286 La:0.261429,cuprate,2,1,La1.83Sr0.17Cu0.98Ni0.02O4,22.1,22.45,22.8,0.494975
Ta:0.960000 W:0.040000,other,2,1,Ta0.96W0.04,3.3,3.4,3.5,0.141421
Sn:0.497487 Te:0.502513,other,2,1,Sn0.99Te1,0.024,0.02625,0.0285,0.00318198
O:0.600000 Ca:0.060000 Ti:0.200000 Sr:0.140000,other,2,1,Sr0.7Ca0.3Ti1O3,0.5,0.525,0.55,0.0353553
Tc:0.600000 W:0.400000,other,2,1,Tc0.6W0.4,7.88,7.89,7.9,0.0141421
O:0.571429 Ni:0.001429 Cu:0.141429 Sr:0.031429 La:0.254286,cuprate,2,1,La1.78Sr0.22Cu0.99Ni0.01O4,21.2,21.25,21.3,0.0707107
O:0.571429 Ni:0.001429 Cu:0.141429 Sr:0.024286 La:0.261429,cuprate,2,1,La1.83Sr0.17Cu0.99Ni0.01O4,29,30.1,31.2,1.55563
Te:0.250000 Bi:0.750000,other,2,1,Bi3Te1,0.75,0.875,1,0.176777
O:0.600000 In:0.400000,other,2,1,In2O3,3.2,3.3,3.4,0.141421
O:0.600000 K:0.068000 Ba:0.132000 Bi:0.200000,other,2,1,Ba0.66K0.34Bi1O3,26.2,28.1,30,2.68701
O:0.571429 Ni:0.001429 Cu:0.141429 Sr:0.014286 La:0.271429,cuprate,2,1,La1.9Sr0.1Cu0.99Ni0.01O4,11.5,12.3,13.1,1.13137
O:0.600000 K:0.076000 Ba:0.124000 Bi:0.200000,other,2,1,Ba0.62K0.38Bi1O3,21.5,25.5,29.5,5.65685
Ta:0.700000 Pt:0.300000,other,2,1,Pt0.3Ta0.7,1,1.225,1.45,0.318198
Sn:0.500000 Sb:0.500000,other,2,1,Sb1Sn1,1.3,1.43,1.56,0.183848
O:0.571429 Ni:0.000429 Cu:0.142429 Ce:0.021429 Nd:0.264286,cuprate,2,1,Nd1.85Ce0.15Cu0.997Ni0.003O4,15.3,15.65,16,0.494975
Sn:0.650000 La:0.150000 Ir:0.200000,other,2,1,La3Ir4Sn13,2.5,2.55,2.6,0.0707107
Sr:0.200000 Pd:0.400000 Sb:0.400000,other,2,1,Sr1Pd2Sb2,0.6,1.25,1.9,0.919239
O:0.575372 Cu:0.141543 La:0.283086,cuprate,2,1,La2Cu1O4.065,34,39.5,45,7.77817
O:0.575071 Cu:0.141643 La:0.283286,cuprate,2,1,La2Cu1O4.06,42,43.5,45,2.12132
O:0.573864 Cu:0.142045 La:0.284091,cuprate,2,1,La2Cu1O4.04,28,30,32,2.82843
O:0.571429 Ni:0.005714 Cu:0.137143 Sr:0.035714 La:0.250000,cuprate,2,1,La1.75Sr0.25Cu0.96Ni0.04O4,2.5,18.05,33.6,21.991
O:0.579243 Cu:0.140252 La:0.280505,cuprate,2,1,La2Cu1O4.13,28,31,34,4.24264
O:0.571429 Ni:0.005714 Cu:0.137143 Sr:0.021429 La:0.264286,cuprate,2,1,La1.85Sr0.15Cu0.96Ni0.04O4,0.001,3.2005,6.4,4.52478
O:0.571429 Ni:0.005000 Cu:0.137857 Sr:0.021429 La:0.264286,cuprate,2,1,La1.85Sr0.15Cu0.965Ni0.035O4,2.1,12.95,23.8,15.3442
Sn:0.900000 Bi:0.100000,other,2,1,Bi0.1Sn0.9,4.18,5.34,6.5,1.64049
Sn:0.750000 La:0.210000 Tm:0.040000,other,2,2,La0.84Sn3Tm0.16; La0.84Tm0.16Sn3,3.3,3.315,3.33,0.0212132
O:0.588235 Cu:0.117647 Sr:0.117647 Ru:0.058824 Ce:0.029412 Gd:0.088235,cuprate,2,1,Ru1Sr2Gd1.5Ce0.5Cu2O10,25,30.975,36.95,8.44993
Sn:0.666667 Ir:0.333333,other,2,1,Ir1Sn2,0.65,0.715,0.78,0.0919239
O:0.571429 Ni:0.004286 Cu:0.138571 Sr:0.024286 La:0.261429,cuprate,2,1,La1.83Sr0.17Cu0.97Ni0.03O4,14.4,14.8,15.2,0.565685
O:0.588235 Cu:0.117647 Sr:0.117647 Ru:0.058824 Ce:0.035294 Sm:0.082353,cuprate,2,1,Ru1Sr2Sm1.4Ce0.6Cu2O10,28,30,32,2.82843
O:0.588235 Cu:0.117647 Sr:0.117647 Ru:0.058824 Ce:0.047059 Eu:0.070588,cuprate,2,2,Eu1.2Ce0.8Sr2Ru1Cu2O10; Ru1Sr2Eu1.2Ce0.8Cu2O10,30,34,38,5.65685
O:0.571429 Ni:0.000714 Cu:0.142143 Ce:0.021429 Nd:0.264286,cuprate,2,1,Nd1.85Ce0.15Cu0.995Ni0.005O4,11.2,11.6,12,0.565685
O:0.571429 Ni:0.000143 Cu:0.142714 Ce:0.021429 Nd:0.264286,cuprate,2,1,Nd1.85Ce0.15Cu0.999Ni0.001O4,19.5,19.75,20,0.353553
O:0.571429 Cu:0.142857 Sr:0.028571 La:0.251429 Ho:0.005714,cuprate,2,1,La1.76Sr0.2Ho0.04Cu1O4,27.3,27.85,28.4,0.777817
O:0.571429 Cu:0.142857 Sr:0.142857 Ru:0.050000 Sn:0.021429 Eu:0.071429,cuprate,2,1,Ru0.7Sn0.3Sr2Eu1Cu2O8,20,24.75,29.5,6.71751
O:0.571429 Cu:0.142857 Sr:0.141429 Ru:0.071429 La:0.001429 Gd:0.071429,cuprate,2,1,Ru1Sr1.98La0.02Gd1Cu2O8,20.6,25.3,30,6.6468
O:0.571429 Cu:0.142857 Sr:0.107143 Y:0.082143 Ce:0.060714 Bi:0.035714,cuprate,2,2,Sr1.5Bi0.5Y1.15Ce0.85Cu2O8; Bi0.5Sr1.5Y1.15Ce0.85Cu2O8,32,33,34,1.41421
O:0.571429 Cu:0.142857 Sr:0.057143 Ce:0.028571 Nd:0.200000,cuprate,2,1,Nd1.4Ce0.2Sr0.4Cu1O4,22.7,22.9,23.1,0.282843
O:0.571429 Cu:0.142857 Sr:0.050000 La:0.235714,cuprate,2,2,La1.65Sr0.35Cu1O4; Sr0.35La1.65Cu1O4,18.3,22.15,26,5.44472
Te:0.500000 Pb:0.500000,other,2,1,Pb1Te1,5.19,5.215,5.24,0.0353553
O:0.600000 K:0.160000 Bi:0.240000,other,2,1,K0.8Bi1.2O3,8.7,9.45,10.2,1.06066
Sn:0.166667 Au:0.833333,other,2,1,Au5Sn1,0.7,0.9,1.1,0.282843
O:0.600000 K:0.180000 Bi:0.220000,other,2,1,K0.9Bi1.1O3,6.5,8.35,10.2,2.6163
O:0.571429 Cu:0.142857 Sr:0.035714 La:0.244286 Ho:0.005714,cuprate,2,1,La1.71Sr0.25Ho0.04Cu1O4,9.8,9.95,10.1,0.212132
Te:0.500000 Tl:0.005000 Pb:0.495000,other,2,1,Pb0.99Tl0.01Te1,1.14,1.22,1.3,0.113137
O:0.571429 Cu:0.142857 Sr:0.032857 La:0.252857,cuprate,2,1,La1.77Sr0.23Cu1O4,21,21.15,21.3,0.212132
O:0.538462 Cu:0.223846 Ga:0.006923 Y:0.076923 Ba:0.153846,cuprate,2,1,Y1Ba2Cu2.91Ga0.09O7,77.5,80.605,83.71,4.39113
O:0.600000 K:0.200000 Bi:0.200000,other,2,1,K1Bi1O3,9,9.6,10.2,0.848528
O:0.571429 Cu:0.142857 Sr:0.030000 La:0.255714,cuprate,2,1,La1.79Sr0.21Cu1O4,27,30,33,4.24264
O:0.600000 Sb:0.050000 Ba:0.200000 Pb:0.150000,other,2,1,Ba1Pb0.75Sb0.25O3,2.3,2.9,3.5,0.848528
O:0.571429 Cu:0.142857 Sr:0.142857 Ru:0.042857 Sn:0.028571 Gd:0.071429,cuprate,2,1,Ru0.6Sn0.4Sr2Gd1Cu2O8,18.05,24.525,31,9.15703
O:0.571429 Cu:0.142857 Sr:0.142857 Ru:0.050000 Sn:0.021429 Gd:0.071429,cuprate,2,1,Ru0.7Sn0.3Sr2Gd1Cu2O8,11,25,39,19.799
O:0.571429 Mn:0.008571 Cu:0.134286 Sr:0.034286 La:0.251429,cuprate,2,1,La1.76Sr0.24Cu0.94Mn0.06O4,34,35.5,37,2.12132
O:0.600000 K:0.111000 Ba:0.089000 Bi:0.200000,other,2,1,Ba0.445K0.555Bi1O3,14,15.5,17,2.12132
O:0.571429 Fe:0.001429 Cu:0.141429 Sr:0.022857 La:0.262857,cuprate,2,1,La1.84Sr0.16Cu0.99Fe0.01O4,30,32.5,35,3.53553
O:0.571429 Fe:0.001429 Cu:0.141429 Sr:0.021429 La:0.264286,cuprate,2,1,La1.85Sr0.15Cu0.99Fe0.01O4,17.7,25.35,33,10.8187
O:0.571429 Fe:0.001143 Cu:0.141714 Sr:0.021429 La:0.264286,cuprate,2,1,La1.85Sr0.15Cu0.992Fe0.008O4,20.4,22.565,24.73,3.06177
Te:0.375000 Tl:0.625000,other,2,1,Te3Tl5,2.078,2.144,2.21,0.0933381
O:0.571429 Fe:0.000714 Cu:0.142143 Sr:0.028571 La:0.257143,cuprate,2,1,La1.8Sr0.2Cu0.995Fe0.005O4,25.5,27.4,29.3,2.68701
O:0.571429 Cu:0.214286 Y:0.071429 Ba:0.142857,cuprate,2,1,Y1Ba2Cu3O8,80,86.5,93,9.19239
O:0.571429 Cu:0.157143 Sr:0.142857 Ru:0.057143 Gd:0.071429,cuprate,2,2,Ru0.8Sr2Gd1Cu2.2O8; Gd1Sr2Ru0.8Cu2.2O8,28.4,49.2,70,29.4156
O:0.571429 Cu:0.150000 Sr:0.142857 Ru:0.064286 Gd:0.071429,cuprate,2,2,Ru0.9Sr2Gd1Cu2.1O8; Gd1Sr2Ru0.9Cu2.1O8,37.75,51.375,65,19.2687
O:0.571429 Cu:0.142857 Y:0.171429 Ba:0.114286,cuprate,2,1,Y1.2Ba0.8Cu1O4,75,84.75,94.5,13.7886
O:0.571429 Cu:0.142857 Sr:0.142857 Y:0.071429 Ru:0.071429,cuprate,2,1,Ru1Sr2Y1Cu2O8,35,40,45,7.07107
O:0.571429 Cu:0.142857 Sr:0.142857 Ru:0.071429 Gd:0.042857 Dy:0.028571,cuprate,2,1,Ru1Sr2Gd0.6Dy0.4Cu2O8,43.25,50.625,58,10.4298
Te:0.428571 Bi:0.571429,other,2,1,Bi4Te3,2.1,5.25,8.4,4.45477
O:0.571429 Cu:0.142857 Sr:0.142857 Ru:0.067857 Rh:0.003571 Gd:0.071429,cuprate,2,1,Ru0.95Rh0.05Sr2Gd1Cu2O8,32.85,34.575,36.3,2.43952
O:0.571429 Cu:0.142857 Sr:0.142857 Ru:0.064286 Sn:0.007143 Eu:0.071429,cuprate,2,1,Ru0.9Sn0.1Sr2Eu1Cu2O8,16,22.2,28.4,8.76812
O:0.571429 Cu:0.142857 Sr:0.142857 Ru:0.064286 Rh:0.007143 Gd:0.071429,cuprate,2,1,Ru0.9Rh0.1Sr2Gd1Cu2O8,19.3,25.15,31,8.27315
Ti:0.750000 Nb:0.250000,other,2,2,Nb0.25Ti0.75; Nb25Ti75,7.2,7.3,7.4,0.141421
P:0.333333 Ti:0.333333 Ru:0.333333,other,2,1,Ti1Ru1P1,1.3,1.315,1.33,0.0212132
P:0.333333 Zr:0.333333 Rh:0.333333,other,2,1,Zr1Rh1P1,1.5,1.525,1.55,0.0353553
Rh:0.300000 La:0.700000,other,2,1,La7Rh3,2.58,2.59,2.6,0.0141421
O:0.555556 Cu:0.111111 Ba:0.222222 Tl:0.111111,cuprate,2,1,Tl1Ba2Cu1O5,15,55,95,56.5685
O:0.555556 Cu:0.111111 Ba:0.166667 La:0.055556 Tl:0.111111,cuprate,2,1,Tl1Ba1.5La0.5Cu1O5,33.3,34.15,35,1.20208
Rh:0.400000 Ta:0.600000,other,2,2,Rh0.4Ta0.6; Rh2Ta3,2.35,2.35,2.35,0
O:0.555556 Cu:0.111111 Ba:0.144444 La:0.077778 Tl:0.111111,cuprate,2,1,Tl1Ba1.3La0.7Cu1O5,38.8,39.4,40,0.848528
V:0.300000 Tc:0.700000,other,2,1,Tc0.7V0.3,6.41,7.355,8.3,1.33643
V:0.500000 Nb:0.250000 Sn:0.250000,other,2,2,Nb0.25Sn0.25V0.5; V2Nb1Sn1,5.5,5.5,5.5,0
O:0.555556 Cu:0.111111 Ba:0.122222 La:0.100000 Tl:0.111111,cuprate,2,1,Tl1Ba1.1La0.9Cu1O5,38.4,39,39.6,0.848528
Rh:0.500000 Bi:0.500000,other,2,1,Bi1Rh1,2.02,2.04,2.06,0.0282843
V:0.500000 Sn:0.250000 Ta:0.250000,other,2,2,Sn0.25Ta0.25V0.5; V2Ta1Sn1,2.8,2.8,2.8,0
O:0.555556 Cr:0.033333 Cu:0.111111 Sr:0.188889 Tl:0.111111,cuprate,2,1,Tl1Sr1.7Cr0.3Cu1O5,47,61.5,76,20.5061
Ru:0.011765 Sb:0.705882 Pr:0.058824 Os:0.223529,other,2,1,Pr1Os3.8Ru0.2Sb12,1.63,1.655,1.68,0.0353553
Ru:0.023529 Sb:0.705882 Pr:0.058824 Os:0.211765,other,2,1,Pr1Os3.6Ru0.4Sb12,1.58,1.6,1.62,0.0282843
O:0.554896 Cu:0.222552 Sr:0.148368 Tm:0.074184,cuprate,2,1,Sr2Tm1Cu3O7.48,55,58.5,62,4.94975
O:0.553571 Cu:0.089286 Sr:0.147321 La:0.035714 Bi:0.174107,cuprate,2,1,Bi1.95Sr1.65La0.4Cu1O6.2,10,20.25,30.5,14.4957
O:0.549550 Cu:0.090090 Ba:0.180180 Tl:0.180180,cuprate,2,1,Tl2Ba2Cu1O6.1,92.4,92.45,92.5,0.0707107
O:0.555556 Cu:0.111111 Sr:0.111111 Ba:0.111111 Tl:0.111111,cuprate,2,1,Tl1Ba1Sr1Cu1O5,41.5,49,56.5,10.6066
O:0.555556 Cu:0.111111 Sr:0.111111 La:0.111111 Tl:0.111111,cuprate,2,2,Tl1La1Sr1Cu1O5; Tl1Sr1La1Cu1O5,32,33,34,1.41421
O:0.545455 Cu:0.090909 Sr:0.181818 Pb:0.018182 Bi:0.163636,cuprate,2,1,Bi1.8Pb0.2Sr2Cu1O6,14,17,20,4.24264
V:0.285714 Ga:0.714286,other,2,1,Ga5V2,3.55,3.57,3.59,0.0282843
O:0.562500 Cu:0.125000 Sr:0.112500 Cd:0.031250 Ce:0.037500 Eu:0.100000 Pb:0.031250,cuprate,2,1,Pb0.5Cd0.5Sr1.8Eu1.6Ce0.6Cu2O9,15.5,27.25,39,16.617
O:0.562500 Cu:0.125000 Ba:0.109375 Ce:0.031250 Eu:0.109375 Tl:0.062500,cuprate,2,1,Tl1Ba1.75Eu1.75Ce0.5Cu2O9,25.5,32.75,40,10.253
O:0.561404 Fe:0.073099 Cu:0.146199 Sr:0.146199 Y:0.073099,cuprate,2,1,Fe1Sr2Y1Cu2O7.68,50,53,56,4.24264
V:0.200000 Re:0.800000,other,2,1,Re0.8V0.2,5.2,6.2,7.2,1.41421
O:0.560440 Cu:0.219780 Sr:0.146520 Y:0.073260,cuprate,2,1,Sr2Y1Cu3O7.65,69,69.5,70,0.707107
O:0.555556 Mg:0.083333 Ca:0.027778 Ni:0.083333 Cu:0.111111 Ba:0.111111 Tl:0.027778,cuprate,2,1,Tl0.5Ba2Ca0.5Mg1.5Cu2Ni1.5O10,100,101.75,103.5,2.47487
Rh:0.206897 Sn:0.655172 Er:0.137931,other,2,2,Er4Rh6Sn19; Sn19Er4Rh6,1.2,1.26,1.32,0.0848528
O:0.555556 Mg:0.055556 Ca:0.055556 Ni:0.083333 Cu:0.111111 Ba:0.111111 Tl:0.027778,cuprate,2,1,Tl0.5Ba2Ca1Mg1Cu2Ni1.5O10,99.8,101.15,102.5,1.90919
V:0.250000 Nb:0.250000 Sn:0.250000 Ta:0.250000,other,2,2,Nb0.25Sn0.25Ta0.25V0.25; Nb1Ta1V1Sn1,6.2,6.2,6.2,0
O:0.555556 Mg:0.027778 Ca:0.083333 Ni:0.083333 Cu:0.111111 Ba:0.111111 Tl:0.027778,cuprate,2,1,Tl0.5Ba2Ca1.5Mg0.5Cu2Ni1.5O10,99.7,100.35,101,0.919239
V:0.250000 Nb:0.500000 Sn:0.250000,other,2,2,Nb0.5Sn0.25V0.25; V1Nb2Sn1,9.8,9.8,9.8,0
V:0.250000 Sn:0.250000 Ta:0.500000,other,2,2,Sn0.25Ta0.5V0.25; V1Ta2Sn1,3.7,3.7,3.7,0
O:0.555556 Cu:0.111111 Sr:0.222222 Pb:0.111111,cuprate,2,1,Pb1Sr2Cu1O5,20,30,40,14.1421
O:0.555556 Cu:0.111111 Sr:0.133333 Mo:0.011111 La:0.088889 Tl:0.100000,cuprate,2,1,Tl0.9Mo0.1Sr1.2La0.8Cu1O5,34,37,40,4.24264
Rh:0.250000 Bi:0.750000,other,2,1,Bi3Rh1,3.15,3.175,3.2,0.0353553
V:0.500000 Ta:0.500000,other,2,1,Ta0.5V0.5,2.35,2.54,2.73,0.268701
O:0.578059 Cu:0.140647 La:0.281294,cuprate,2,1,La2Cu1O4.11,42,43.5,45,2.12132
O:0.567723 Cu:0.144092 Sr:0.028818 La:0.115274 Sm:0.144092,cuprate,2,1,Sm1La0.8Sr0.2Cu1O3.94,24.6,24.8,25,0.282843
O:0.545455 Cu:0.090909 Sr:0.143636 La:0.029091 Bi:0.190909,cuprate,2,1,Bi2.1Sr1.58La0.32Cu1O6,13.5,14.25,15,1.06066
Ru:0.250000 La:0.750000,other,2,1,La3Ru1,4.2,4.875,5.55,0.954594
Ru:0.300000 La:0.700000,other,2,1,La7Ru3,1.75,1.835,1.92,0.120208
Ru:0.400000 W:0.600000,other,2,1,Ru0.4W0.6,4.67,4.835,5,0.233345
Ru:0.500000 Bi:0.500000,other,2,1,Bi1Ru1,4.12,4.91,5.7,1.11723
Ru:0.666667 Ce:0.266667 Tb:0.066667,other,2,1,Ce0.8Tb0.2Ru2,2.52,2.56,2.6,0.0565685
Si:0.526316 Sc:0.026316 Lu:0.236842 Ir:0.210526,other,2,1,Lu4.5Sc0.5Ir4Si10,6.03,6.06,6.09,0.0424264
V:0.666667 Zr:0.133333 Hf:0.200000,other,2,2,Hf0.6V2Zr0.4; Hf0.6Zr0.4V2,9.9,9.935,9.97,0.0494975
Ru:0.666667 La:0.010000 Ce:0.323333,other,2,1,Ce0.97La0.03Ru2,5.89,6.17,6.45,0.39598
O:0.545455 Cu:0.090909 Sr:0.118182 La:0.063636 Bi:0.181818,cuprate,2,1,Bi2Sr1.3La0.7Cu1O6,10,15,20,7.07107
V:0.704000 Ga:0.296000,other,2,2,Ga0.296V0.704; Ga29.6V70.4,12.1,12.1,12.1,0
O:0.545455 Cu:0.090909 Sr:0.115455 La:0.066364 Bi:0.181818,cuprate,2,1,Bi2Sr1.27La0.73Cu1O6,14,15.5,17,2.12132
V:0.719000 Ga:0.281000,other,2,2,Ga0.281V0.719; Ga28.1V71.9,12.2,12.2,12.2,0
V:0.735000 Ga:0.265000,other,2,2,Ga0.265V0.735; Ga26.5V73.5,13.6,13.6,13.6,0
Ru:0.666667 La:0.030000 Ce:0.303333,other,2,1,Ce0.91La0.09Ru2,5.25,5.91,6.57,0.933381
V:0.747000 Ga:0.253000,other,2,2,Ga0.253V0.747; Ga25.3V74.7,14.9,14.9,14.9,0
V:0.666667 Ta:0.333333,other,2,1,Ta1V2,2.8,3.2,3.6,0.565685
O:0.545455 Cu:0.090909 Sr:0.145455 Eu:0.036364 Bi:0.181818,cuprate,2,1,Bi2Sr1.6Eu0.4Cu1O6,16,16.45,16.9,0.636396
O:0.545455 Cu:0.090909 Sr:0.171818 Bi:0.191818,cuprate,2,1,Bi2.11Sr1.89Cu1O6,6.8,7.65,8.5,1.20208
O:0.545455 Cu:0.090909 Sr:0.145455 Gd:0.036364 Bi:0.181818,cuprate,2,1,Bi2Sr1.6Gd0.4Cu1O6,12.27,12.585,12.9,0.445477
O:0.545455 Cu:0.090909 Sr:0.170909 Pb:0.034545 Bi:0.158182,cuprate,2,1,Bi1.74Pb0.38Sr1.88Cu1O6,7,14,21,9.89949
O:0.545455 Cu:0.090909 Sr:0.163636 La:0.018182 Bi:0.181818,cuprate,2,1,Bi2Sr1.8La0.2Cu1O6,12,14.1,16.2,2.96985
Ru:0.047059 Sb:0.705882 Pr:0.058824 Os:0.188235,other,2,1,Pr1Os3.2Ru0.8Sb12,1.44,1.49,1.54,0.0707107
O:0.545455 Cu:0.090909 Sr:0.160909 La:0.020909 Bi:0.181818,cuprate,2,1,Bi2Sr1.77La0.23Cu1O6,28,29.75,31.5,2.47487
O:0.545455 Cu:0.090909 Sr:0.158182 La:0.014545 Bi:0.190909,cuprate,2,1,Bi2.1Sr1.74La0.16Cu1O6,7.5,8.265,9.03,1.08187
Ru:0.117647 Sb:0.705882 Pr:0.058824 Os:0.117647,other,2,1,Pr1Os2Ru2Sb12,0.8,0.805,0.81,0.00707107
O:0.545455 Cu:0.090909 Sr:0.150000 La:0.036364 Bi:0.177273,cuprate,2,1,Bi1.95Sr1.65La0.4Cu1O6,13,14,15,1.41421
Ru:0.141176 Sb:0.705882 Pr:0.058824 Os:0.094118,other,2,1,Pr1Os1.6Ru2.4Sb12,0.75,0.755,0.76,0.00707107
Ru:0.164706 Sb:0.705882 Pr:0.058824 Os:0.070588,other,2,1,Pr1Os1.2Ru2.8Sb12,0.8,0.805,0.81,0.00707107
Ru:0.200000 Sb:0.705882 Pr:0.058824 Os:0.035294,other,2,1,Pr1Os0.6Ru3.4Sb12,0.94,0.955,0.97,0.0212132
O:0.545455 Cu:0.090909 Sr:0.148182 La:0.024545 Bi:0.190909,cuprate,2,1,Bi2.1Sr1.63La0.27Cu1O6,14.1,14.6,15.1,0.707107
Ru:0.200000 Sn:0.650000 La:0.150000,other,2,1,La3Ru4Sn13,1.55,2.65,3.75,1.55563
O:0.545455 Cu:0.090909 Sr:0.146364 La:0.035455 Bi:0.181818,cuprate,2,1,Bi2Sr1.61La0.39Cu1O6,36,37.4,38.8,1.9799
O:0.545455 Cu:0.090909 Sr:0.145455 Nd:0.036364 Bi:0.181818,cuprate,2,1,Bi2Sr1.6Nd0.4Cu1O6,29.5,29.785,30.07,0.403051
V:0.666667 Hf:0.300000 Ta:0.033333,other,2,2,V2Hf0.9Ta0.1; Hf0.9Ta0.1V2,9.49,9.655,9.82,0.233345
Rh:0.206897 Sn:0.620690 Tm:0.172414,other,2,1,Tm5Rh6Sn18,2.19,2.22,2.25,0.0424264
O:0.568345 Cu:0.143885 Sr:0.028777 La:0.258993,cuprate,2,1,La1.8Sr0.2Cu1O3.95,29,29.7,30.4,0.989949
O:0.571429 Cu:0.142857 Ce:0.022857 Pr:0.262857,cuprate,2,1,Pr1.84Ce0.16Cu1O4,12.3,14.6,16.9,3.25269
Ti:0.990000 Rh:0.010000,other,2,1,Rh0.01Ti0.99,1.16,1.78,2.4,0.876812
Si:0.600000 Ba:0.200000 Pt:0.200000,other,2,1,Ba1Pt1Si3,1.75,1.875,2,0.176777
Ti:0.995000 Rh:0.005000,other,2,1,Rh0.005Ti0.995,0.79,1.295,1.8,0.714178
O:0.571429 Cu:0.142857 Ba:0.016857 La:0.268857,cuprate,2,1,La1.882Ba0.118Cu1O4,9,9.1,9.2,0.141421
Pd:0.033033 Te:0.666667 Au:0.300300,other,2,2,Au0.3Pd0.033Te0.666; Au30Pd3.3Te66.6,2.6,2.6,2.6,0
O:0.571429 Cu:0.142857 Ba:0.015429 La:0.270286,cuprate,2,1,La1.892Ba0.108Cu1O4,10.7,16.4,22.1,8.06102
O:0.571429 Cu:0.142857 Ba:0.013571 La:0.272143,cuprate,2,1,La1.905Ba0.095Cu1O4,27,29,31,2.82843
Pd:0.090909 In:0.727273 Ce:0.181818,other,2,1,Ce2Pd1In8,0.68,0.69,0.7,0.0141421
Pd:0.130435 Te:0.695652 Ta:0.173913,other,2,1,Ta4Pd3Te16,4.3,4.38,4.46,0.113137
O:0.571429 Cu:0.142857 Ba:0.010714 La:0.275000,cuprate,2,1,La1.925Ba0.075Cu1O4,24,29,34,7.07107
O:0.571429 Cu:0.142857 Ba:0.010000 La:0.275714,cuprate,2,1,La1.93Ba0.07Cu1O4,19,21.2,23.4,3.11127
Pd:0.165000 Sb:0.835000,other,2,2,Pd0.165Sb0.835; Pd16.5Sb83.5,4.9,4.9,4.9,0
Pd:0.166000 Te:0.667000 Au:0.167000,other,2,2,Au0.167Pd0.166Te0.667; Au16.7Pd16.6Te66.7,4.6,4.6,4.6,0
Si:0.526316 Sc:0.263158 Rh:0.210526,other,2,1,Sc5Rh4Si10,8.27,8.405,8.54,0.190919
O:0.571429 Cu:0.142500 Zn:0.000357 Sr:0.031429 La:0.254286,cuprate,2,1,La1.78Sr0.22Cu0.9975Zn0.0025O4,18.5,19.25,20,1.06066
O:0.571429 Cu:0.142500 Zn:0.000357 Sr:0.014286 La:0.271429,cuprate,2,1,La1.9Sr0.1Cu0.9975Zn0.0025O4,23.6,23.655,23.71,0.0777817
Pb:0.550000 Bi:0.450000,other,2,1,Bi0.45Pb0.55,7,7.7,8.4,0.989949
Si:0.600000 Ca:0.200000 Ir:0.200000,other,2,1,Ca1Ir1Si3,3,3.3,3.6,0.424264
Pd:0.333333 Pb:0.666667,other,2,1,Pb2Pd1,2.95,2.98,3.01,0.0424264
O:0.571429 Cu:0.142857 Ba:0.020286 La:0.265429,cuprate,2,1,La1.858Ba0.142Cu1O4,28.9,28.95,29,0.0707107
Ti:0.800000 V:0.200000,other,2,1,Ti0.8V0.2,4.1,4.125,4.15,0.0353553
O:0.571429 Cu:0.142857 Ce:0.022857 Nd:0.262857,cuprate,2,1,Nd1.84Ce0.16Cu1O4,21.75,22.175,22.6,0.601041
P:0.333333 Zr:0.333333 Ru:0.316667 Rh:0.016667,other,2,1,Zr1Ru0.95Rh0.05P1,3,6.15,9.3,4.45477
Si:0.600000 Pd:0.200000 La:0.200000,other,2,1,La1Pd1Si3,2.6,2.625,2.65,0.0353553
Ti:0.840000 Mo:0.160000,other,2,1,Mo0.16Ti0.84,4.18,4.213,4.246,0.046669
Ti:0.850000 Pd:0.150000,other,2,1,Pd0.15Ti0.85,3.82,4.32,4.82,0.707107
O:0.571429 Cu:0.142857 Ba:0.285714,cuprate,2,1,Ba2Cu1O4,42.5,48,53.5,7.77817
O:0.571429 Cu:0.142857 Ba:0.031429 La:0.254286,cuprate,2,1,La1.78Ba0.22Cu1O4,5.4,18.7,32,18.809
Ti:0.900000 Pd:0.100000,other,2,1,Pd0.1Ti0.9,3.67,4.335,5,0.940452
O:0.571429 Cu:0.142857 Ba:0.025714 La:0.260000,cuprate,2,1,La1.82Ba0.18Cu1O4,22,23.1,24.2,1.55563
P:0.428571 Mo:0.571429,other,2,1,Mo4P3,2.5,2.75,3,0.353553
P:0.500000 Ga:0.500000,other,2,1,Ga1P1,6.2,8.25,10.3,2.89914
Ti:0.970000 Rh:0.030000,other,2,1,Rh0.03Ti0.97,1.34,1.62,1.9,0.39598
Ti:0.980000 Rh:0.020000,other,2,1,Rh0.02Ti0.98,1.73,2.465,3.2,1.03945
P:0.500000 S:0.166667 Hf:0.333333,other,2,1,Hf1P1.5S0.5,4.63,4.97,5.31,0.480833
Tl:0.666667 Pb:0.333333,other,2,1,Pb1Tl2,3.75,3.925,4.1,0.247487
Pd:0.333333 Te:0.666667,other,2,1,Pd1Te2,1.53,1.61,1.69,0.113137
Rh:0.176471 Bi:0.823529,other,2,2,Bi14Rh3; Rh3Bi14,2.85,2.895,2.94,0.0636396
O:0.571429 Cu:0.140000 Zn:0.002857 Ce:0.021429 Nd:0.264286,cuprate,2,1,Nd1.85Ce0.15Cu0.98Zn0.02O4,8.7,10.85,13,3.04056
O:0.571429 Cu:0.138571 Sr:0.030000 Ru:0.004286 La:0.255714,cuprate,2,1,La1.79Sr0.21Cu0.97Ru0.03O4,14.8,19.4,24,6.50538
O:0.571429 Cu:0.128571 Ag:0.014286 Ba:0.014286 La:0.271429,cuprate,2,1,Ba0.1La1.9Ag0.1Cu0.9O4,26,26.5,27,0.707107
O:0.571429 Co:0.002857 Cu:0.140000 Sr:0.024286 La:0.261429,cuprate,2,1,La1.83Sr0.17Cu0.98Co0.02O4,16,17,18,1.41421
Si:0.526316 Sc:0.078947 Lu:0.184211 Ir:0.210526,other,2,1,Lu3.5Sc1.5Ir4Si10,7.64,7.665,7.69,0.0353553
O:0.571429 Co:0.001429 Cu:0.141429 Sr:0.022857 La:0.262857,cuprate,2,1,La1.84Sr0.16Cu0.99Co0.01O4,29,29.5,30,0.707107
O:0.571429 Co:0.001429 Cu:0.141429 Sr:0.021429 La:0.264286,cuprate,2,1,La1.85Sr0.15Cu0.99Co0.01O4,24.86,25.03,25.2,0.240416
O:0.571429 Co:0.000714 Cu:0.142143 Sr:0.021429 La:0.264286,cuprate,2,1,La1.85Sr0.15Cu0.995Co0.005O4,32.17,32.585,33,0.586899
O:0.571429 Co:0.000571 Cu:0.142286 Ce:0.021429 Nd:0.264286,cuprate,2,1,Nd1.85Ce0.15Cu0.996Co0.004O4,9.6,10.4,11.2,1.13137
O:0.571429 Co:0.000286 Cu:0.142571 Ce:0.021429 Nd:0.264286,cuprate,2,1,Nd1.85Ce0.15Cu0.998Co0.002O4,14.4,15.45,16.5,1.48492
Rh:0.035714 In:0.714286 Ce:0.142857 Ir:0.107143,other,2,1,Ce1Rh0.25Ir0.75In5,0.62,0.63,0.64,0.0141421
Si:0.526316 Sc:0.052632 Lu:0.210526 Ir:0.210526,other,2,1,Lu4Sc1Ir4Si10,6.54,6.59,6.64,0.0707107
V:0.125000 Nb:0.500000 Sn:0.250000 Ta:0.125000,other,2,2,Nb0.5Sn0.25Ta0.125V0.125; Nb2Ta0.5V0.5Sn1,12.2,12.2,12.2,0
V:0.125000 Nb:0.625000 Sn:0.250000,other,2,2,Nb0.625Sn0.25V0.125; V0.5Nb2.5Sn1,14.2,14.2,14.2,0
O:0.571429 Ca:0.017857 Cu:0.142857 La:0.267857,cuprate,2,1,La1.875Ca0.125Cu1O4,21.7,23.85,26,3.04056
O:0.571429 Ca:0.011429 Cu:0.142857 La:0.274286,cuprate,2,1,La1.92Ca0.08Cu1O4,14,15,16,1.41421
O:0.571429 Cu:0.140000 Sr:0.027143 Ru:0.002857 La:0.258571,cuprate,2,1,La1.81Sr0.19Cu0.98Ru0.02O4,13.5,21.75,30,11.6673
O:0.571429 Cu:0.140000 Zn:0.002857 Sr:0.031429 La:0.254286,cuprate,2,1,La1.78Sr0.22Cu0.98Zn0.02O4,9.51,9.555,9.6,0.0636396
O:0.571429 Cu:0.142143 Zn:0.000714 Sr:0.028571 La:0.257143,cuprate,2,1,La1.8Sr0.2Cu0.995Zn0.005O4,19.5,22.8,26.1,4.6669
Si:0.526316 Sc:0.131579 Lu:0.131579 Ir:0.210526,other,2,1,Lu2.5Sc2.5Ir4Si10,7.9,7.915,7.93,0.0212132
Pd:0.490196 Te:0.509804,other,2,1,Pd1Te1.04,2.11,2.28,2.45,0.240416
O:0.571429 Cu:0.142143 Zn:0.000714 Sr:0.014286 La:0.271429,cuprate,2,1,La1.9Sr0.1Cu0.995Zn0.005O4,19.1,19.645,20.19,0.770746
Pd:0.500000 In:0.250000 Hf:0.250000,other,2,2,Pd2Hf1In1; Hf1Pd2In1,2.4,2.63,2.86,0.325269
O:0.571429 Cu:0.141786 Zn:0.001071 Sr:0.014286 La:0.271429,cuprate,2,1,La1.9Sr0.1Cu0.9925Zn0.0075O4,14.5,14.865,15.23,0.516188
Pd:0.500000 Sn:0.250000 Tm:0.250000,other,2,2,Pd2Tm1Sn1; Tm1Pd2Sn1,1.92,2.37,2.82,0.636396
Tl:0.740000 Bi:0.260000,other,2,1,Bi0.26Tl0.74,4.15,4.275,4.4,0.176777
Si:0.526316 Sc:0.250000 Lu:0.013158 Ir:0.210526,other,2,1,Lu0.25Sc4.75Ir4Si10,7.87,7.91,7.95,0.0565685
Pd:0.500000 Yb:0.250000 Pb:0.250000,other,2,1,Pd2Yb1Pb1,2.5,2.65,2.8,0.212132
Si:0.526316 Sc:0.210526 Lu:0.052632 Ir:0.210526,other,2,1,Lu1Sc4Ir4Si10,7.63,7.655,7.68,0.0353553
Pt:0.200000 Pb:0.800000,other,2,2,Pb0.8Pt0.2; Pb4Pt1,2.8,2.8,2.8,0
O:0.571429 Cu:0.141429 Zn:0.001429 Ce:0.021429 Nd:0.264286,cuprate,2,1,Nd1.85Ce0.15Cu0.99Zn0.01O4,15.1,15.3,15.5,0.282843
O:0.571429 Cu:0.141429 Sr:0.024286 Ru:0.001429 La:0.261429,cuprate,2,1,La1.83Sr0.17Cu0.99Ru0.01O4,30,30.55,31.1,0.777817
O:0.571429 Cu:0.141143 Zn:0.001714 Sr:0.021429 La:0.264286,cuprate,2,1,La1.85Sr0.15Cu0.988Zn0.012O4,20.2,21.95,23.7,2.47487
Si:0.526316 Sc:0.184211 Dy:0.078947 Ir:0.210526,other,2,1,Sc3.5Dy1.5Ir4Si10,3.93,4.465,5,0.756604
O:0.571429 Cu:0.140429 Zn:0.002429 Sr:0.021429 La:0.264286,cuprate,2,1,La1.85Sr0.15Cu0.983Zn0.017O4,16,19.4,22.8,4.80833
O:0.600000 K:0.190000 Bi:0.210000,other,2,1,K0.95Bi1.05O3,6,8.1,10.2,2.96985
Ag:0.050761 Sn:0.441624 Te:0.507614,other,2,1,Sn0.87Ag0.1Te1,1.78,1.83,1.88,0.0707107
O:0.538462 Cu:0.223077 Zn:0.007692 Y:0.076923 Ba:0.153846,cuprate,2,1,Y1Ba2Cu2.9Zn0.1O7,51.5,55.8,60.1,6.08112
Ge:0.493927 Te:0.506073,other,2,1,Ge0.976Te1,0.071,0.0855,0.1,0.0205061
In:0.040000 Sn:0.460000 Te:0.500000,other,2,1,Sn0.92In0.08Te1,1.35,1.355,1.36,0.00707107
In:0.040000 Sn:0.368000 Te:0.500000 Pb:0.092000,other,2,2,Pb0.184Sn0.736In0.08Te1; Sn0.736Pb0.184In0.08Te1,2.82,2.83,2.84,0.0141421
In:0.025000 Sn:0.308750 Te:0.500000 Pb:0.166250,other,2,2,Pb0.3325Sn0.6175In0.05Te1; Sn0.6175Pb0.3325In0.05Te1,1.6,1.605,1.61,0.00707107
In:0.025000 Sn:0.285000 Te:0.500000 Pb:0.190000,other,2,2,Pb0.38Sn0.57In0.05Te1; Sn0.57Pb0.38In0.05Te1,0.68,0.6915,0.703,0.0162635
In:0.012500 Sn:0.487500 Te:0.500000,other,2,1,Sn0.975In0.025Te1,0.84,1.13,1.42,0.410122
Hf:0.333333 Os:0.666667,other,2,1,Hf1Os2,1.85,2.27,2.69,0.59397
Hf:0.200000 Ta:0.800000,other,2,1,Hf0.2Ta0.8,6.26,6.58,6.9,0.452548
Hf:0.140000 Re:0.860000,other,2,1,Hf0.14Re0.86,5.8,5.83,5.86,0.0424264
H:0.666667 S:0.333333,other,2,1,H2S1,60,122.5,185,88.3883
H:0.500000 Pd:0.500000,other,2,1,H1Pd1,3.5,27.55,51.6,34.0118
H:0.465241 Pd:0.534759,other,2,1,H0.87Pd1,2.95,3.625,4.3,0.954594
H:0.447514 Pd:0.552486,other,2,1,H0.81Pd1,1.21,1.855,2.5,0.912168
H:0.362117 O:0.459610 Na:0.038997 Co:0.139276,other,2,1,Na0.28Co1H2.6O3.3,4.21,4.48,4.75,0.381838
H:0.361613 O:0.458971 Na:0.040334 Co:0.139082,other,2,1,Na0.29Co1H2.6O3.3,3.91,3.955,4,0.0636396
H:0.306644 O:0.485520 Na:0.037479 Co:0.170358,other,2,1,Na0.22Co1H1.8O2.85,4.4,4.45,4.5,0.0707107
H:0.200000 Li:0.160000 O:0.200000 Fe:0.240000 Se:0.200000,iron-based,2,1,Li0.8Fe1.2Se1H1O1,40,40.45,40.9,0.636396
H:0.100000 O:0.150000 Fe:0.250000 As:0.250000 Ce:0.250000,iron-based,2,1,Ce1Fe1As1H0.4O0.6,37.3,40.2,43.1,4.10122
H:0.062500 O:0.187500 Fe:0.250000 As:0.250000 Sm:0.250000,iron-based,2,1,Sm1Fe1As1H0.25O0.75,54.7,54.85,55,0.212132
H:0.055556 O:0.444444 F:0.111111 Ag:0.388889,other,2,2,Ag7F2H1O8; Ag7H1F2O8,1.38,1.44,1.5,0.0848528
H:0.035608 O:0.519288 Cu:0.222552 Y:0.074184 Ba:0.148368,cuprate,2,1,Y1Ba2Cu3H0.48O7,48,70.8,93.6,32.2441
H:0.025000 O:0.225000 Fe:0.250000 As:0.250000 Gd:0.250000,iron-based,2,1,Gd1Fe1As1H0.1O0.9,55,55.6,56.2,0.848528
Ge:0.705882 Sr:0.058824 Pt:0.235294,other,2,1,Sr1Pt4Ge12,5.1,5.25,5.4,0.212132
Ge:0.526316 Lu:0.263158 Ir:0.210526,other,2,1,Lu5Ir4Ge10,2.5,2.55,2.6,0.0707107
Ge:0.500000 Y:0.333333 Pt:0.166667,other,2,2,Y1Pt0.5Ge1.5; Y2Pt1Ge3,2.14,2.72,3.3,0.820244
Ge:0.500000 Pt:0.500000,other,2,2,Ge0.5Pt0.5; Ge1Pt1,0.4,0.9,1.4,0.707107
In:0.080000 Au:0.920000,other,2,1,Au0.92In0.08,0.022,0.0238,0.0256,0.00254558
In:0.080000 Sn:0.210000 Te:0.500000 Pb:0.210000,other,2,1,Pb0.42Sn0.42In0.16Te1,3.4,3.805,4.21,0.572756
In:0.100000 Sn:0.200000 Te:0.500000 Pb:0.200000,other,2,1,Pb0.4Sn0.4In0.2Te1,4,4.12,4.24,0.169706
In:0.950000 Pb:0.050000,other,2,1,In0.95Pb0.05,3.6,3.685,3.77,0.120208
K:0.175439 Fe:0.385965 Se:0.438596,iron-based,2,1,K0.8Fe1.76Se2,30.1,31.15,32.2,1.48492
K:0.160000 Fe:0.400000 As:0.400000 Ba:0.040000,iron-based,2,1,Ba0.2K0.8Fe2As2,11.7,12.8,13.9,1.55563
K:0.140000 Fe:0.400000 As:0.400000 Ba:0.060000,iron-based,2,1,Ba0.3K0.7Fe2As2,19.4,19.7,20,0.424264
K:0.100000 Mn:0.008000 Fe:0.392000 As:0.400000 Ba:0.100000,iron-based,2,1,Ba0.5K0.5Fe1.96Mn0.04As2,23.3,25.85,28.4,3.60624
K:0.100000 Fe:0.360000 Zn:0.040000 As:0.400000 Ba:0.100000,iron-based,2,1,Ba0.5K0.5Fe1.8Zn0.2As2,18.3,26.3,34.3,11.3137
K:0.068182 Fe:0.386364 Se:0.454545 Tl:0.090909,iron-based,2,1,Tl0.4K0.3Fe1.7Se2,26.25,27.125,28,1.23744
K:0.064000 Fe:0.400000 As:0.400000 Ba:0.136000,iron-based,2,1,Ba0.68K0.32Fe2As2,37,37.75,38.5,1.06066
K:0.046000 Fe:0.400000 As:0.400000 Ba:0.154000,iron-based,2,1,Ba0.77K0.23Fe2As2,16.5,20.25,24,5.3033
K:0.040000 Fe:0.400000 As:0.400000 Sr:0.160000,iron-based,2,2,K0.2Sr0.8Fe2As2; Sr0.8K0.2Fe2As2,13,13.3,13.6,0.424264
K:0.032000 Fe:0.400000 As:0.400000 Ba:0.168000,iron-based,2,1,Ba0.84K0.16Fe2As2,5.54,6.42,7.3,1.24451
K:0.020000 Fe:0.400000 As:0.400000 Ba:0.180000,iron-based,2,1,Ba0.9K0.1Fe2As2,5,5.25,5.5,0.353553
In:0.900000 Pb:0.100000,other,2,1,In0.9Pb0.1,4.36,4.435,4.51,0.106066
In:0.100000 Sn:0.400000 Te:0.500000,other,2,1,Sn0.8In0.2Te1,2.97,3.035,3.1,0.0919239
In:0.750000 Sn:0.250000,other,2,2,In0.75Sn0.25; In3Sn1,5.5,5.725,5.95,0.318198
In:0.600000 Pb:0.400000,other,2,1,In0.6Pb0.4,6.2,6.28,6.36,0.113137
In:0.500000 Sn:0.500000,other,2,1,In0.5Sn0.5,6.9,7.175,7.45,0.388909
In:0.500000 Hg:0.500000,other,2,2,Hg1In1; Hg0.5In0.5,3.81,3.81,3.81,0
In:0.500000 Au:0.500000,other,2,1,Au1In1,0.4,0.5,0.6,0.141421
In:0.450549 Te:0.549451,other,2,1,In0.82Te1,1.02,1.04,1.06,0.0282843
In:0.428571 Te:0.571429,other,2,1,In3Te4,1.15,1.2,1.25,0.0707107
In:0.250000 Sb:0.750000,other,2,2,In0.25Sb0.75; In25Sb75,4.1,4.1,4.1,0
In:0.200000 Sn:0.300000 Te:0.500000,other,2,1,Sn0.6In0.4Te1,4.27,4.51,4.75,0.339411
In:0.150000 Sn:0.350000 Te:0.500000,other,2,1,Sn0.7In0.3Te1,3.51,3.595,3.68,0.120208
In:0.100000 Tl:0.900000,other,2,1,In0.1Tl0.9,2.97,3.12,3.27,0.212132
Ge:0.500000 Au:0.500000,other,2,2,Au0.5Ge0.5; Au1Ge1,2.7,3.15,3.6,0.636396
Ge:0.430000 La:0.200000 Pt:0.370000,other,2,1,La1Pt1.85Ge2.15,1.85,1.86,1.87,0.0141421
K:0.180000 Fe:0.400000 As:0.400000 Ba:0.020000,iron-based,2,1,Ba0.1K0.9Fe2As2,6.86,6.93,7,0.0989949
Ge:0.400000 Pd:0.400000 La:0.200000,other,2,1,La1Pd2Ge2,0.96,1.04,1.12,0.113137
Fe:0.380800 Ni:0.019200 As:0.400000 Ba:0.200000,iron-based,2,1,Ba1Fe1.904Ni0.096As2,19.9,20.05,20.2,0.212132
Fe:0.380000 Ni:0.020000 As:0.400000 Ba:0.200000,iron-based,2,1,Ba1Fe1.9Ni0.1As2,20,20.15,20.3,0.212132
Fe:0.380000 As:0.400000 Ba:0.200000 Pt:0.020000,iron-based,2,1,Ba1Fe1.9Pt0.1As2,23,24.1,25.2,1.55563
Fe:0.378000 Co:0.022000 As:0.400000 Ba:0.200000,iron-based,2,1,Ba1Fe1.89Co0.11As2,21.5,23.25,25,2.47487
Fe:0.377778 Se:0.444444 Rb:0.177778,iron-based,2,1,Rb0.8Fe1.7Se2,31.75,31.875,32,0.176777
Fe:0.376000 Ni:0.024000 As:0.400000 Sr:0.200000,iron-based,2,1,Sr1Fe1.88Ni0.12As2,3.74,5.92,8.1,3.08299
Fe:0.374800 Co:0.025200 As:0.400000 Ba:0.200000,iron-based,2,1,Ba1Fe1.874Co0.126As2,23.4,23.45,23.5,0.0707107
Fe:0.370000 Ni:0.030000 As:0.400000 Sr:0.200000,iron-based,2,1,Sr1Fe1.85Ni0.15As2,8.66,8.93,9.2,0.381838
Fe:0.364800 Co:0.035200 As:0.400000 Ba:0.200000,iron-based,2,1,Ba1Fe1.824Co0.176As2,21,21.05,21.1,0.0707107
Fe:0.364407 Se:0.423729 Rb:0.088983 Tl:0.122881,iron-based,2,1,Tl0.58Rb0.42Fe1.72Se2,31.5,32.5,33.5,1.41421
Fe:0.364000 Ni:0.036000 As:0.400000 Ba:0.200000,iron-based,2,1,Ba1Fe1.82Ni0.18As2,10.9,14.15,17.4,4.59619
Fe:0.363636 Se:0.454545 Rb:0.181818,iron-based,2,2,Rb2Fe4Se5; Rb0.8Fe1.6Se2,32,32.2,32.4,0.282843
Fe:0.360000 Co:0.040000 As:0.400000 Sr:0.200000,iron-based,2,1,Sr1Fe1.8Co0.2As2,17.53,18.365,19.2,1.18087
Fe:0.356000 Ni:0.044000 As:0.400000 Sr:0.200000,iron-based,2,1,Sr1Fe1.78Ni0.22As2,2.27,2.305,2.34,0.0494975
Fe:0.356000 Co:0.044000 As:0.400000 Ba:0.200000,iron-based,2,1,Ba1Fe1.78Co0.22As2,13.5,16.23,18.96,3.8608
Fe:0.350000 Co:0.050000 As:0.400000 Sr:0.200000,iron-based,2,1,Sr1Fe1.75Co0.25As2,13.3,15.7,18.1,3.39411
Fe:0.346000 Co:0.054000 As:0.400000 Ba:0.200000,iron-based,2,1,Ba1Fe1.73Co0.27As2,8.1,12.6,17.1,6.36396
Fe:0.300000 As:0.400000 Sr:0.200000 Ru:0.100000,iron-based,2,1,Sr1Fe1.5Ru0.5As2,7,10.25,13.5,4.59619
Fe:0.296000 As:0.400000 Ru:0.104000 Ba:0.200000,iron-based,2,1,Ba1Fe1.48Ru0.52As2,18.9,20.05,21.2,1.62635
Fe:0.260000 As:0.400000 Sr:0.200000 Ru:0.140000,iron-based,2,1,Sr1Fe1.3Ru0.7As2,13.5,16.8,20.1,4.6669
Fe:0.166667 Ni:0.166667 Zr:0.666667,other,2,1,Fe0.5Ni0.5Zr2,1.25,1.85,2.45,0.848528
F:0.307692 S:0.307692 Eu:0.230769 Bi:0.153846,other,2,1,Eu3Bi2S4F4,1.4,1.425,1.45,0.0353553
F:0.250000 Ca:0.250000 Fe:0.212500 Co:0.037500 As:0.250000,iron-based,2,1,Ca1Fe0.85Co0.15As1F1,20.4,20.8,21.2,0.565685
F:0.250000 Ca:0.250000 Fe:0.200000 Co:0.050000 As:0.250000,iron-based,2,1,Ca1Fe0.8Co0.2As1F1,16.4,16.5,16.6,0.141421
F:0.200000 S:0.400000 Sr:0.100000 La:0.100000 Bi:0.200000,other,2,2,Sr0.5La0.5F1Bi1S2; Sr0.5La0.5Bi1S2F1,2.8,2.92,3.04,0.169706
Fe:0.384400 As:0.400000 Rh:0.015600 Ba:0.200000,iron-based,2,1,Ba1Fe1.922Rh0.078As2,14,15.9,17.8,2.68701
Fe:0.385000 Ni:0.015000 As:0.400000 Ba:0.200000,iron-based,2,1,Ba1Fe1.925Ni0.075As2,12.2,12.95,13.7,1.06066
Fe:0.385928 Se:0.426439 Rb:0.187633,iron-based,2,1,Rb0.88Fe1.81Se2,30.6,31.3,32,0.989949
Ga:0.237500 Ge:0.012500 Nb:0.750000,other,2,1,Nb3Ga0.95Ge0.05,15.3,15.35,15.4,0.0707107
Ge:0.400000 La:0.200000 Pt:0.400000,other,2,1,La1Pt2Ge2,0.41,0.48,0.55,0.0989949
Ge:0.375000 Nb:0.625000,other,2,1,Ge3Nb5,0.45,0.455,0.46,0.00707107
Ge:0.220000 Yb:0.140000 Au:0.640000,other,2,2,Au0.64Ge0.22Yb0.14; Au64Ge22Yb14,0.655,0.6675,0.68,0.0176777
Ge:0.205000 Yb:0.160000 Au:0.635000,other,2,2,Au0.635Ge0.205Yb0.16; Au63.5Ge20.5Yb16,0.325,0.3425,0.36,0.0247487
Ge:0.125000 Nb:0.750000 Sn:0.125000,other,2,2,Nb3Sn0.5Ge0.5; Ge0.5Nb3Sn0.5,11.3,11.95,12.6,0.919239
Ge:0.025000 Nb:0.750000 Sn:0.225000,other,2,2,Nb3Sn0.9Ge0.1; Nb3Ge0.1Sn0.9,17.97,17.985,18,0.0212132
Ga:0.818182 Rh:0.181818,other,2,1,Ga9Rh2,1.9,1.925,1.95,0.0353553
Ga:0.818182 Ir:0.181818,other,2,1,Ga9Ir2,2.2,2.225,2.25,0.0353553
Ga:0.750000 Lu:0.250000,other,2,1,Ga3Lu1,2.2,2.25,2.3,0.0707107
Ga:0.700000 Pt:0.300000,other,2,2,Ga7Pt3; Ga0.7Pt0.3,2.9,2.9,2.9,0
Ga:0.250000 La:0.750000,other,2,1,Ga1La3,5.8,5.82,5.84,0.0282843
Ga:0.200000 Nb:0.750000 Sn:0.050000,other,2,2,Nb3Sn0.2Ga0.8; Nb3Ga0.8Sn0.2,13.1,14.65,16.2,2.19203
Fe:0.400000 As:0.400000 Rb:0.100000 Eu:0.100000,iron-based,2,2,Eu1Rb1Fe4As4; Rb1Eu1Fe4As4,36,36.25,36.5,0.353553
Ga:0.050000 Nb:0.750000 Sn:0.200000,other,2,1,Nb3Sn0.8Ga0.2,17,17.4,17.8,0.565685
Ga:0.025000 Nb:0.750000 Sn:0.225000,other,2,1,Nb3Sn0.9Ga0.1,18.1,18.2,18.3,0.141421
Fe:0.555556 Se:0.444444,iron-based,2,1,Fe1Se0.8,7,8.65,10.3,2.33345
Fe:0.520833 Se:0.479167,iron-based,2,1,Fe1Se0.92,7.2,7.4,7.6,0.282843
Fe:0.515464 Se:0.484536,iron-based,2,1,Fe1Se0.94,8.3,8.545,8.79,0.346482
Fe:0.507389 Se:0.246305 Te:0.246305,iron-based,2,2,Fe1.03Se0.5Te0.5; Fe1.03Te0.5Se0.5,12.9,13.6,14.3,0.989949
Fe:0.507389 Se:0.147783 Te:0.344828,iron-based,2,1,Fe1.03Te0.7Se0.3,12.4,12.7,13,0.424264
Fe:0.505051 Se:0.494949,iron-based,2,1,Fe1Se0.98,8,8.105,8.21,0.148492
Fe:0.502488 Se:0.497512,iron-based,2,1,Fe1.01Se1,8,8.25,8.5,0.353553
Fe:0.420168 Se:0.411765 Cs:0.168067,iron-based,2,1,Cs0.8Fe2Se1.96,27.4,28.5,29.6,1.55563
Fe:0.416667 Se:0.416667 Rb:0.166667,iron-based,2,1,Rb0.8Fe2Se2,31.05,31.4,31.75,0.494975
K:0.177778 Fe:0.377778 Se:0.444444,iron-based,2,1,K0.8Fe1.7Se2,31,31.5,32,0.707107
K:0.183761 Fe:0.427350 Se:0.388889,iron-based,2,1,K0.86Fe2Se1.82,29,30.05,31.1,1.48492
Cu:0.750000 Sb:0.250000,other,2,1,Cu3Sb1,0.041,0.9205,1.8,1.2438
Mo:0.700000 Re:0.300000,other,2,1,Mo0.7Re0.3,10.5,12.75,15,3.18198
Nb:0.400000 Re:0.600000,other,2,1,Nb0.4Re0.6,2.36,2.43,2.5,0.0989949
Nb:0.380000 Re:0.620000,other,2,1,Nb0.38Re0.62,2.43,2.44,2.45,0.0141421
Nb:0.375000 Rh:0.625000,other,2,2,Nb0.375Rh0.625; Nb0.75Rh1.25,2.7,2.7,2.7,0
Nb:0.333333 Sn:0.666667,other,2,1,Nb1Sn2,2.6,2.64,2.68,0.0565685
Nb:0.290000 Re:0.710000,other,2,1,Nb0.29Re0.71,5.6,5.61,5.62,0.0141421
Nb:0.250000 Sn:0.250000 Ta:0.500000,other,2,2,Nb0.25Sn0.25Ta0.5; Nb1Ta2Sn1,10.8,10.8,10.8,0
Nb:0.250000 Ru:0.750000,other,2,1,Nb1Ru3,12,13.5,15,2.12132
Nb:0.250000 Re:0.750000,other,2,2,Nb1Re3; Nb0.25Re0.75,5.27,6.01,6.75,1.04652
Na:0.333333 Fe:0.328333 Co:0.005000 As:0.333333,iron-based,2,1,Na1Fe0.985Co0.015As1,12.6,16.25,19.9,5.16188
Na:0.333333 Fe:0.325000 Co:0.008333 As:0.333333,iron-based,2,1,Na1Fe0.975Co0.025As1,21,21.05,21.1,0.0707107
Na:0.333333 Al:0.333333 Si:0.333333,other,2,1,Na1Al1Si1,7,7.2,7.4,0.282843
Na:0.310345 Fe:0.344828 As:0.344828,iron-based,2,1,Na0.9Fe1As1,7,12.5,18,7.77817
Na:0.080000 Fe:0.400000 As:0.400000 Ba:0.120000,iron-based,2,1,Ba0.6Na0.4Fe2As2,33.7,33.85,34,0.212132
Na:0.070000 Fe:0.400000 As:0.400000 Ba:0.130000,iron-based,2,1,Ba0.65Na0.35Fe2As2,29.4,31.25,33.1,2.6163
N:0.500000 Ta:0.500000,other,2,1,N1Ta1,4.84,8.42,12,5.06288
N:0.500000 La:0.500000,other,2,1,La1N1,1,1.175,1.35,0.247487
N:0.497487 Ti:0.502513,other,2,1,N0.99Ti1,4.35,4.38,4.41,0.0424264
N:0.435000 O:0.065000 Mg:0.050000 Nb:0.450000,other,2,1,Nb0.9Mg0.1N0.87O0.13,5,10.6,16.2,7.9196
N:0.333333 Mo:0.666667,other,2,1,Mo2N1,5,5.1,5.2,0.141421
N:0.304878 Na:0.085366 Cl:0.304878 Hf:0.304878,other,2,1,Na0.28Hf1N1Cl1,22.8,22.9,23,0.141421
N:0.300000 S:0.700000,other,2,1,N0.3S0.7,0.26,0.275,0.29,0.0212132
N:0.285714 Cl:0.285714 K:0.142857 Ti:0.285714,other,2,1,K0.5Ti1N1Cl1,16,16.15,16.3,0.212132
N:0.253731 Re:0.746269,other,2,1,N0.34Re1,4,4.5,5,0.707107
N:0.052632 O:0.578947 Ag:0.368421,other,2,1,Ag7N1O11,1.025,1.0325,1.04,0.0106066
N:0.041096 O:0.561644 F:0.013699 Ag:0.383562,other,2,2,Ag7F0.25N0.75O10.25; Ag7N0.75O10.25F0.25,0.85,0.945,1.04,0.13435
Nb:0.400000 Ta:0.600000,other,2,1,Nb0.4Ta0.6,5.4,5.47,5.54,0.0989949
Nb:0.425000 Ir:0.575000,other,2,1,Ir1.15Nb0.85,4.6,4.675,4.75,0.106066
Nb:0.450000 Rh:0.550000,other,2,2,Nb0.45Rh0.55; Nb0.9Rh1.1,3.07,3.07,3.07,0
Nb:0.700000 Mo:0.300000,other,2,1,Mo0.3Nb0.7,2.48,2.575,2.67,0.13435
Nb:0.800000 Mo:0.200000,other,2,1,Mo0.2Nb0.8,4.23,4.4,4.57,0.240416
Nb:0.800000 Au:0.200000,other,2,1,Au0.2Nb0.8,5,6.45,7.9,2.05061
Nb:0.760000 Au:0.240000,other,2,1,Au0.24Nb0.76,10.56,10.78,11,0.311127
Nb:0.750000 Sn:0.212500 Pb:0.037500,other,2,1,Nb3Pb0.15Sn0.85,18.16,18.2,18.24,0.0565685
Nb:0.750000 Sn:0.212500 Bi:0.037500,other,2,2,Bi0.15Nb3Sn0.85; Nb3Bi0.15Sn0.85,18.23,18.255,18.28,0.0353553
Nb:0.750000 Rh:0.245000 Pd:0.005000,other,2,2,Nb3Rh0.98Pd0.02; Nb3Pd0.02Rh0.98,2.49,2.495,2.5,0.00707107
Nb:0.750000 Rh:0.005000 Au:0.245000,other,2,1,Nb3Rh0.02Au0.98,10.9,11.4,11.9,0.707107
Nb:0.750000 Os:0.250000,other,2,1,Nb3Os1,0.94,0.995,1.05,0.0777817
Nb:0.750000 In:0.037500 Sn:0.212500,other,2,2,In0.15Nb3Sn0.85; Nb3In0.15Sn0.85,18.26,18.28,18.3,0.0282843
Nb:0.750000 Bi:0.250000,other,2,1,Bi1Nb3,3.05,3.775,4.5,1.0253
Nb:0.700000 Ta:0.300000,other,2,1,Nb0.7Ta0.3,6.8,6.985,7.17,0.26163
Nb:0.625000 Sn:0.250000 Ta:0.125000,other,2,2,Nb0.625Sn0.25Ta0.125; Nb2.5Ta0.5Sn1,17.6,17.6,17.6,0
Nb:0.500000 Hf:0.500000,other,2,1,Hf0.5Nb0.5,8.31,8.905,9.5,0.841457
Nb:0.625000 Pt:0.375000,other,2,2,Nb0.625Pt0.375; Nb5Pt3,3.73,3.73,3.73,0
Nb:0.620000 Pt:0.380000,other,2,1,Nb0.62Pt0.38,0.41,2.31,4.21,2.68701
Nb:0.600000 Sn:0.400000,other,2,1,Nb3Sn2,16.6,16.9,17.2,0.424264
Nb:0.600000 Rh:0.400000,other,2,2,Nb0.6Rh0.4; Nb3Rh2,4.04,4.125,4.21,0.120208
Nb:0.600000 Pd:0.400000,other,2,1,Nb0.6Pd0.4,1.6,2.035,2.47,0.615183
Nb:0.545455 Sn:0.454545,other,2,1,Nb6Sn5,2.07,2.435,2.8,0.516188
Nb:0.500000 Ta:0.500000,other,2,1,Nb0.5Ta0.5,5.93,6.09,6.25,0.226274
Nb:0.500000 Sn:0.500000,other,2,1,Nb0.5Sn0.5,17.5,17.705,17.91,0.289914
Nb:0.500000 Sn:0.250000 Ta:0.250000,other,2,2,Nb0.5Sn0.25Ta0.25; Nb2Ta1Sn1,16.4,16.4,16.4,0
Nb:0.500000 Re:0.500000,other,2,1,Nb0.5Re0.5,2,2.9,3.8,1.27279
Nb:0.500000 Os:0.500000,other,2,2,Nb0.5Os0.5; Nb1Os1,2.86,2.86,2.86,0
Mo:0.900000 Re:0.100000,other,2,1,Mo0.9Re0.1,2.92,2.945,2.97,0.0353553
Mo:0.600000 Ru:0.400000,other,2,1,Mo0.6Ru0.4,7,7.85,8.7,1.20208
K:0.250000 Cr:0.375000 As:0.375000,other,2,1,K2Cr3As3,5.8,5.95,6.1,0.212132
Mo:0.570000 Re:0.430000,other,2,1,Mo0.57Re0.43,10,12,14,2.82843
Li:0.027947 O:0.607533 Ca:0.121507 Rb:0.060753 Nb:0.182260,other,2,1,Li0.46Rb1Ca2Nb3O10,3.51,3.525,3.54,0.0212132
Li:0.027947 O:0.607533 Ca:0.121507 Nb:0.182260 Cs:0.060753,other,2,1,Li0.46Cs1Ca2Nb3O10,5.29,5.3,5.31,0.0141421
Li:0.020808 O:0.611995 Rb:0.061200 Sr:0.122399 Nb:0.183599,other,2,1,Li0.34Rb1Sr2Nb3O10,6.01,6.02,6.03,0.0141421
Li:0.020808 O:0.611995 K:0.061200 Ca:0.122399 Nb:0.183599,other,2,1,Li0.34K1Ca2Nb3O10,5.39,5.405,5.42,0.0212132
Li:0.020808 O:0.611995 Ca:0.122399 Rb:0.061200 Nb:0.183599,other,2,1,Li0.34Rb1Ca2Nb3O10,3.5,3.52,3.54,0.0282843
Li:0.016667 B:0.666667 Mg:0.300000 Al:0.016667,other,2,1,Mg0.9Al0.05Li0.05B2,36.4,37.1,37.8,0.989949
Li:0.008333 B:0.666667 Mg:0.316667 Al:0.008333,other,2,2,Mg0.95Al0.025Li0.025B2; Mg0.95Li0.025Al0.025B2,37,37.6,38.2,0.848528
La:0.995000 Ce:0.005000,other,2,1,Ce0.005La0.995,4.6,4.935,5.27,0.473762
La:0.990000 Pr:0.010000,other,2,1,La0.99Pr0.01,5.23,5.265,5.3,0.0494975
La:0.990000 Nd:0.010000,other,2,1,La0.99Nd0.01,4.65,4.915,5.18,0.374767
La:0.990000 Lu:0.010000,other,2,1,La0.99Lu0.01,5.59,5.595,5.6,0.00707107
La:0.990000 Gd:0.010000,other,2,1,Gd0.01La0.99,0.6,0.61,0.62,0.0141421
La:0.990000 Er:0.010000,other,2,1,Er0.01La0.99,5.3,5.305,5.31,0.00707107
La:0.990000 Dy:0.010000,other,2,1,Dy0.01La0.99,3.74,3.77,3.8,0.0424264
La:0.987000 Ce:0.013000,other,2,1,Ce0.013La0.987,3.1,3.4,3.7,0.424264
La:0.980000 Nd:0.020000,other,2,1,La0.98Nd0.02,3.6,3.77,3.94,0.240416
La:0.980000 Lu:0.020000,other,2,2,La0.98Lu0.02; La98Lu2,4.643,4.643,4.643,0
La:0.980000 Ce:0.020000,other,2,1,Ce0.02La0.98,2.56,2.58,2.6,0.0282843
La:0.960000 Nd:0.040000,other,2,1,La0.96Nd0.04,1.69,1.705,1.72,0.0212132
La:0.920000 Er:0.080000,other,2,1,Er0.08La0.92,1.43,1.435,1.44,0.00707107
La:0.800000 Au:0.200000,other,2,1,Au0.2La0.8,3.71,3.97,4.23,0.367696
La:0.780000 Au:0.220000,other,2,2,Au22La78; Au0.22La0.78,3.4,3.667,3.934,0.377595
La:0.760000 Au:0.240000,other,2,1,Au0.24La0.76,3.28,3.64,4,0.509117
La:0.750000 Tl:0.250000,other,2,1,La3Tl1,8.86,8.905,8.95,0.0636396
K:0.333333 Bi:0.666667,other,2,1,Bi2K1,3.57,3.575,3.58,0.00707107
Li:0.033333 B:0.666667 Mg:0.266667 Al:0.033333,other,2,1,Mg0.8Al0.1Li0.1B2,31,31.95,32.9,1.3435
Li:0.037304 O:0.601685 Ca:0.120337 Rb:0.060168 Nb:0.180505,other,2,1,Li0.62Rb1Ca2Nb3O10,2.7,2.705,2.71,0.00707107
Li:0.050000 B:0.666667 Mg:0.233333 Al:0.050000,other,2,1,Mg0.7Al0.15Li0.15B2,25.1,28.55,32,4.87904
Li:0.500000 Bi:0.500000,other,2,1,Bi1Li1,2.455,2.4625,2.47,0.0106066
Mo:0.500000 Ru:0.500000,other,2,1,Mo1Ru1,9.5,10,10.5,0.707107
Mo:0.500000 Rh:0.500000,other,2,2,Mo1Rh1; Mo0.5Rh0.5,1.91,1.94,1.97,0.0424264
Mo:0.500000 Ir:0.500000,other,2,1,Ir1Mo1,1.85,5.325,8.8,4.91439
Mo:0.450000 Re:0.550000,other,2,1,Mo0.45Re0.55,5.9,6.185,6.47,0.403051
Mo:0.420000 Re:0.580000,other,2,1,Mo0.42Re0.58,6.35,7.375,8.4,1.44957
Mo:0.400000 Re:0.600000,other,2,1,Mo0.4Re0.6,6,6.245,6.49,0.346482
Mo:0.330000 Re:0.670000,other,2,1,Mo0.33Re0.67,5.8,5.845,5.89,0.0636396
Mn:0.002000 Ga:0.800000 Mo:0.198000,other,2,2,Mo0.99Mn0.01Ga4; Ga4Mn0.01Mo0.99,3.94,3.97,4,0.0424264
Mg:0.500000 Zn:0.500000,other,2,1,Mg1Zn1,0.92,0.925,0.93,0.00707107
Mg:0.500000 Hg:0.500000,other,2,1,Hg1Mg1,0.48,0.935,1.39,0.643467
Mg:0.200000 Bi:0.800000,other,2,1,Bi4Mg1,0.7,0.85,1,0.212132
Li:0.333333 Si:0.500000 Ir:0.166667,other,2,1,Li2Ir1Si3,3.7,3.75,3.8,0.0707107
Li:0.050000 B:0.666667 Mg:0.283333,other,2,1,Mg0.85Li0.15B2,35.7,36.6,37.5,1.27279
Li:0.333333 Fe:0.325000 Co:0.008333 As:0.333333,iron-based,2,1,Li1Fe0.975Co0.025As1,13,13.4,13.8,0.565685
Li:0.333333 Fe:0.316667 Co:0.016667 As:0.333333,iron-based,2,1,Li1Fe0.95Co0.05As1,9.78,10.29,10.8,0.721249
Li:0.333333 B:0.166667 Pd:0.400000 Pt:0.100000,other,2,2,Li2B1Pd2.4Pt0.6; Li2Pd2.4Pt0.6B1,4.9,5.185,5.47,0.403051
Li:0.160000 O:0.571429 Ti:0.268571,other,2,1,Li1.12Ti1.88O4,9.4,9.9,10.4,0.707107
Li:0.152857 O:0.571429 Ti:0.275714,other,2,1,Li1.07Ti1.93O4,10.4,11.05,11.7,0.919239
Li:0.150000 O:0.571429 Ti:0.278571,other,2,1,Li1.05Ti1.95O4,10.5,11.25,12,1.06066
Li:0.142857 O:0.571429 Nb:0.285714,other,2,1,Li0.5Nb1O2,5,10.7,16.4,8.06102
Li:0.100000 B:0.666667 Mg:0.233333,other,2,1,Mg0.7Li0.3B2,31,31.55,32.1,0.777817
Li:0.085366 N:0.304878 Cl:0.304878 Zr:0.304878,other,2,1,Li0.28Zr1N1Cl1,11.6,13.4,15.2,2.54558
Li:0.066667 B:0.666667 Mg:0.200000 Al:0.066667,other,2,1,Mg0.6Al0.2Li0.2B2,16.1,21.1,26.1,7.07107
Li:0.050633 N:0.316456 Cl:0.316456 Zr:0.316456,other,2,1,Li0.16Zr1N1Cl1,12.6,13.8,15,1.69706
F:0.200000 S:0.400000 Eu:0.200000 Bi:0.200000,other,2,1,Eu1Bi1S2F1,0.3,4.25,8.2,5.58614
Cu:0.500000 La:0.500000,other,2,1,Cu1La1,5.85,6,6.15,0.212132
Nb:0.850000 Mo:0.150000,other,2,1,Mo0.15Nb0.85,5.3,5.575,5.85,0.388909
B:0.333333 C:0.166667 Ni:0.316667 Cu:0.016667 Y:0.166667,other,2,1,Y1Ni1.9Cu0.1B2C1,13.7,13.75,13.8,0.0707107
B:0.333333 Lu:0.166667 Os:0.500000,other,2,1,Lu1Os3B2,4.62,4.655,4.69,0.0494975
B:0.333333 C:0.166667 Sc:0.166667 Ni:0.333333,other,2,1,Sc1Ni2B2C1,16,16.25,16.5,0.353553
B:0.333333 C:0.166667 Ni:0.333333 Y:0.158333 Pr:0.008333,other,2,1,Y0.95Pr0.05Ni2B2C1,14,14.05,14.1,0.0707107
B:0.333333 C:0.166667 Ni:0.333333 Y:0.158333 Gd:0.008333,other,2,1,Y0.95Gd0.05Ni2B2C1,13,13.5,14,0.707107
B:0.333333 C:0.166667 Ni:0.333333 Y:0.150000 Tb:0.016667,other,2,1,Y0.9Tb0.1Ni2B2C1,12.7,13.09,13.48,0.551543
B:0.333333 C:0.166667 Ni:0.333333 Y:0.141667 Gd:0.025000,other,2,1,Y0.85Gd0.15Ni2B2C1,9.3,9.95,10.6,0.919239
B:0.333333 C:0.166667 Ni:0.333333 Y:0.133333 Tb:0.033333,other,2,1,Y0.8Tb0.2Ni2B2C1,11,11.215,11.43,0.304056
B:0.333333 C:0.166667 Ni:0.333333 Y:0.133333 Pr:0.033333,other,2,1,Y0.8Pr0.2Ni2B2C1,8.62,8.68,8.74,0.0848528
B:0.333333 C:0.166667 Ni:0.333333 Y:0.130000 Gd:0.036667,other,2,1,Y0.78Gd0.22Ni2B2C1,6.64,7.02,7.4,0.537401
B:0.333333 C:0.166667 Ni:0.333333 Y:0.125000 Lu:0.041667,other,2,2,Lu0.25Y0.75Ni2B2C1; Y0.75Lu0.25Ni2B2C1,14.2,14.55,14.9,0.494975
B:0.333333 C:0.166667 Ni:0.333333 Y:0.125000 Gd:0.041667,other,2,1,Y0.75Gd0.25Ni2B2C1,4.2,4.52,4.84,0.452548
B:0.333333 C:0.166667 Ni:0.333333 Y:0.116667 Tb:0.050000,other,2,1,Y0.7Tb0.3Ni2B2C1,8.1,8.565,9.03,0.657609
B:0.333333 C:0.166667 Ni:0.333333 Y:0.100000 Tb:0.066667,other,2,1,Y0.6Tb0.4Ni2B2C1,2,3.52,5.04,2.1496
B:0.333333 C:0.166667 Ni:0.333333 Y:0.083333 Lu:0.083333,other,2,1,Y0.5Lu0.5Ni2B2C1,14.5,14.7,14.9,0.282843
B:0.333333 C:0.166667 Ni:0.333333 Y:0.041667 Ho:0.125000,other,2,1,Ho0.75Y0.25Ni2B2C1,7.6,8.9,10.2,1.83848
B:0.333333 C:0.166667 Ni:0.333333 Tb:0.041667 Er:0.125000,other,2,2,Tb0.25Er0.75Ni2B2C1; Er0.75Tb0.25Ni2B2C1,4,4.45,4.9,0.636396
B:0.333333 C:0.166667 Ni:0.333333 Tb:0.025000 Er:0.141667,other,2,1,Er0.85Tb0.15Ni2B2C1,6.15,7.225,8.3,1.52028
B:0.333333 C:0.166667 Ni:0.333333 Tb:0.016667 Er:0.150000,other,2,1,Er0.9Tb0.1Ni2B2C1,7.84,8.52,9.2,0.961665
B:0.333333 C:0.166667 Ni:0.333333 Dy:0.158333 Lu:0.008333,other,2,1,Lu0.05Dy0.95Ni2B2C1,4.3,5.325,6.35,1.44957
B:0.333333 C:0.166667 Ni:0.333333 Dy:0.150000 Lu:0.016667,other,2,1,Lu0.1Dy0.9Ni2B2C1,2.47,2.485,2.5,0.0212132
B:0.333333 C:0.166667 Ni:0.333333 Dy:0.133333 Ho:0.033333,other,2,1,Ho0.2Dy0.8Ni2B2C1,6.2,6.215,6.23,0.0212132
B:0.333333 C:0.166667 Ni:0.333333 Dy:0.100000 Ho:0.066667,other,2,1,Ho0.4Dy0.6Ni2B2C1,5.85,5.855,5.86,0.00707107
B:0.333333 C:0.166667 Ni:0.333333 Dy:0.083333 Ho:0.083333,other,2,1,Ho0.5Dy0.5Ni2B2C1,5.9,5.905,5.91,0.00707107
B:0.333333 C:0.166667 Ni:0.333333 Dy:0.058333 Ho:0.108333,other,2,1,Ho0.65Dy0.35Ni2B2C1,5.9,5.905,5.91,0.00707107
B:0.333333 C:0.166667 Ni:0.333333 Dy:0.050000 Ho:0.116667,other,2,1,Ho0.7Dy0.3Ni2B2C1,5.8,5.83,5.86,0.0424264
B:0.333333 Mo:0.500000 Ta:0.166667,other,2,1,B1Mo1.5Ta0.5,1.81,1.815,1.82,0.00707107
B:0.333333 Re:0.666667,other,2,1,B1Re2,2.8,3.7,4.6,1.27279
B:0.333333 Rh:0.500000 La:0.166667,other,2,1,La1Rh3B2,2.32,2.57,2.82,0.353553
B:0.500000 Zr:0.500000,other,2,1,B1Zr1,2.8,3.1,3.4,0.424264
B:0.666667 Mg:0.323333 Mn:0.010000,other,2,1,Mg0.97Mn0.03B2,12.4,22.85,33.3,14.7785
B:0.666667 Mg:0.306667 Al:0.026667,other,2,1,Mg0.92Al0.08B2,31.6,33.55,35.5,2.75772
B:0.666667 Mg:0.273333 Al:0.060000,other,2,1,Mg0.82Al0.18B2,25.7,29.6,33.5,5.51543
B:0.666667 Mg:0.250000 Al:0.083333,other,2,1,Mg0.75Al0.25B2,28,30.2,32.4,3.11127
B:0.666667 Mg:0.133333 Al:0.200000,other,2,1,Mg0.4Al0.6B2,5.85,8.925,12,4.34871
B:0.652667 C:0.014000 Mg:0.333333,other,2,1,Mg1B1.958C0.042,37.5,37.7,37.9,0.282843
B:0.650000 C:0.016667 Mg:0.333333,other,2,1,Mg1B1.95C0.05,34,36,38,2.82843
B:0.646667 C:0.020000 Mg:0.333333,other,2,1,Mg1B1.94C0.06,34.8,36.3,37.8,2.12132
B:0.630000 C:0.036667 Mg:0.333333,other,2,1,Mg1B1.89C0.11,33,33.85,34.7,1.20208
B:0.603333 C:0.063333 Mg:0.333333,other,2,1,Mg1B1.81C0.19,30.1,30.335,30.57,0.33234
B:0.583333 C:0.083333 Mg:0.333333,other,2,1,Mg1B1.75C0.25,2.5,16.25,30,19.4454
B:0.500000 Ru:0.250000 Tm:0.050000 Lu:0.200000,other,2,1,Lu0.8Tm0.2Ru1B2,7.28,7.295,7.31,0.0212132
B:0.333333 W:0.666667,other,2,1,B1W2,3.18,3.2,3.22,0.0282843
B:0.500000 C:0.166667 Mg:0.333333,other,2,1,Mg1B1.5C0.5,26.2,27.25,28.3,1.48492
B:0.444444 Tm:0.111111 Ir:0.444444,other,2,1,Tm1Ir4B4,1.6,1.675,1.75,0.106066
B:0.444444 Sc:0.111111 Ru:0.444444,other,2,1,Sc1Ru4B4,7.2,7.27,7.34,0.0989949
B:0.444444 Rh:0.222222 Ho:0.111111 Ir:0.222222,other,2,2,Ho1Ir2Rh2B4; Ho1Rh2Ir2B4,6.35,6.38,6.41,0.0424264
B:0.444444 Rh:0.222222 Er:0.111111 Ir:0.222222,other,2,2,Er1Ir2Rh2B4; Er1Rh2Ir2B4,6.76,7.065,7.37,0.431335
B:0.444444 Rh:0.222222 Dy:0.111111 Ir:0.222222,other,2,2,Dy1Ir2Rh2B4; Dy1Rh2Ir2B4,4.53,4.585,4.64,0.0777817
B:0.444444 Er:0.111111 Ir:0.444444,other,2,1,Er1Ir4B4,2.1,2.22,2.34,0.169706
B:0.400000 Co:0.400000 Y:0.020000 La:0.180000,other,2,1,La0.9Y0.1Co2B2,4.1,4.175,4.25,0.106066
B:0.358209 C:0.179104 La:0.149254 Pt:0.313433,other,2,1,La1Pt2.1B2.4C1.2,10.2,10.35,10.5,0.212132
B:0.358209 C:0.179104 La:0.134328 Nd:0.014925 Pt:0.313433,other,2,1,La0.9Nd0.1Pt2.1B2.4C1.2,8.5,9.4,10.3,1.27279
B:0.333890 C:0.165275 Fe:0.006678 Ni:0.327212 Er:0.166945,other,2,1,Er1Ni1.96Fe0.04B2C0.99,7.3,7.35,7.4,0.0707107
B:0.333333 C:0.166667 Ni:0.333333 Dy:0.025000 Ho:0.141667,other,2,1,Ho0.85Dy0.15Ni2B2C1,7.89,7.895,7.9,0.00707107
B:0.333333 C:0.166667 Ni:0.300000 Cu:0.033333 Y:0.166667,other,2,1,Y1Ni1.8Cu0.2B2C1,11.5,11.55,11.6,0.0707107
B:0.666667 Mg:0.326667 Mn:0.006667,other,2,1,Mg0.98Mn0.02B2,23.2,28.85,34.5,7.99031
B:0.333333 C:0.166667 Ni:0.283333 Cu:0.050000 Y:0.166667,other,2,1,Y1Ni1.7Cu0.3B2C1,10.8,10.85,10.9,0.0707107
Al:0.250000 Zr:0.250000 Pd:0.500000,other,2,2,Pd2Zr1Al1; Zr1Pd2Al1,3.2,3.3,3.4,0.141421
Al:0.250000 Zr:0.022500 Nb:0.727500,other,2,2,Nb2.91Zr0.09Al1; Nb0.7275Zr0.0225Al0.25,14.6,14.6,14.6,0
Al:0.250000 Zr:0.007500 Nb:0.742500,other,2,2,Nb2.97Zr0.03Al1; Nb0.7425Zr0.0075Al0.25,17.4,17.4,17.4,0
Al:0.250000 V:0.750000,other,2,2,Al1V3; Al0.25V0.75,10.3,13.6,16.9,4.6669
Al:0.250000 Pd:0.625000 Ce:0.125000,other,2,1,Ce1Pd5Al2,0.57,0.735,0.9,0.233345
Al:0.250000 Nb:0.712500 Mo:0.037500,other,2,1,Nb2.85Mo0.15Al1,13.4,14.45,15.5,1.48492
Al:0.250000 Nb:0.675000 Mo:0.075000,other,2,1,Nb2.7Mo0.3Al1,11.4,11.85,12.3,0.636396
Al:0.230000 Ge:0.020000 Nb:0.750000,other,2,2,Nb3Al0.92Ge0.08; Nb0.75Al0.23Ge0.02,19.2,19.55,19.9,0.494975
Al:0.210000 Ge:0.040000 Nb:0.750000,other,2,1,Nb0.75Al0.21Ge0.04,19.7,19.85,20,0.212132
Al:0.200000 Ga:0.050000 Nb:0.750000,other,2,2,Nb75Ga5Al20; Nb3Al0.8Ga0.2,18.25,18.395,18.54,0.205061
Al:0.200000 Au:0.800000,other,2,1,Al1Au4,0.4,0.55,0.7,0.212132
Al:0.180000 Ge:0.070000 Nb:0.750000,other,2,2,Nb0.75Al0.18Ge0.07; Nb3Al0.72Ge0.28,19.8,19.85,19.9,0.0707107
Al:0.175000 Ge:0.075000 Nb:0.750000,other,2,2,Nb0.75Al0.175Ge0.075; Nb3Al0.7Ge0.3,17.9,18.9,19.9,1.41421
Al:0.175000 Ga:0.075000 Nb:0.750000,other,2,2,Nb0.75Al0.175Ga0.075; Nb75Ga7.5Al17.5,18.3,18.7,19.1,0.565685
Al:0.152000 Sn:0.848000,other,2,1,Al0.152Sn0.848,3.677,3.6835,3.69,0.00919239
Al:0.125000 Ga:0.125000 Nb:0.750000,other,2,2,Al0.5Ga0.5Nb3; Nb3Al0.5Ga0.5,18.5,18.75,19,0.353553
Al:0.100000 Nb:0.750000 Sn:0.150000,other,2,1,Nb3Sn0.6Al0.4,15.1,15.4,15.7,0.424264
Al:0.075000 V:0.750000 Ge:0.175000,other,2,2,V0.75Ge0.175Al0.075; V3Ge0.7Al0.3,10.8,10.985,11.17,0.26163
Al:0.075000 Nb:0.750000 Sn:0.175000,other,2,1,Nb3Sn0.7Al0.3,15.75,15.775,15.8,0.0353553
Al:0.050000 V:0.750000 Ge:0.200000,other,2,2,V0.75Ge0.2Al0.05; V3Ge0.8Al0.2,10.3,10.66,11.02,0.509117
Al:0.050000 Nb:0.750000 Sn:0.200000,other,2,1,Nb3Sn0.8Al0.2,16.8,16.85,16.9,0.0707107
Al:0.025000 V:0.750000 Ge:0.225000,other,2,2,V0.75Ge0.225Al0.025; V3Ge0.9Al0.1,8.6,8.7,8.8,0.141421
Al:0.025000 Nb:0.750000 Sn:0.225000,other,2,1,Nb3Sn0.9Al0.1,17.8,18.1,18.4,0.424264
Al:0.012500 Nb:0.750000 Sn:0.237500,other,2,2,Nb3Al0.05Sn0.95; Al0.05Nb3Sn0.95,18,18.1,18.2,0.141421
Ag:0.333333 In:0.666667,other,2,1,Ag1In2,2.3,2.35,2.4,0.0707107
Al:0.666667 La:0.332667 Gd:0.000667,other,2,2,Al2Gd0.002La0.998; La0.998Gd0.002Al2,2.39,2.42,2.45,0.0424264
Al:0.666667 Pt:0.333333,other,2,1,Al2Pt1,0.48,0.515,0.55,0.0494975
Al:0.764706 Os:0.235294,other,2,1,Al13Os4,5.3,5.4,5.5,0.141421
B:0.071429 O:0.142857 Cu:0.357143 Sr:0.142857 Y:0.142857 Ba:0.142857,cuprate,2,2,Y1Ba1Sr1Cu2.5B0.5O; Y1Sr1Ba1Cu2.5B0.5O,25,33.1,41.2,11.4551
B:0.333333 C:0.166667 Ni:0.233333 Cu:0.100000 Y:0.166667,other,2,1,Y1Ni1.4Cu0.6B2C1,10.4,10.45,10.5,0.0707107
B:0.333333 C:0.166667 La:0.166667 Pt:0.333333,other,2,1,La1Pt2B2C1,10,10.25,10.5,0.353553
B:0.333333 C:0.166667 Fe:0.006667 Ni:0.326667 Er:0.166667,other,2,1,Er1Ni1.96Fe0.04B2C1,7.21,8.355,9.5,1.61927
B:0.333333 C:0.166667 Fe:0.003333 Ni:0.330000 Er:0.166667,other,2,1,Er1Ni1.98Fe0.02B2C1,8.8,9.535,10.27,1.03945
B:0.333333 C:0.166667 Co:0.033333 Ni:0.300000 Y:0.166667,other,2,1,Y1Ni1.8Co0.2B2C1,6.7,6.75,6.8,0.0707107
B:0.333333 C:0.166667 Co:0.023333 Ni:0.310000 Y:0.166667,other,2,1,Y1Ni1.86Co0.14B2C1,7.76,8.13,8.5,0.523259
B:0.333333 C:0.166667 Co:0.016667 Ni:0.316667 Y:0.166667,other,2,1,Y1Ni1.9Co0.1B2C1,9.5,9.65,9.8,0.212132
B:0.333333 C:0.166667 Co:0.010000 Ni:0.323333 Y:0.166667,other,2,1,Y1Ni1.94Co0.06B2C1,11.5,11.8,12.1,0.424264
B:0.322581 C:0.032258 Y:0.107527 Pd:0.537634,other,2,1,Y1Pd5B3C0.3,23,23.16,23.32,0.226274
B:0.300000 Re:0.700000,other,2,1,B3Re7,3.08,3.19,3.3,0.155563
B:0.250000 Re:0.750000,other,2,1,B1Re3,4.7,4.75,4.8,0.0707107
B:0.038462 O:0.538462 Cu:0.192308 Sr:0.076923 Y:0.076923 Ba:0.076923,cuprate,2,1,Y1Sr1Ba1Cu2.5B0.5O7,25,34.5,44,13.435
Al:0.869565 V:0.086957 Pr:0.043478,other,2,1,Pr1V2Al20,0.039,0.0445,0.05,0.00777817
Au:0.666667 Bi:0.333333,other,2,1,Au2Bi1,1.7,1.77,1.84,0.0989949
Au:0.333333 Pb:0.666667,other,2,1,Au1Pb2,3.1,3.76,4.42,0.933381
Au:0.250000 Pb:0.750000,other,2,1,Au1Pb3,4.25,4.325,4.4,0.106066
As:0.500000 Sn:0.500000,other,2,1,As1Sn1,3.41,3.755,4.1,0.487904
As:0.428571 Sn:0.571429,other,2,1,As3Sn4,1.16,1.195,1.23,0.0494975
As:0.333333 Sr:0.333333 Pt:0.333333,other,2,1,Sr1Pt1As1,2.4,2.425,2.45,0.0353553
As:0.333333 Ru:0.333333 Hf:0.333333,other,2,1,Hf1Ru1As1,4.65,4.79,4.93,0.19799
As:0.333333 Pd:0.666667,other,2,1,As1Pd2,0.6,1.15,1.7,0.777817
As:0.005076 Sn:0.492386 Te:0.502538,other,2,1,Sn0.97As0.01Te0.99,0.023,0.048,0.073,0.0353553
As:0.002538 Sn:0.492386 Te:0.505076,other,2,1,Sn0.97As0.005Te0.995,0.068,0.088,0.108,0.0282843
Al:0.900901 V:0.090090 Ga:0.009009,other,2,1,Ga0.2V2Al20,1.65,1.655,1.66,0.00707107
B:0.666667 Mg:0.326667 Al:0.006667,other,2,1,Mg0.98Al0.02B2,35.9,36.7,37.5,1.13137
B:0.666667 Mg:0.329333 Fe:0.004000,other,2,1,Mg0.988Fe0.012B2,32,33.45,34.9,2.05061
Cu:0.500000 Bi:0.500000,other,2,1,Bi1Cu1,1.4,1.8,2.2,0.565685
C:0.500000 Nb:0.400000 W:0.100000,other,2,1,Nb0.8W0.2C1,12.7,13.2,13.7,0.707107
Ca:0.195000 Fe:0.250000 As:0.500000 La:0.055000,iron-based,2,1,Ca0.78La0.22Fe1As2,21.8,21.9,22,0.141421
C:0.956175 Yb:0.043825,other,2,1,C60Yb2.75,5.4,5.7,6,0.424264
C:0.952381 Rb:0.031746 Cs:0.015873,other,2,2,Cs1Rb2C60; Rb2Cs1C60,31,31.15,31.3,0.212132
C:0.952381 Na:0.031746 Rb:0.015873,other,2,1,Na2Rb1C60,2.5,2.95,3.4,0.636396
C:0.952381 Na:0.031746 Rb:0.007937 Cs:0.007937,other,2,1,Na2Rb0.5Cs0.5C60,8,8.2,8.4,0.282843
C:0.952381 K:0.031746 Rb:0.015873,other,2,1,K2Rb1C60,21.8,22.4,23,0.848528
C:0.937500 Ba:0.062500,other,2,1,Ba4C60,6.7,6.75,6.8,0.0707107
C:0.900000 S:0.100000,other,2,1,C0.9S0.1,35,36.5,38,2.12132
C:0.888889 Rb:0.111111,other,2,1,C8Rb1,0.023,0.0241,0.0252,0.00155563
C:0.615385 K:0.153846 Tl:0.230769,other,2,1,K1Tl1.5C4,2.56,2.63,2.7,0.0989949
C:0.607843 Y:0.352941 W:0.039216,other,2,2,C1.55W0.1Y0.9; Y1.8W0.2C3.1,14.5,14.65,14.8,0.212132
C:0.600000 Ti:0.120000 Y:0.280000,other,2,2,C1.5Ti0.3Y0.7; Y1.4Ti0.6C3,12.9,12.9,12.9,0
C:0.591837 Y:0.367347 Mo:0.040816,other,2,2,C1.45Mo0.1Y0.9; Y1.8Mo0.2C2.9,13.8,13.8,13.8,0
C:0.591837 Y:0.367347 Bi:0.040816,other,2,2,Bi0.1C1.45Y0.9; Y1.8Bi0.2C2.9,9.35,9.35,9.35,0
C:0.591837 V:0.040816 Y:0.367347,other,2,2,C1.45V0.1Y0.9; Y1.8V0.2C2.9,11.5,11.5,11.5,0
C:0.591837 Cr:0.040816 Y:0.367347,other,2,2,C1.45Cr0.1Y0.9; Y1.8Cr0.2C2.9,12.4,12.4,12.4,0
C:0.574468 Y:0.382979 Sn:0.042553,other,2,2,C1.35Sn0.1Y0.9; Y1.8Sn0.2C2.7,10.2,10.2,10.2,0
C:0.574468 Y:0.382979 Ru:0.042553,other,2,2,C1.35Ru0.1Y0.9; Y1.8Ru0.2C2.7,11.2,11.2,11.2,0
C:0.574468 Y:0.382979 Nb:0.042553,other,2,2,C1.35Nb0.1Y0.9; Y1.8Nb0.2C2.7,10.8,10.8,10.8,0
C:0.574468 Ti:0.042553 Y:0.382979,other,2,2,C1.35Ti0.1Y0.9; Y1.8Ti0.2C2.7,10.7,10.7,10.7,0
C:0.574468 Si:0.042553 Y:0.382979,other,2,2,C1.35Si0.1Y0.9; Y1.8Si0.2C2.7,11.3,11.3,11.3,0
C:0.574468 Ge:0.042553 Y:0.382979,other,2,2,C1.35Ge0.1Y0.9; Y1.8Ge0.2C2.7,10.6,10.6,10.6,0
C:0.565217 Y:0.391304 Au:0.043478,other,2,2,Au0.1C1.3Y0.9; Y1.8Au0.2C2.6,10.1,10.1,10.1,0
C:0.500000 Si:0.500000,other,2,2,C1Si1; Si1C1,1.4,1.425,1.45,0.0353553
C:0.500000 Ru:0.500000,other,2,1,C1Ru1,2,2.02,2.04,0.0282843
Ca:0.197500 Fe:0.250000 As:0.500000 La:0.052500,iron-based,2,1,Ca0.79La0.21Fe1As2,25,26.5,28,2.12132
Ca:0.200000 Fe:0.377600 Co:0.022400 As:0.400000,iron-based,2,1,Ca1Fe1.888Co0.112As2,16.5,17.75,19,1.76777
Ca:0.200000 Fe:0.379600 Co:0.020400 As:0.400000,iron-based,2,1,Ca1Fe1.898Co0.102As2,18.5,19.2,19.9,0.989949
Co:0.142857 In:0.714286 Ce:0.135714 Yb:0.007143,other,2,1,Ce0.95Yb0.05Co1In5,1.73,1.945,2.16,0.304056
Cu:0.400000 Ge:0.400000 Ce:0.200000,other,2,1,Ce1Cu2Ge2,0.64,1.32,2,0.961665
Cr:0.750000 Rh:0.250000,other,2,2,Cr0.75Rh0.25; Cr3Rh1,0.07,0.071,0.072,0.00141421
Cr:0.720000 Os:0.280000,other,2,1,Cr0.72Os0.28,3.862,3.906,3.95,0.0622254
Cr:0.500000 As:0.500000,other,2,1,As1Cr1,1.506,1.838,2.17,0.469519
Cr:0.375000 As:0.375000 Cs:0.250000,other,2,1,Cs2Cr3As3,1.85,2.025,2.2,0.247487
Cr:0.100000 Nb:0.900000,other,2,1,Cr0.1Nb0.9,4.66,4.83,5,0.240416
Cr:0.004975 Fe:0.497512 Se:0.497512,iron-based,2,1,Fe1Cr0.01Se1,10.4,10.8,11.2,0.565685
Co:0.500000 Bi:0.500000,other,2,1,Bi1Co1,0.42,0.455,0.49,0.0494975
Co:0.437500 Y:0.562500,other,2,1,Co7Y9,2.7,2.85,3,0.212132
Co:0.333333 Zr:0.083333 Ta:0.583333,other,2,1,Co1Ta1.75Zr0.25,0.9,0.95,1,0.0707107
Co:0.283333 Ni:0.050000 Zr:0.666667,other,2,2,Co0.85Ni0.15Zr2; Zr2Co0.85Ni0.15,5.92,5.96,6,0.0565685
Co:0.142857 In:0.714286 Ce:0.135714 Nd:0.007143,other,2,1,Ce0.95Nd0.05Co1In5,1.9,1.95,2,0.0707107
Ca:0.200000 Fe:0.400000 As:0.400000,iron-based,2,1,Ca1Fe2As2,11.6,11.8,12,0.282843
Co:0.142857 In:0.714286 Ce:0.128571 Yb:0.014286,other,2,1,Ce0.9Yb0.1Co1In5,1.47,1.78,2.09,0.438406
Co:0.142857 In:0.705714 Sn:0.008571 Ce:0.142857,other,2,1,Ce1Co1In4.94Sn0.06,1.56,1.565,1.57,0.00707107
Co:0.142857 In:0.697143 Sn:0.017143 Ce:0.142857,other,2,1,Ce1Co1In4.88Sn0.12,0.81,0.87,0.93,0.0848528
Co:0.142857 Cd:0.000786 In:0.713500 Ce:0.142857,other,2,1,Ce1Co1In4.9945Cd0.0055,2.222,2.226,2.23,0.00565685
Co:0.071429 Rh:0.071429 In:0.714286 Ce:0.142857,other,2,2,Ce1Rh0.5Co0.5In5; Ce1Co0.5Rh0.5In5,1.4,1.5,1.6,0.141421
Cd:0.500000 Hg:0.500000,other,2,1,Cd1Hg1,1.77,1.96,2.15,0.268701
Ca:0.333333 Ir:0.666667,other,2,1,Ca1Ir2,4,5.075,6.15,1.52028
Ca:0.250000 Bi:0.750000,other,2,1,Bi3Ca1,1.7,1.85,2,0.212132
Ca:0.243902 Fe:0.233659 As:0.439024 Pt:0.083415,iron-based,2,1,Ca10Pt3.42Fe9.58As18,8.78,9.87,10.96,1.54149
Ca:0.243902 Fe:0.220244 As:0.439024 Pt:0.096829,iron-based,2,1,Ca10Pt3.97Fe9.03As18,10.5,10.75,11,0.353553
Ca:0.238095 Fe:0.238095 As:0.428571 Ir:0.095238,iron-based,2,1,Ca10Ir4Fe10As18,16,17.35,18.7,1.90919
C:0.500000 Rh:0.500000,other,2,1,C1Rh1,1.6,2.5,3.4,1.27279
C:0.500000 Nb:0.400000 Ta:0.100000,other,2,1,Nb0.8Ta0.2C1,9.9,9.95,10,0.0707107
B:0.666667 Mg:0.330000 Al:0.003333,other,2,1,Mg0.99Al0.01B2,37.9,37.95,38,0.0707107
C:0.500000 Mo:0.450000 Ru:0.050000,other,2,2,C1Mo0.9Ru0.1; Mo0.9Ru0.1C1,13.6,13.65,13.7,0.0707107
C:0.038889 N:0.016667 O:0.555556 Cu:0.111111 Sr:0.222222 Tl:0.027778 Pb:0.027778,cuprate,2,1,Pb0.5Tl0.5Sr4Cu2C0.7N0.3O10,28,49,70,29.6985
C:0.027778 N:0.027778 O:0.555556 Cu:0.111111 Sr:0.222222 Tl:0.027778 Pb:0.027778,cuprate,2,1,Pb0.5Tl0.5Sr4Cu2C0.5N0.5O10,24,47,70,32.5269
C:0.017341 O:0.115607 Ca:0.231214 Cu:0.404624 Ba:0.231214,cuprate,2,1,C0.15Cu0.5Ba2Ca2Cu3O,66,77,88,15.5563
C:0.002281 O:0.114025 Ca:0.228050 Cu:0.342075 Ba:0.228050 Tl:0.085519,cuprate,2,1,Tl0.75Ba2Ca2Cu3C0.02O,127,130.25,133.5,4.59619
Be:0.980000 Re:0.020000,other,2,1,Be0.98Re0.02,9.45,9.6,9.75,0.212132
Be:0.957000 Re:0.043000,other,2,1,Be0.957Re0.043,9.62,9.645,9.67,0.0353553
Be:0.956522 Mo:0.043478,other,2,1,Be22Mo1,2.51,2.5275,2.545,0.0247487
Be:0.900000 Ni:0.100000,other,2,1,Be0.9Ni0.1,0.58,1.48,2.38,1.27279
Be:0.500000 Au:0.500000,other,2,1,Au1Be1,0.91,1.775,2.64,1.22329
Be:0.275000 Ti:0.082500 Ni:0.100000 Cu:0.075000 Zr:0.467500,other,2,1,Zr46.75Ti8.25Cu7.5Ni10Be27.5,1.84,2.8,3.76,1.35765
Be:0.266667 B:0.733333,other,2,1,B2.75Be1,0.72,0.755,0.79,0.0494975
Be:0.225000 Ti:0.138000 Ni:0.100000 Cu:0.125000 Zr:0.412000,other,2,1,Zr41.2Ti13.8Cu12.5Ni10Be22.5,0.9,1,1.1,0.141421
Be:0.012500 Al:0.237500 Nb:0.750000,other,2,2,Al0.95Be0.05Nb3; Nb3Al0.95Be0.05,19.6,19.7,19.8,0.141421
Ba:0.400000 Bi:0.600000,other,2,1,Ba2Bi3,4.4,4.44,4.48,0.0565685
Ba:0.250000 Bi:0.750000,other,2,1,Ba1Bi3,5.69,5.745,5.8,0.0777817
B:0.857143 La:0.142857,other,2,1,B6La1,0.45,3.075,5.7,3.71231
B:0.714286 Nb:0.285714,other,2,2,B2Nb0.8; B2.5Nb1,4.55,5.475,6.4,1.30815
B:0.714286 Mo:0.285714,other,2,1,B2.5Mo1,7.45,7.775,8.1,0.459619
B:0.687500 Nb:0.312500,other,2,1,B2.2Nb1,3.6,6.305,9.01,3.82545
B:0.677419 Nb:0.322581,other,2,1,B2.1Nb1,5.8,7.45,9.1,2.33345
B:0.666667 Mg:0.332333 Fe:0.001000,other,2,1,Mg0.997Fe0.003B2,37.7,37.8,37.9,0.141421
B:0.666667 Mg:0.331333 Fe:0.002000,other,2,1,Mg0.994Fe0.006B2,34.2,35.6,37,1.9799
B:0.666667 Mg:0.330000 Mn:0.003333,other,2,1,Mg0.99Mn0.01B2,30.6,33.4,36.2,3.9598
B:0.666667 Mg:0.330000 Fe:0.003333,other,2,1,Mg0.99Fe0.01B2,31.2,34.7,38.2,4.94975
B:0.666667 Mg:0.330000 Co:0.003333,other,2,1,Mg0.99Co0.01B2,35.5,37.1,38.7,2.26274
C:0.040000 O:0.520000 Ca:0.120000 Cu:0.200000 Ba:0.120000,cuprate,2,1,C1Ba3Ca3Cu5O13,110,111.5,113,2.12132
C:0.044444 N:0.011111 O:0.555556 Cu:0.111111 Sr:0.111111 Ba:0.111111 Tl:0.055556,cuprate,2,1,Tl1Sr2Ba2Cu2C0.8N0.2O10,49,55,61,8.48528
C:0.050000 N:0.005556 O:0.555556 Cu:0.111111 Sr:0.111111 Ba:0.111111 Tl:0.055556,cuprate,2,1,Tl1Sr2Ba2Cu2C0.9N0.1O10,43,52,61,12.7279
C:0.238095 Mg:0.190476 Ni:0.571429,other,2,1,Mg1C1.25Ni3,7.3,7.35,7.4,0.0707107
C:0.500000 Mo:0.450000 Re:0.050000,other,2,2,C1Mo0.9Re0.1; Mo0.9Re0.1C1,13.8,13.85,13.9,0.0707107
C:0.500000 Mo:0.400000 Ta:0.100000,other,2,2,C1Mo0.8Ta0.2; Ta0.2Mo0.8C1,8.7,9.6,10.5,1.27279
C:0.500000 Mo:0.100000 Ta:0.400000,other,2,2,C1Mo0.2Ta0.8; Ta0.8Mo0.2C1,7.5,8,8.5,0.707107
C:0.494949 Nb:0.505051,other,2,1,C0.98Nb1,11.56,11.68,11.8,0.169706
C:0.440000 Mo:0.560000,other,2,1,C0.44Mo0.56,1.3,7.15,13,8.27315
C:0.390244 Mo:0.609756,other,2,1,C0.64Mo1,8,8.45,8.9,0.636396
C:0.333333 Br:0.166667 Y:0.333333 I:0.166667,other,2,2,Y2C2Br1I1; Y2I1Br1C2,5.08,6.49,7.9,1.99404
C:0.333333 Br:0.083333 Y:0.333333 I:0.250000,other,2,2,Y2C2Br0.5I1.5; Y2I1.5Br0.5C2,11.1,11.35,11.6,0.353553
C:0.272727 Mg:0.181818 Ni:0.545455,other,2,1,Mg1C1.5Ni3,7.9,8.15,8.4,0.353553
C:0.250000 Nb:0.500000 Sn:0.250000,other,2,1,Nb2Sn1C1,4,5.9,7.8,2.68701
C:0.250000 Ga:0.250000 Mo:0.500000,other,2,1,C1Ga1Mo2,3.7,3.9,4.1,0.282843
C:0.203947 O:0.611842 Cu:0.052632 Sr:0.105263 Tl:0.013158 Pb:0.013158,cuprate,2,1,Tl0.5Pb0.5Sr4Cu2C7.75O23.25,23,43,63,28.2843
C:0.050000 N:0.005556 O:0.555556 Cu:0.111111 Sr:0.222222 Tl:0.027778 Pb:0.027778,cuprate,2,1,Pb0.5Tl0.5Sr4Cu2C0.9N0.1O10,40,58,76,25.4558
C:0.200000 O:0.600000 Cu:0.057143 Sr:0.114286 Tl:0.014286 Pb:0.014286,cuprate,2,1,Tl0.5Pb0.5Sr4Cu2C7O21,60,65,70,7.07107
C:0.200000 Mg:0.200000 Ni:0.599000 Ru:0.001000,other,2,1,Mg1C1Ni2.995Ru0.005,6.91,6.92,6.93,0.0141421
C:0.200000 Mg:0.200000 Ni:0.598000 Ru:0.002000,other,2,1,Mg1C1Ni2.99Ru0.01,6.71,6.715,6.72,0.00707107
C:0.200000 Mg:0.200000 Ni:0.596000 Ru:0.004000,other,2,1,Mg1C1Ni2.98Ru0.02,6.5,6.51,6.52,0.0141421
C:0.200000 Mg:0.200000 Ni:0.560000 Ru:0.040000,other,2,1,Mg1C1Ni2.8Ru0.2,3.47,3.48,3.49,0.0141421
C:0.150000 N:0.350000 Nb:0.500000,other,2,1,Nb1C0.3N0.7,17.7,17.75,17.8,0.0707107
C:0.058824 O:0.529412 Cu:0.117647 Sr:0.117647 Ba:0.117647 Hg:0.058824,cuprate,2,1,Hg1Ba2Sr2Cu2C1O9,58,62,66,5.65685
C:0.055556 O:0.555556 Cu:0.111111 Sr:0.222222 Tl:0.038889 Bi:0.016667,cuprate,2,1,Tl0.7Bi0.3Sr4Cu2C1O10,48,49,50,1.41421
C:0.055556 O:0.555556 Cu:0.111111 Sr:0.222222 Tl:0.027778 Bi:0.027778,cuprate,2,1,Tl0.5Bi0.5Sr4Cu2C1O10,52,53.5,55,2.12132
C:0.055556 O:0.555556 Cu:0.111111 Sr:0.111111 Ba:0.111111 Tl:0.055556,cuprate,2,2,Tl1Ba2Sr2Cu2C1O10; Tl1C1Sr2Ba2Cu2O10,61,64.6,68.2,5.09117
C:0.050000 O:0.550000 Cu:0.100000 Sr:0.200000 Bi:0.100000,cuprate,2,1,Bi2Sr4Cu2C1O11,30,31,32,1.41421
Nb:0.800000 Ta:0.200000,other,2,1,Nb0.8Ta0.2,7.42,7.62,7.82,0.282843
Nb:0.900000 Mo:0.100000,other,2,1,Mo0.1Nb0.9,6.38,6.55,6.72,0.240416
O:0.538462 Cu:0.221538 Ga:0.009231 Y:0.076923 Ba:0.153846,cuprate,2,1,Y1Ba2Cu2.88Ga0.12O7,68.2,74.045,79.89,8.26608
O:0.507614 Ca:0.109772 Cu:0.181472 Ba:0.126904 Hg:0.063452 Pb:0.010787,cuprate,2,1,Hg1Ba2Ca1.73Pb0.17Cu2.86O8,131.5,132.25,133,1.06066
O:0.522673 Cu:0.238663 Y:0.079554 Ba:0.159109,cuprate,2,1,Y1Ba2Cu3O6.57,55,56.1,57.2,1.55563
O:0.522293 Cu:0.238854 Y:0.079618 Ba:0.159236,cuprate,2,1,Y1Ba2Cu3O6.56,50.4,54.7,59,6.08112
O:0.522293 Ca:0.023885 Cu:0.238854 Sr:0.031847 Ba:0.127389 Yb:0.055732,cuprate,2,1,Yb0.7Ca0.3Ba1.6Sr0.4Cu3O6.56,80.3,81.35,82.4,1.48492
O:0.522141 Cu:0.238930 Y:0.079643 Ba:0.159286,cuprate,2,1,Y1Ba2Cu3O6.556,58.5,58.95,59.4,0.636396
O:0.522103 Cu:0.119474 Ba:0.238949 Hg:0.119474,cuprate,2,1,Hg1Ba2Cu1O4.37,35,37.5,40,3.53553
O:0.521739 Ca:0.130435 Cu:0.173913 Ba:0.086957 Tl:0.086957,cuprate,2,1,Tl2Ba2Ca3Cu4O12,109,114.5,120,7.77817
O:0.521531 Cu:0.119617 Ba:0.239234 Hg:0.119617,cuprate,2,1,Hg1Ba2Cu1O4.36,40,48,56,11.3137
O:0.520000 Cu:0.240000 Y:0.072000 Ba:0.160000 Pr:0.008000,cuprate,2,1,Y0.9Pr0.1Ba2Cu3O6.5,21.1,29.9,38.7,12.4451
O:0.520000 Cu:0.240000 Y:0.064000 Ba:0.160000 Pr:0.016000,cuprate,2,1,Y0.8Pr0.2Ba2Cu3O6.5,11.1,22.5,33.9,16.122
O:0.520000 Ca:0.016000 Cu:0.240000 Y:0.064000 Ba:0.160000,cuprate,2,1,Y0.8Ca0.2Ba2Cu3O6.5,61.9,73.35,84.8,16.1927
O:0.520000 Ca:0.008000 Cu:0.240000 Y:0.072000 Ba:0.160000,cuprate,2,1,Y0.9Ca0.1Ba2Cu3O6.5,54.5,66.9,79.3,17.5362
O:0.519616 Cu:0.240192 Y:0.080064 Ba:0.160128,cuprate,2,1,Y1Ba2Cu3O6.49,37.5,48.515,59.53,15.5776
O:0.518845 Cu:0.240577 Y:0.080192 Ba:0.160385,cuprate,2,1,Y1Ba2Cu3O6.47,43.6,47.5,51.4,5.51543
O:0.518072 V:0.024096 Cu:0.120482 Ba:0.240964 Hg:0.096386,cuprate,2,1,Hg0.8V0.2Ba2Cu1O4.3,90,93,96,4.24264
O:0.517297 Cu:0.241352 Y:0.080451 Ba:0.160901,cuprate,2,1,Y1Ba2Cu3O6.43,26.4,30.7,35,6.08112
O:0.517297 Ca:0.024135 Cu:0.241352 Sr:0.032180 Ba:0.128721 Yb:0.056315,cuprate,2,1,Yb0.7Ca0.3Ba1.6Sr0.4Cu3O6.43,64.3,65.3,66.3,1.41421
O:0.516324 Cu:0.120919 Ba:0.241838 Hg:0.120919,cuprate,2,1,Hg1Ba2Cu1O4.27,86.7,88.85,91,3.04056
O:0.514956 Cu:0.242522 Y:0.080841 Ba:0.161681,cuprate,2,1,Y1Ba2Cu3O6.37,13.5,27.185,40.87,19.3535
O:0.513973 Cu:0.121507 Ba:0.243013 Hg:0.121507,cuprate,2,1,Hg1Ba2Cu1O4.23,30,63.5,97,47.3762
O:0.512195 Ca:0.121951 Ti:0.024390 Cu:0.182927 Ba:0.121951 Hg:0.036585,cuprate,2,1,Hg0.6Ti0.4Ba2Ca2Cu3O8.4,128,131,134,4.24264
O:0.512195 Ca:0.121951 Cu:0.182927 Mo:0.012195 Ba:0.121951 Hg:0.048780,cuprate,2,1,Hg0.8Mo0.2Ba2Ca2Cu3O8.4,129,131.5,134,3.53553
O:0.509202 Cu:0.122699 Ba:0.245399 Hg:0.122699,cuprate,2,1,Hg1Ba2Cu1O4.15,96.8,97,97.2,0.282843
O:0.509202 Ca:0.122699 V:0.012270 Cu:0.184049 Ba:0.122699 Hg:0.049080,cuprate,2,1,Hg0.8V0.2Ba2Ca2Cu3O8.3,120,123.5,127,4.94975
O:0.509202 Ca:0.122699 Cu:0.184049 Ba:0.122699 Hg:0.061350,cuprate,2,1,Hg1Ba2Ca2Cu3O8.3,133,133.5,134,0.707107
O:0.507995 Cu:0.123001 Ba:0.246002 Hg:0.123001,cuprate,2,1,Hg1Ba2Cu1O4.13,60,78.5,97,26.163
O:0.523431 Cu:0.233519 Zn:0.004766 Y:0.079428 Ba:0.158856,cuprate,2,1,Y1Ba2Cu2.94Zn0.06O6.59,18.6,18.75,18.9,0.212132
O:0.523431 Cu:0.238284 Y:0.079428 Ba:0.158856,cuprate,2,1,Y1Ba2Cu3O6.59,59.9,60.55,61.2,0.919239
O:0.523810 Ca:0.142857 Cu:0.190476 Ba:0.095238 Tl:0.047619,cuprate,2,1,Tl1Ba2Ca3Cu4O11,114,118.05,122.1,5.72756
O:0.528672 Ca:0.023566 Cu:0.235664 Sr:0.031422 Ba:0.125687 Yb:0.054988,cuprate,2,1,Yb0.7Ca0.3Ba1.6Sr0.4Cu3O6.73,67.6,68.05,68.5,0.636396
O:0.531981 Cu:0.234009 Ba:0.156006 Sm:0.078003,cuprate,2,1,Sm1Ba2Cu3O6.82,59.2,74.6,90,21.7789
O:0.531616 Cu:0.234192 Y:0.078064 Ba:0.156128,cuprate,2,1,Y1Ba2Cu3O6.81,87.3,88.4,89.5,1.55563
O:0.531250 Fe:0.007813 Cu:0.226562 Y:0.078125 Ba:0.156250,cuprate,2,1,Y1Ba2Cu2.9Fe0.1O6.8,48,50.55,53.1,3.60624
O:0.531250 Cu:0.234375 Sr:0.078125 Y:0.078125 Ba:0.078125,cuprate,2,1,Y1Ba1Sr1Cu3O6.8,51.5,67.5,83.5,22.6274
O:0.531250 Cu:0.156250 Sr:0.312500,cuprate,2,1,Sr2Cu1O3.4,75,85,95,14.1421
O:0.529781 Cu:0.235110 Y:0.047022 Ba:0.156740 Pr:0.031348,cuprate,2,1,Y0.6Pr0.4Ba2Cu3O6.76,23.7,34,44.3,14.5664
O:0.529412 Ca:0.117647 Cu:0.176471 Sr:0.117647 Tl:0.029412 Pb:0.029412,cuprate,2,1,Tl0.5Pb0.5Sr2Ca2Cu3O9,112,113.5,115,2.12132
O:0.529412 Ca:0.117647 Cu:0.176471 Sr:0.058824 Ba:0.058824 Tl:0.058824,cuprate,2,1,Tl1Ba1Sr1Ca2Cu3O9,97,101,105,5.65685
O:0.529412 Ca:0.117647 Cu:0.176471 Ga:0.058824 Sr:0.117647,cuprate,2,2,Ca2Sr2Cu3Ga1O9; Ga1Sr2Ca2Cu3O9,70,71.5,73,2.12132
O:0.529042 Ca:0.104657 Cu:0.156986 Sr:0.104657 Pb:0.020931 Bi:0.083726,cuprate,2,2,Bi1.6Pb0.4Sr2Ca2Cu3O10.11; Bi1.6Pb0.4Sr2Cu3Ca2O10.11,84,94.65,105.3,15.0614
O:0.528672 Cu:0.235664 Ba:0.157109 Sm:0.078555,cuprate,2,1,Sm1Ba2Cu3O6.73,44.9,44.95,45,0.0707107
O:0.527559 Ca:0.007874 Cu:0.236220 Y:0.070866 Ba:0.157480,cuprate,2,1,Y0.9Ca0.1Ba2Cu3O6.7,71,73,75,2.82843
O:0.524941 Cu:0.118765 Ba:0.237530 Re:0.011876 Hg:0.106888,cuprate,2,1,Hg0.9Re0.1Ba2Cu1O4.42,93.8,94.4,95,0.848528
O:0.527559 Ca:0.003937 Cu:0.236220 Y:0.074803 Ba:0.157480,cuprate,2,1,Y0.95Ca0.05Ba2Cu3O6.7,70,71,72,1.41421
O:0.527187 Cu:0.236407 Y:0.078802 Ba:0.157604,cuprate,2,1,Y1Ba2Cu3O6.69,64.7,80.85,97,22.8395
O:0.526814 Cu:0.231861 Zn:0.004732 Y:0.078864 Ba:0.157729,cuprate,2,1,Y1Ba2Cu2.94Zn0.06O6.68,20,22.5,25,3.53553
O:0.526814 Cu:0.229495 Zn:0.007098 Y:0.078864 Ba:0.157729,cuprate,2,1,Y1Ba2Cu2.91Zn0.09O6.68,10,35,60,35.3553
O:0.526584 Cu:0.254916 Y:0.072833 Ba:0.145666,cuprate,2,1,Y2Ba4Cu7O14.46,32.1,39.05,46,9.82878
O:0.526316 Ca:0.105263 Cu:0.157895 Sr:0.105263 Pb:0.018421 Bi:0.086842,cuprate,2,1,Bi1.65Pb0.35Sr2Ca2Cu3O10,93,100.8,108.6,11.0309
O:0.526316 Ca:0.105263 Cu:0.157895 Sr:0.105263 Pb:0.013158 Bi:0.092105,cuprate,2,1,Bi1.75Pb0.25Sr2Ca2Cu3O10,103,105.5,108,3.53553
O:0.526316 Ca:0.105263 Cu:0.157895 Sr:0.105263 Nd:0.005263 Tb:0.005263 Pb:0.052632 Bi:0.042105,cuprate,2,1,Bi0.8Nd0.1Tb0.1Pb1Sr2Ca2Cu3O10,115,115.25,115.5,0.353553
O:0.524941 Cu:0.237530 Sr:0.039588 Ba:0.118765 Gd:0.079177,cuprate,2,1,Gd1Ba1.5Sr0.5Cu3O6.63,16,17,18,1.41421
O:0.524941 Cu:0.235154 Zn:0.002375 Y:0.079177 Ba:0.158353,cuprate,2,1,Y1Ba2Cu2.97Zn0.03O6.63,40,42.5,45,3.53553
O:0.524941 Cu:0.232779 Zn:0.004751 Y:0.079177 Ba:0.158353,cuprate,2,1,Y1Ba2Cu2.94Zn0.06O6.63,20,25,30,7.07107
O:0.507793 Ca:0.020509 Cu:0.246103 Sr:0.032814 Ba:0.131255 Yb:0.061526,cuprate,2,1,Ba1.6Sr0.4Yb0.75Ca0.25Cu3O6.19,23,24,25,1.41421
O:0.506782 Ca:0.123305 Cu:0.184957 Ba:0.123305 Hg:0.061652,cuprate,2,1,Hg1Ba2Ca2Cu3O8.22,107,108.5,110,2.12132
O:0.532835 Ca:0.066738 Cu:0.133476 Ba:0.133476 Tl:0.133476,cuprate,2,1,Tl2Ba2Ca1Cu2O7.984,90,91,92,1.41421
O:0.506173 Ca:0.123457 Cu:0.185185 Ba:0.123457 Hg:0.061728,cuprate,2,1,Hg1Ba2Ca2Cu3O8.2,104,104.5,105,0.707107
O:0.500000 Ca:0.125000 Cu:0.187500 Ba:0.125000 Hg:0.043750 Pb:0.018750,cuprate,2,1,Hg0.7Pb0.3Ba2Ca2Cu3O8,130,136.5,143,9.19239
O:0.500000 Ca:0.107500 Cu:0.187500 Sr:0.017500 Ba:0.125000 Hg:0.031250 Tl:0.031250,cuprate,2,1,Hg0.5Tl0.5Ba2Ca1.72Sr0.28Cu3O8,124,126,128,2.82843
O:0.500000 Ca:0.075000 Cu:0.250000 Sr:0.175000,cuprate,2,1,Sr0.7Ca0.3Cu1O2,99,104.5,110,7.77817
O:0.500000 Ca:0.071667 Cu:0.166667 Sr:0.011667 Ba:0.166667 Hg:0.083333,cuprate,2,1,Hg1Ba2Ca0.86Sr0.14Cu2O6,116,118,120,2.82843
O:0.500000 Ca:0.071667 Cu:0.166667 Sr:0.011667 Ba:0.166667 Hg:0.041667 Tl:0.041667,cuprate,2,1,Hg0.5Tl0.5Ba2Ca0.86Sr0.14Cu2O6,100,111,122,15.5563
O:0.500000 Ca:0.041667 Cu:0.166667 Sr:0.166667 La:0.041667 Hg:0.083333,cuprate,2,1,Hg1Sr2La0.5Ca0.5Cu2O6,51,52.5,54,2.12132
O:0.500000 Ca:0.024375 Cu:0.187500 Sr:0.125000 Y:0.038125 Pb:0.125000,cuprate,2,1,Pb2Sr2Y0.61Ca0.39Cu3O8,75,77,79,2.82843
O:0.500000 Ca:0.018750 Cu:0.187500 Sr:0.125000 Y:0.043750 Pb:0.125000,cuprate,2,1,Pb2Sr2Y0.7Ca0.3Cu3O8,76.8,77.9,79,1.55563
O:0.500000 Ca:0.009375 Cu:0.187500 Sr:0.125000 Y:0.053125 Pb:0.125000,cuprate,2,1,Pb2Sr2Y0.85Ca0.15Cu3O8,46,46.5,47,0.707107
O:0.463158 F:0.063158 Ca:0.157895 Cu:0.210526 Ba:0.105263,cuprate,2,1,Ba2Ca3Cu4F1.2O8.8,102,103.5,105,2.12132
O:0.461538 S:0.076923 Cu:0.230769 Y:0.076923 Ba:0.153846,cuprate,2,1,Y1Ba2Cu3S1O6,89,89.5,90,0.707107
O:0.461538 Ag:0.384615 Pb:0.153846,other,2,1,Ag5Pb2O6,0.048,0.0502,0.0524,0.00311127
O:0.453333 F:0.080000 Ca:0.133333 Cu:0.200000 Ba:0.133333,cuprate,2,1,Ba2Ca2Cu3F1.2O6.8,113,116.5,120,4.94975
O:0.442105 F:0.084211 Ca:0.157895 Cu:0.210526 Ba:0.105263,cuprate,2,1,Ba2Ca3Cu4F1.6O8.4,77,78,79,1.41421
O:0.411765 Co:0.176471 Cu:0.117647 Sr:0.235294 Mo:0.011765 Tl:0.047059,cuprate,2,1,Tl0.8Mo0.2Sr4Cu2Co3O7,30,55,80,35.3553
O:0.405405 Mg:0.040541 Ca:0.216216 Ti:0.121622 Fe:0.108108 As:0.108108,iron-based,2,1,Fe2As2Ca4Mg0.75Ti2.25O7.5,42,42.5,43,0.707107
O:0.400000 F:0.133333 Ca:0.133333 Cu:0.200000 Ba:0.133333,cuprate,2,1,Ba2Ca2Cu3F2O6,76,83,90,9.89949
O:0.375000 Sc:0.125000 Ni:0.125000 As:0.125000 Sr:0.250000,other,2,1,Ni2As2Sr4Sc2O6,2.7,2.75,2.8,0.0707107
O:0.375000 P:0.125000 Sc:0.125000 Ni:0.125000 Sr:0.250000,other,2,1,Ni2P2Sr4Sc2O6,3.45,3.525,3.6,0.106066
O:0.375000 Mg:0.062500 Ti:0.062500 Fe:0.118750 Co:0.006250 As:0.125000 Sr:0.250000,iron-based,2,2,Fe1.9Co0.1As2Sr4Mg1Ti1O6; Sr2Mg0.5Ti0.5Fe0.95Co0.05As1O3,22,24.1,26.2,2.96985
O:0.375000 Mg:0.037500 Ti:0.087500 Fe:0.125000 As:0.125000 Sr:0.250000,iron-based,2,2,Fe2As2Sr4Mg0.6Ti1.4O6; Sr2Mg0.3Ti0.7Fe1As1O3,29,32.85,36.7,5.44472
O:0.363636 S:0.272727 Cu:0.009091 Bi:0.354545,cuprate,2,1,Bi3.9Cu0.1S3O4,2.99,2.995,3,0.00707107
O:0.363636 S:0.272727 Cu:0.004545 Bi:0.359091,cuprate,2,1,Bi3.95Cu0.05S3O4,2.59,2.595,2.6,0.00707107
O:0.363636 S:0.272727 Cu:0.000909 Bi:0.362727,cuprate,2,1,Bi3.99Cu0.01S3O4,3.93,3.935,3.94,0.00707107
O:0.363636 S:0.272727 Co:0.013636 Bi:0.350000,other,2,1,Bi3.85Co0.15S3O4,3.955,3.9625,3.97,0.0106066
O:0.500000 Ca:0.125000 Cu:0.187500 Ba:0.125000 Hg:0.056250 Pb:0.006250,cuprate,2,1,Hg0.9Pb0.1Ba2Ca2Cu3O8,118,124,130,8.48528
O:0.500000 Ca:0.125000 Cu:0.187500 Ba:0.125000 Re:0.009375 Hg:0.053125,cuprate,2,1,Hg0.85Re0.15Ba2Ca2Cu3O8,132.9,132.91,132.92,0.0141421
O:0.500000 Ca:0.166667 Cu:0.208333 Ba:0.083333 Hg:0.041667,cuprate,2,1,Hg1Ba2Ca4Cu5O12,100,105,110,7.07107
O:0.502673 Cu:0.124332 Ba:0.248663 Hg:0.124332,cuprate,2,1,Hg1Ba2Cu1O4.043,72,79.5,87,10.6066
O:0.506173 Ca:0.028807 Cu:0.246914 Sr:0.032922 Ba:0.131687 Yb:0.053498,cuprate,2,2,Cu1Ba1.6Sr0.4Yb0.65Ca0.35Cu2O6.15; Ba1.6Sr0.4Yb0.65Ca0.35Cu3O6.15,48,48.5,49,0.707107
O:0.505766 Ca:0.032949 Cu:0.247117 Sr:0.032949 Ba:0.131796 Yb:0.049423,cuprate,2,1,Ba1.6Sr0.4Yb0.6Ca0.4Cu3O6.14,46,46.5,47,0.707107
O:0.505257 Ca:0.123686 Cu:0.185529 Ba:0.123686 Hg:0.061843,cuprate,2,1,Hg1Ba2Ca2Cu3O8.17,94,96,98,2.82843
O:0.504644 Ca:0.123839 Cu:0.185759 Sr:0.123839 Hg:0.043344 Bi:0.018576,cuprate,2,1,Hg0.7Bi0.3Sr2Ca2Cu3O8.15,108,110,112,2.82843
O:0.504337 Cu:0.123916 Ba:0.247831 Hg:0.123916,cuprate,2,1,Hg1Ba2Cu1O4.07,45,68,91,32.5269
O:0.504132 Cu:0.247934 Y:0.082645 Ba:0.165289,cuprate,2,1,Y1Ba2Cu3O6.1,90,91,92,1.41421
O:0.504132 Ca:0.082645 Cu:0.165289 Ba:0.165289 Hg:0.082645,cuprate,2,1,Hg1Ba2Ca1Cu2O6.1,92,92.5,93,0.707107
O:0.504132 Ca:0.082645 Cr:0.016529 Cu:0.165289 Ba:0.165289 Hg:0.066116,cuprate,2,1,Hg0.8Cr0.2Ba2Ca1Cu2O6.1,110,112.5,115,3.53553
O:0.503722 Cu:0.124069 Ba:0.248139 Hg:0.124069,cuprate,2,1,Hg1Ba2Cu1O4.06,71,73,75,2.82843
O:0.503414 Cu:0.124146 Ba:0.248293 Hg:0.124146,cuprate,2,1,Hg1Ba2Cu1O4.055,78.2,79.1,80,1.27279
O:0.503106 Ca:0.124224 Cr:0.012422 Cu:0.186335 Ba:0.124224 Hg:0.049689,cuprate,2,1,Hg0.8Cr0.2Ba2Ca2Cu3O8.1,95,102.5,110,10.6066
O:0.501868 Cu:0.124533 Ba:0.249066 Hg:0.124533,cuprate,2,1,Hg1Ba2Cu1O4.03,1,25.45,49.9,34.5775
O:0.500000 Ca:0.178571 Cu:0.214286 Ba:0.071429 Hg:0.035714,cuprate,2,1,Hg1Ba2Ca5Cu6O14,100,103.5,107,4.94975
O:0.500624 Cu:0.124844 Ba:0.249688 Hg:0.124844,cuprate,2,1,Hg1Ba2Cu1O4.01,61,64.5,68,4.94975
O:0.500000 Sn:0.500000,other,2,2,O1Sn1; Sn1O1,1.4,2.605,3.81,1.70413
O:0.500000 F:0.125000 Cu:0.125000 Nd:0.250000,cuprate,2,1,Nd2Cu1FO4,21,21.5,22,0.707107
O:0.500000 Cu:0.250000 Sr:0.237500 Nd:0.012500,cuprate,2,1,Sr0.95Nd0.05Cu1O2,20.7,29.35,38,12.2329
O:0.500000 Cu:0.250000 Sr:0.225000 Nd:0.025000,cuprate,2,1,Sr0.9Nd0.1Cu1O2,10,27,44,24.0416
O:0.500000 Cu:0.250000 Sr:0.225000 Gd:0.025000,cuprate,2,1,Sr0.9Gd0.1Cu1O2,43,43.5,44,0.707107
O:0.500000 Cu:0.250000 Sr:0.215000 Nd:0.035000,cuprate,2,1,Sr0.86Nd0.14Cu1O2,35,37.5,40,3.53553
O:0.500000 Cu:0.250000 Sr:0.210000 Nd:0.040000,cuprate,2,1,Sr0.84Nd0.16Cu1O2,24,32,40,11.3137
O:0.500000 Cu:0.233333 Sr:0.166667 Y:0.083333 Re:0.016667,cuprate,2,1,Y1Sr2Cu2.8Re0.2O6,42,48.5,55,9.19239
O:0.500000 Cu:0.187500 Sr:0.125000 Y:0.062500 Pb:0.125000,cuprate,2,1,Pb2Sr2Y1Cu3O8,31,53.25,75.5,31.4663
O:0.500000 Cu:0.125000 Sr:0.250000 Mo:0.037500 Hg:0.087500,cuprate,2,1,Hg0.7Mo0.3Sr2Cu1O4,20,28,36,11.3137
O:0.532346 Ca:0.011691 Co:0.011691 Cu:0.222136 Y:0.066251 Ba:0.155885,cuprate,2,1,Y0.85Ca0.15Ba2Cu2.85Co0.15O6.83,67.5,76.75,86,13.0815
O:0.532897 Cu:0.266916 Y:0.066729 Ba:0.133458,cuprate,2,1,Y1Ba2Cu4O7.986,79.2,79.6,80,0.565685
O:0.363636 S:0.272727 Co:0.009091 Bi:0.354545,other,2,1,Bi3.9Co0.1S3O4,5.2,5.215,5.23,0.0212132
O:0.535714 Cu:0.250000 Y:0.064286 Ba:0.142857 Pr:0.007143,cuprate,2,1,Y1.8Pr0.2Ba4Cu7O15,64.3,67.15,70,4.03051
O:0.537750 Cu:0.231125 Y:0.077042 Ba:0.150231 La:0.003852,cuprate,2,1,Y1Ba1.95La0.05Cu3O6.98,89.3,89.65,90,0.494975
O:0.537750 Cu:0.231125 Y:0.046225 Ba:0.154083 Pr:0.030817,cuprate,2,1,Y0.6Pr0.4Ba2Cu3O6.98,42.8,44.1,45.4,1.83848
O:0.537750 Cu:0.231125 Sr:0.077042 Y:0.077042 Ba:0.077042,cuprate,2,1,Y1Ba1Sr1Cu3O6.98,82,82.8,83.6,1.13137
O:0.537394 Ni:0.023130 Cu:0.208173 Y:0.077101 Ba:0.154202,cuprate,2,1,Y1Ba2Cu2.7Ni0.3O6.97,40,50.2,60.4,14.425
O:0.537108 Cu:0.231446 Y:0.077149 Ba:0.154297,cuprate,2,1,Y1Ba2Cu3O6.962,92.1,92.15,92.2,0.0707107
O:0.537037 Cu:0.231481 Y:0.077160 Ba:0.146605 La:0.007716,cuprate,2,2,Y2La0.2Ba3.8Cu6O13.92; Y1Ba1.9La0.1Cu3O6.96,93,93.25,93.5,0.353553
O:0.537037 Cu:0.231481 Y:0.077160 Ba:0.138889 La:0.015432,cuprate,2,1,Y1Ba1.8La0.2Cu3O6.96,78,80,82,2.82843
O:0.537037 Cu:0.231481 Y:0.073302 Ba:0.154321 Pr:0.003858,cuprate,2,1,Y0.95Pr0.05Ba2Cu3O6.96,87.5,89.5,91.5,2.82843
O:0.537037 Cu:0.231481 Y:0.061728 Ba:0.154321 Pr:0.015432,cuprate,2,1,Y0.8Pr0.2Ba2Cu3O6.96,70,72.35,74.7,3.3234
O:0.537037 Cu:0.227623 Sr:0.077160 Y:0.077160 Sn:0.003858 Ba:0.077160,cuprate,2,1,Y1Ba1Sr1Cu2.95Sn0.05O6.96,73.7,73.8,73.9,0.141421
O:0.536913 Ca:0.067114 Cu:0.134228 Sr:0.127517 Bi:0.134228,cuprate,2,1,Bi2Sr1.9Ca1Cu2O8,88.75,91.375,94,3.71231
O:0.536731 Ca:0.066181 Cu:0.132363 Sr:0.132363 Bi:0.132363,cuprate,2,1,Bi2Sr2Ca1Cu2O8.11,86.4,86.45,86.5,0.0707107
O:0.536680 Cu:0.231660 Y:0.054054 Ba:0.154440 Pr:0.023166,cuprate,2,1,Y0.7Pr0.3Ba2Cu3O6.95,39.3,50.9,62.5,16.4049
O:0.536680 Cu:0.231660 Y:0.038610 Ba:0.154440 Pr:0.038610,cuprate,2,1,Y0.5Pr0.5Ba2Cu3O6.95,12.7,20.45,28.2,10.9602
O:0.536680 Cu:0.231660 Ba:0.154440 Tm:0.077220,cuprate,2,1,Tm1Ba2Cu3O6.95,89,89.465,89.93,0.657609
O:0.536680 Cu:0.231660 Ba:0.154440 Pr:0.023166 Sm:0.054054,cuprate,2,1,Sm0.7Pr0.3Ba2Cu3O6.95,11.9,17.5,23.1,7.9196
O:0.536680 Cu:0.231660 Ba:0.154440 Pr:0.015444 Sm:0.061776,cuprate,2,1,Sm0.8Pr0.2Ba2Cu3O6.95,38.3,39.65,41,1.90919
O:0.536680 Cu:0.231660 Ba:0.154440 Pr:0.007722 Sm:0.069498,cuprate,2,1,Sm0.9Pr0.1Ba2Cu3O6.95,57.5,61.6,65.7,5.79828
O:0.536321 Cu:0.231839 Sr:0.077280 Ba:0.077280 Dy:0.077280,cuprate,2,1,Dy1Ba1Sr1Cu3O6.94,80,81.5,83,2.12132
O:0.536321 Cu:0.224111 Zn:0.007728 Y:0.077280 Ba:0.154560,cuprate,2,1,Y1Ba2Cu2.9Zn0.1O6.94,56.9,56.95,57,0.0707107
O:0.536232 P:0.028986 Ca:0.104348 Cu:0.202899 Sr:0.115942 Y:0.011594,cuprate,2,1,Cu0.5P0.5Sr2Ca1.8Y0.2Cu3O9.25,68,70,72,2.82843
O:0.535963 Ni:0.007734 Cu:0.224285 Y:0.077340 Ba:0.154679,cuprate,2,1,Y1Ba2Cu2.9Ni0.1O6.93,70,72.5,75,3.53553
O:0.535963 Fe:0.001547 Cu:0.230472 Y:0.077340 Ba:0.154679,cuprate,2,1,Y1Ba2Cu2.98Fe0.02O6.93,89,90.4,91.8,1.9799
O:0.535963 Cu:0.232019 Sr:0.038670 Ba:0.116009 Gd:0.077340,cuprate,2,1,Gd1Ba1.5Sr0.5Cu3O6.93,82,85.5,89,4.94975
O:0.535963 Cu:0.229698 Zn:0.002320 Y:0.077340 Ba:0.154679,cuprate,2,1,Y1Ba2Cu2.97Zn0.03O6.93,80,81,82,1.41421
O:0.538106 Cu:0.230947 Ba:0.153965 Gd:0.076982,cuprate,2,1,Gd1Ba2Cu3O6.99,90.9,92.45,94,2.19203
O:0.538106 Cu:0.230947 Y:0.076982 Ba:0.146266 La:0.007698,cuprate,2,1,Y1Ba1.9La0.1Cu3O6.99,90.35,90.675,91,0.459619
O:0.538462 Al:0.004615 Cu:0.226154 Y:0.076923 Ba:0.153846,cuprate,2,1,Y1Ba2Cu2.94Al0.06O7,80.3,83.65,87,4.73762
O:0.538462 Ca:0.030769 Cu:0.230769 Ba:0.153846 Pr:0.046154,cuprate,2,1,Pr0.6Ca0.4Ba2Cu3O7,17.5,28.25,39,15.2028
O:0.538462 Cu:0.219231 Zn:0.005769 Ga:0.005769 Y:0.076923 Ba:0.153846,cuprate,2,2,Y1Ba2Cu2.85Zn0.075Ga0.075O7; Y1Ba2Cu2.85Ga0.075Zn0.075O7,42.3,54.3,66.3,16.9706
O:0.538462 Cu:0.216923 Ga:0.013846 Y:0.076923 Ba:0.153846,cuprate,2,1,Y1Ba2Cu2.82Ga0.18O7,58.2,68.72,79.24,14.8775
O:0.538462 Cu:0.213462 Zn:0.017308 Y:0.076923 Ba:0.153846,cuprate,2,1,Y1Ba2Cu2.775Zn0.225O7,13.4,29.7,46,23.0517
O:0.538462 Cu:0.212308 Ga:0.018462 Y:0.076923 Ba:0.153846,cuprate,2,1,Y1Ba2Cu2.76Ga0.24O7,45.7,58.745,71.79,18.4484
O:0.538462 Cu:0.207692 Zn:0.023077 Y:0.076923 Ba:0.153846,cuprate,2,1,Y1Ba2Cu2.7Zn0.3O7,19,23,27,5.65685
O:0.538462 Cu:0.207692 Sr:0.153846 Mo:0.023077 Tb:0.076923,cuprate,2,1,Tb1Sr2Cu2.7Mo0.3O7,29.8,54.9,80,35.4968
O:0.538462 Cu:0.153846 Sr:0.153846 Y:0.076923 Mo:0.076923,cuprate,2,1,Mo1Sr2Y1Cu2O7,18,25,32,9.89949
O:0.538462 Co:0.016154 Cu:0.214615 Y:0.076923 Ba:0.153846,cuprate,2,1,Y1Ba2Cu2.79Co0.21O7,22,31.55,41.1,13.5057
O:0.538462 Ca:0.076923 Cu:0.153846 Sr:0.076923 Ba:0.076923 Tl:0.076923,cuprate,2,1,Tl1Ba1Sr1Ca1Cu2O7,16,48,80,45.2548
O:0.538462 Ca:0.053846 Cu:0.153846 Ba:0.153846 Gd:0.023077 Tl:0.076923,cuprate,2,1,Tl1Ba2Ca0.7Gd0.3Cu2O7,78,81.25,84.5,4.59619
O:0.538462 Ca:0.046154 Cu:0.230769 Ba:0.153846 Pr:0.030769,cuprate,2,1,Pr0.4Ca0.6Ba2Cu3O7,33,54,75,29.6985
O:0.538462 Ca:0.030769 Cu:0.153846 Ga:0.076923 Sr:0.153846 Y:0.046154,cuprate,2,2,Y0.6Ca0.4Sr2Cu2Ga1O7; Ga1Sr2Y0.6Ca0.4Cu2O7,38,39.5,41,2.12132
O:0.538462 Ca:0.001538 Cu:0.230769 Y:0.075385 Ba:0.153846,cuprate,2,1,Y0.98Ca0.02Ba2Cu3O7,86.4,88.45,90.5,2.89914
O:0.538462 Ca:0.030769 Cu:0.153846 Ga:0.076923 Sr:0.138462 Y:0.046154 Ba:0.015385,cuprate,2,1,Y0.6Ca0.4Sr1.8Ba0.2Cu2Ga1O7,45,56.5,68,16.2635
O:0.538462 Ca:0.023077 Cu:0.153846 Ga:0.076923 Sr:0.153846 Y:0.053846,cuprate,2,1,Ga1Sr2Y0.7Ca0.3Cu2O7,25,30,35,7.07107
O:0.538462 Ca:0.011538 Cu:0.230769 Ba:0.153846 Ce:0.011538 Lu:0.053846,cuprate,2,1,Lu0.7Ce0.15Ca0.15Ba2Cu3O7,58,62,66,5.65685
O:0.538462 Ca:0.007692 Cu:0.230769 Y:0.053846 Ba:0.153846 Pr:0.015385,cuprate,2,1,Y0.7Pr0.2Ca0.1Ba2Cu3O7,58,67.9,77.8,14.0007
O:0.538462 Ca:0.007692 Cu:0.230769 Ba:0.153846 Pr:0.023077 Lu:0.046154,cuprate,2,1,Lu0.6Pr0.3Ca0.1Ba2Cu3O7,60.5,67.25,74,9.54594
O:0.538462 Ca:0.007692 Cu:0.230769 Ba:0.153846 Pr:0.015385 Lu:0.053846,cuprate,2,1,Lu0.7Pr0.2Ca0.1Ba2Cu3O7,74,75,76,1.41421
O:0.538462 Ca:0.007692 Cu:0.230769 Ba:0.153846 Nd:0.069231,cuprate,2,1,Nd0.9Ca0.1Ba2Cu3O7,85.34,85.67,86,0.46669
O:0.538462 Ca:0.007692 Cu:0.230769 Ba:0.153846 Gd:0.069231,cuprate,2,1,Gd0.9Ca0.1Ba2Cu3O7,80.3,84.15,88,5.44472
O:0.538462 Ca:0.007692 Cu:0.230769 Ba:0.153846 Ce:0.011538 Lu:0.057692,cuprate,2,1,Lu0.75Ce0.15Ca0.1Ba2Cu3O7,69,69.5,70,0.707107
O:0.538462 Ca:0.007692 Cu:0.230769 Ba:0.153846 Ce:0.007692 Lu:0.061538,cuprate,2,1,Lu0.8Ce0.1Ca0.1Ba2Cu3O7,73,73.5,74,0.707107
O:0.538462 Ca:0.003846 Cu:0.230769 Y:0.073077 Ba:0.153846,cuprate,2,1,Y0.95Ca0.05Ba2Cu3O7,88.5,88.55,88.6,0.0707107
O:0.535927 Cu:0.232037 Y:0.046407 Ba:0.154691 Pr:0.030938,cuprate,2,1,Y0.6Pr0.4Ba2Cu3O6.929,44.8,45.05,45.3,0.353553
O:0.535714 Cu:0.250000 Y:0.028571 Ba:0.142857 Pr:0.042857,cuprate,2,1,Y0.8Pr1.2Ba4Cu7O15,33,36.5,40,4.94975
O:0.533074 Cu:0.233463 Y:0.070039 Ba:0.155642 Pr:0.007782,cuprate,2,1,Y0.9Pr0.1Ba2Cu3O6.85,61.5,75.25,89,19.4454
O:0.535714 Cu:0.250000 Ba:0.142857 Pr:0.071429,cuprate,2,1,Pr2Ba4Cu7O15,15,21,27,8.48528
O:0.533333 Cu:0.266667 Sr:0.013333 Ba:0.120000 Ho:0.066667,cuprate,2,2,Ho1Sr0.2Ba1.8Cu4O8; Ho1Ba1.8Sr0.2Cu4O8,68.8,75.4,82,9.33381
O:0.533333 Cu:0.266667 Sr:0.006667 Ba:0.126667 Gd:0.066667,cuprate,2,2,Gd1Sr0.1Ba1.9Cu4O8; Gd1Ba1.9Sr0.1Cu4O8,73.5,75.25,77,2.47487
O:0.533333 Cu:0.266133 Zn:0.000533 Y:0.066667 Ba:0.133333,cuprate,2,1,Y1Ba2Cu3.992Zn0.008O8,66.1,70.05,74,5.58614
O:0.533333 Cu:0.263333 Zn:0.003333 Y:0.066667 Ba:0.133333,cuprate,2,1,Y1Ba2Cu3.95Zn0.05O8,47,47.25,47.5,0.353553
O:0.533333 Cu:0.258667 Zn:0.008000 Y:0.066667 Ba:0.133333,cuprate,2,1,Y1Ba2Cu3.88Zn0.12O8,25.7,30.1,34.5,6.22254
O:0.533333 Co:0.008000 Cu:0.258667 Y:0.066667 Ba:0.133333,cuprate,2,1,Y1Ba2Cu3.88Co0.12O8,16.9,37.45,58,29.0621
O:0.533333 Ca:0.066667 Cu:0.133333 Sr:0.133333 Pb:0.020000 Bi:0.113333,cuprate,2,1,Bi1.7Pb0.3Sr2Ca1Cu2O8,80,80.5,81,0.707107
O:0.533333 Ca:0.066667 Cu:0.133333 Ba:0.133333 Hg:0.066667 Tl:0.066667,cuprate,2,1,Hg1Tl1Ba2Ca1Cu2O8,35,44,53,12.7279
O:0.533333 Ca:0.066667 Co:0.005333 Cu:0.128000 Sr:0.133333 Bi:0.133333,cuprate,2,1,Bi2Sr2Ca1Cu1.92Co0.08O8,60,64,68,5.65685
O:0.533333 Ca:0.060000 Cu:0.133333 Y:0.006667 Ba:0.133333 Tl:0.133333,cuprate,2,1,Tl2Ba2Ca0.9Y0.1Cu2O8,88,96.9,105.8,12.5865
O:0.533333 Ca:0.060000 Cu:0.133333 Sr:0.133333 Pr:0.006667 Bi:0.133333,cuprate,2,1,Bi2Sr2Ca0.9Pr0.1Cu2O8,60.5,73.25,86,18.0312
O:0.533333 Ca:0.047333 Cu:0.133333 Y:0.019333 Ba:0.133333 Hg:0.100000 Pb:0.033333,cuprate,2,1,Hg1.5Pb0.5Ba2Y0.29Ca0.71Cu2O8,60.4,70.4,80.4,14.1421
O:0.533333 Ca:0.046667 Cu:0.133333 Y:0.020000 Ba:0.133333 Tl:0.133333,cuprate,2,1,Tl2Ba2Ca0.7Y0.3Cu2O8,31.6,52.4,73.2,29.4156
O:0.533333 Ca:0.046667 Cu:0.133333 Sr:0.133333 Pr:0.020000 Bi:0.133333,cuprate,2,1,Bi2Sr2Ca0.7Pr0.3Cu2O8,30.3,45.65,61,21.7082
O:0.533333 Ca:0.043333 Cu:0.133333 Y:0.023333 Ba:0.133333 Tl:0.133333,cuprate,2,1,Tl2Ba2Ca0.65Y0.35Cu2O8,30,44,58,19.799
O:0.533333 Ca:0.040000 Cu:0.133333 Y:0.026667 Ba:0.133333 Hg:0.093333 Tl:0.040000,cuprate,2,1,Hg1.4Tl0.6Ba2Y0.4Ca0.6Cu2O8,69.4,76.7,84,10.3238
O:0.533333 Ca:0.038000 Cu:0.133333 Sr:0.133333 Y:0.028667 Bi:0.133333,cuprate,2,1,Bi2Sr2Ca0.57Y0.43Cu2O8,84.8,85.4,86,0.848528
O:0.533333 Ca:0.020000 Cu:0.266667 Y:0.046667 Ba:0.133333,cuprate,2,1,Y0.7Ca0.3Ba2Cu4O8,79.5,84.75,90,7.42462
O:0.533333 Ca:0.020000 Cu:0.133333 Y:0.046667 Ba:0.133333 Hg:0.093333 Tl:0.040000,cuprate,2,1,Hg1.4Tl0.6Ba2Y0.7Ca0.3Cu2O8,60,67.65,75.3,10.8187
O:0.533333 Ca:0.018667 Cu:0.133333 Y:0.048000 Ba:0.133333 Hg:0.100000 Pb:0.033333,cuprate,2,1,Hg1.5Pb0.5Ba2Y0.72Ca0.28Cu2O8,74.5,78.3,82.1,5.37401
O:0.533333 Ca:0.013333 Cu:0.266667 Y:0.053333 Ba:0.133333,cuprate,2,1,Y0.8Ca0.2Ba2Cu4O8,85.6,87.8,90,3.11127
O:0.533333 Ca:0.010000 Cu:0.266667 Y:0.056667 Ba:0.133333,cuprate,2,1,Y0.85Ca0.15Ba2Cu4O8,87.8,88.9,90,1.55563
O:0.533333 Ca:0.004667 Cu:0.266667 Y:0.062000 Ba:0.133333,cuprate,2,1,Y0.93Ca0.07Ba2Cu4O8,83.5,86.25,89,3.88909
O:0.533333 Ca:0.001667 Cu:0.266667 Y:0.065000 Ba:0.133333,cuprate,2,1,Y0.975Ca0.025Ba2Cu4O8,79.5,80.75,82,1.76777
O:0.533333 Ca:0.000667 Cu:0.266667 Y:0.066000 Ba:0.133333,cuprate,2,1,Y0.99Ca0.01Ba2Cu4O8,78,78.7,79.4,0.989949
O:0.533333 Cu:0.266667 Sr:0.013333 Ba:0.120000 Yb:0.066667,cuprate,2,1,Yb1Ba1.8Sr0.2Cu4O8,80,81,82,1.41421
O:0.533333 Cu:0.266667 Sr:0.026667 Ba:0.106667 Ho:0.066667,cuprate,2,2,Ho1Sr0.4Ba1.6Cu4O8; Ho1Ba1.6Sr0.4Cu4O8,68.1,75.05,82,9.82878
O:0.533333 Fe:0.000867 Cu:0.265800 Y:0.066667 Ba:0.133333,cuprate,2,1,Y1Ba2Cu3.987Fe0.013O8,70,70.15,70.3,0.212132
O:0.534884 Cu:0.232558 Y:0.077519 Ba:0.147287 La:0.007752,cuprate,2,1,Y1Ba1.9La0.1Cu3O6.9,81.8,88.4,95,9.33381
O:0.535714 Cu:0.250000 Ba:0.142857 Er:0.071429,cuprate,2,1,Er2Ba4Cu7O15,55,70,85,21.2132
O:0.535604 Ni:0.007740 Cu:0.224458 Y:0.077399 Ba:0.154799,cuprate,2,1,Y1Ba2Cu2.9Ni0.1O6.92,80,80.5,81,0.707107
O:0.535604 Fe:0.007740 Cu:0.224458 Y:0.077399 Ba:0.154799,cuprate,2,1,Y1Ba2Cu2.9Fe0.1O6.92,48,62,76,19.799
O:0.535604 Cu:0.232198 Y:0.077399 Ba:0.147059 La:0.007740,cuprate,2,1,Y1Ba1.9La0.1Cu3O6.92,87,90,93,4.24264
O:0.535316 Ca:0.007745 Cu:0.232342 Ba:0.108426 La:0.116171,cuprate,2,1,La1.5Ba1.4Ca0.1Cu3O6.912,11,13.5,16,3.53553
O:0.535244 Cu:0.232378 Sr:0.038730 Ba:0.116189 Nd:0.077459,cuprate,2,1,Nd1Ba1.5Sr0.5Cu3O6.91,71,77,83,8.48528
O:0.535244 Ca:0.007746 Cu:0.232378 Y:0.069713 Ba:0.154919,cuprate,2,1,Y0.9Ca0.1Ba2Cu3O6.91,78,81.1,84.2,4.38406
O:0.534884 V:0.034884 Cu:0.116279 Sr:0.116279 Ba:0.116279 Hg:0.081395,cuprate,2,1,Hg0.7V0.3Ba1Sr1Cu1O4.6,45,55,65,14.1421
O:0.534884 V:0.034884 Cu:0.116279 Sr:0.087209 Ba:0.145349 Hg:0.081395,cuprate,2,1,Hg0.7V0.3Ba1.25Sr0.75Cu1O4.6,55,65,75,14.1421
O:0.534884 V:0.034884 Cu:0.116279 Sr:0.058140 Ba:0.174419 Hg:0.081395,cuprate,2,1,Hg0.7V0.3Ba1.5Sr0.5Cu1O4.6,65,75,85,14.1421
O:0.534884 V:0.034884 Cu:0.116279 Sr:0.029070 Ba:0.203488 Hg:0.081395,cuprate,2,1,Hg0.7V0.3Ba1.75Sr0.25Cu1O4.6,65,77.5,90,17.6777
O:0.534884 Cu:0.232558 Ba:0.155039 Eu:0.077519,cuprate,2,1,Eu1Ba2Cu3O6.9,88,91,94,4.24264
O:0.533333 Fe:0.001667 Cu:0.265000 Y:0.066667 Ba:0.133333,cuprate,2,1,Y1Ba2Cu3.975Fe0.025O8,64.6,65.3,66,0.989949
O:0.534884 Cu:0.227907 Zn:0.004651 Y:0.077519 Ba:0.155039,cuprate,2,1,Y1Ba2Cu2.94Zn0.06O6.9,67.1,73.55,80,9.12168
O:0.534884 Cu:0.209302 Sr:0.155039 Y:0.077519 W:0.023256,cuprate,2,1,Y1Sr2Cu2.7W0.3O6.9,24,26,28,2.82843
O:0.534884 Ca:0.015504 Cu:0.232558 Y:0.062016 Ba:0.155039,cuprate,2,1,Y0.8Ca0.2Ba2Cu3O6.9,73.9,78.4,82.9,6.36396
O:0.533800 Cu:0.116550 Ba:0.233100 Re:0.017483 Hg:0.099068,cuprate,2,1,Hg0.85Re0.15Ba2Cu1O4.58,34.7,34.85,35,0.212132
O:0.533437 Cu:0.233281 Y:0.077760 Ba:0.155521,cuprate,2,1,Y1Ba2Cu3O6.86,84,87.5,91,4.94975
O:0.533333 Ni:0.008000 Cu:0.258667 Y:0.066667 Ba:0.133333,cuprate,2,1,Y1Ba2Cu3.88Ni0.12O8,28.5,39.25,50,15.2028
O:0.533333 K:0.046667 Ca:0.066667 Cu:0.086667 Sr:0.133333 Bi:0.133333,cuprate,2,1,Bi2Sr2Ca1Cu1.3K0.7O8,87,90,93,4.24264
O:0.533333 K:0.040000 Ca:0.066667 Cu:0.093333 Sr:0.133333 Bi:0.133333,cuprate,2,1,Bi2Sr2Ca1Cu1.4K0.6O8,85,86,87,1.41421
O:0.533333 Fe:0.008000 Cu:0.258667 Y:0.066667 Ba:0.133333,cuprate,2,1,Y1Ba2Cu3.88Fe0.12O8,48.05,56.525,65,11.9855
O:0.533333 Fe:0.006667 Cu:0.260000 Y:0.066667 Ba:0.133333,cuprate,2,1,Y1Ba2Cu3.9Fe0.1O8,10,18,26,11.3137
O:0.533333 Fe:0.005000 Cu:0.261667 Y:0.066667 Ba:0.133333,cuprate,2,1,Y1Ba2Cu3.925Fe0.075O8,35,39.6,44.2,6.50538
O:0.363636 S:0.272727 Co:0.011364 Bi:0.352273,other,2,1,Bi3.875Co0.125S3O4,4.25,4.255,4.26,0.00707107
O:0.363636 S:0.272727 Co:0.006818 Bi:0.356818,other,2,1,Bi3.925Co0.075S3O4,4.365,4.3775,4.39,0.0176777
Nb:0.900000 Pd:0.100000,other,2,1,Nb0.9Pd0.1,3.34,3.42,3.5,0.113137
O:0.125000 Ca:0.111250 Cu:0.250000 Sr:0.250000 Pr:0.013750 Bi:0.250000,cuprate,2,1,Bi2Sr2Ca0.89Pr0.11Cu2O,73,80.4,87.8,10.4652
O:0.142857 Ca:0.014286 Cu:0.428571 Y:0.128571 Ba:0.271429 La:0.014286,cuprate,2,1,Y0.9Ca0.1Ba1.9La0.1Cu3O,77.5,81.75,86,6.01041
O:0.142857 Ca:0.014286 Co:0.014286 Cu:0.414286 Y:0.128571 Ba:0.285714,cuprate,2,1,Y0.9Ca0.1Ba2Cu2.9Co0.1O,70,79.25,88.5,13.0815
O:0.142857 Ca:0.007143 Cu:0.428571 Y:0.135714 Ba:0.278571 La:0.007143,cuprate,2,1,Y0.95Ca0.05Ba1.95La0.05Cu3O,82,85.75,89.5,5.3033
O:0.142857 Ca:0.007143 Co:0.007143 Cu:0.421429 Y:0.135714 Ba:0.285714,cuprate,2,1,Y0.95Ca0.05Ba2Cu2.95Co0.05O,74.5,81.25,88,9.54594
O:0.141523 F:0.009341 Cu:0.424568 Y:0.141523 Ba:0.283046,cuprate,2,1,Y1Ba2Cu3F0.066O,92.2,92.8,93.4,0.848528
O:0.140000 F:0.060000 S:0.400000 Nd:0.160000 Sm:0.040000 Bi:0.200000,other,2,2,Nd0.8Sm0.2Bi1S2F0.3O0.7; Nd0.8Sm0.2F0.3Bi1S2O0.7,4.59,4.745,4.9,0.219203
O:0.140000 F:0.060000 S:0.400000 Nd:0.120000 Sm:0.080000 Bi:0.200000,other,2,2,Nd0.6Sm0.4Bi1S2F0.3O0.7; Nd0.6Sm0.4F0.3Bi1S2O0.7,5.19,5.2,5.21,0.0141421
O:0.140000 F:0.060000 S:0.400000 Nd:0.080000 Sm:0.120000 Bi:0.200000,other,2,2,Nd0.4Sm0.6Bi1S2F0.3O0.7; Nd0.4Sm0.6F0.3Bi1S2O0.7,4.66,5.02,5.38,0.509117
O:0.140000 F:0.060000 S:0.400000 Ce:0.040000 Nd:0.160000 Bi:0.200000,other,2,2,Ce0.2Nd0.8Bi1S2F0.3O0.7; Ce0.2Nd0.8F0.3Bi1S2O0.7,2.33,2.34,2.35,0.0141421
O:0.129870 Ca:0.116883 Cu:0.259740 Sr:0.233766 Pb:0.051948 Bi:0.207792,cuprate,2,1,Bi1.6Pb0.4Sr1.8Ca0.9Cu2O,65.1,75.3,85.5,14.425
O:0.129870 Ca:0.116883 Cu:0.259740 Sr:0.220779 Bi:0.272727,cuprate,2,1,Bi2.1Sr1.7Ca0.9Cu2O,79.1,82.05,85,4.17193
O:0.129199 Ca:0.095607 Cu:0.258398 Sr:0.245478 Bi:0.271318,cuprate,2,1,Bi2.1Sr1.9Ca0.74Cu2O,80,84,88,5.65685
O:0.125000 Cu:0.250000 Sr:0.250000 Mo:0.031250 Ce:0.062500 Gd:0.187500 Hg:0.093750,cuprate,2,1,Hg0.75Mo0.25Sr2Gd1.5Ce0.5Cu2O,27,48.5,70,30.4056
O:0.125000 Cu:0.250000 Sr:0.250000 Ce:0.062500 Sm:0.187500 W:0.031250 Hg:0.093750,cuprate,2,1,Hg0.75W0.25Sr2Sm1.5Ce0.5Cu2O,45.5,50.75,56,7.42462
O:0.125000 Cu:0.250000 Sr:0.250000 Ce:0.062500 Ho:0.187500 W:0.031250 Hg:0.093750,cuprate,2,1,Hg0.75W0.25Sr2Ho1.5Ce0.5Cu2O,53,58.5,64,7.77817
O:0.125000 Cu:0.250000 Sr:0.250000 Ce:0.062500 Eu:0.187500 W:0.031250 Hg:0.093750,cuprate,2,1,Hg0.75W0.25Sr2Eu1.5Ce0.5Cu2O,52,58.5,65,9.19239
O:0.125000 Cu:0.250000 Sr:0.250000 Ce:0.062500 Er:0.187500 W:0.031250 Hg:0.093750,cuprate,2,1,Hg0.75W0.25Sr2Er1.5Ce0.5Cu2O,48,54,60,8.48528
O:0.125000 Cu:0.250000 Sr:0.250000 Ce:0.062500 Dy:0.187500 W:0.031250 Hg:0.093750,cuprate,2,1,Hg0.75W0.25Sr2Dy1.5Ce0.5Cu2O,60,65.5,71,7.77817
O:0.125000 Ca:0.150000 Cu:0.250000 Sr:0.225000 Bi:0.250000,cuprate,2,1,Bi2Sr1.8Ca1.2Cu2O,75,77.5,80,3.53553
O:0.125000 Ca:0.125000 Cu:0.250000 Sr:0.237500 La:0.012500 Bi:0.250000,cuprate,2,1,Bi2Sr1.9La0.1Ca1Cu2O,85.04,86.855,88.67,2.5668
O:0.125000 Ca:0.125000 Cu:0.250000 Sr:0.231250 Ba:0.018750 Bi:0.250000,cuprate,2,1,Bi2Sr1.85Ba0.15Ca1Cu2O,83.5,84.9,86.3,1.9799
O:0.125000 Ca:0.125000 Cu:0.250000 Sr:0.225000 La:0.025000 Bi:0.250000,cuprate,2,1,Bi2Sr1.8La0.2Ca1Cu2O,85.3,87.94,90.58,3.73352
O:0.125000 Ca:0.125000 Cu:0.250000 Sr:0.212500 La:0.037500 Bi:0.250000,cuprate,2,1,Bi2Sr1.7La0.3Ca1Cu2O,76.3,81.15,86,6.85894
O:0.125000 Ca:0.125000 Cu:0.250000 Sr:0.212500 Hg:0.037500 Bi:0.250000,cuprate,2,1,Bi2Sr1.7Hg0.3Ca1Cu2O,72.5,76.75,81,6.01041
O:0.125000 Ca:0.125000 Cu:0.250000 Sr:0.200000 La:0.050000 Bi:0.250000,cuprate,2,1,Bi2Sr1.6La0.4Ca1Cu2O,60.73,67.955,75.18,10.2177
O:0.142857 Ca:0.014286 Cu:0.428571 Y:0.128571 Ba:0.285714,cuprate,2,1,Y0.9Ca0.1Ba2Cu3O,79.5,82.35,85.2,4.03051
O:0.142857 Ca:0.021429 Co:0.021429 Cu:0.407143 Y:0.121429 Ba:0.285714,cuprate,2,1,Y0.85Ca0.15Ba2Cu2.85Co0.15O,57,72,87,21.2132
O:0.142857 Ca:0.028571 Co:0.028571 Cu:0.400000 Y:0.114286 Ba:0.285714,cuprate,2,1,Y0.8Ca0.2Ba2Cu2.8Co0.2O,55,69.5,84,20.5061
O:0.142857 Ca:0.128571 Cu:0.428571 Cd:0.014286 Ba:0.142857 La:0.142857,cuprate,2,2,Ca0.9Cd0.1La1Ba1Cu3O; Ba1Ca0.9Cd0.1La1Cu3O,74,75.35,76.7,1.90919
O:0.142857 Cu:0.407143 Y:0.142857 Ba:0.285714 Au:0.021429,cuprate,2,1,Y1Ba2Cu2.85Au0.15O,90,91.15,92.3,1.62635
O:0.142857 Cu:0.400000 Sr:0.285714 Y:0.142857 Mo:0.028571,cuprate,2,2,Y1Sr2Cu2.8Mo0.2O; Mo0.2Sr2Y1Cu2.8O,45,58.5,72,19.0919
O:0.142857 Cu:0.385714 Y:0.142857 Ba:0.285714 Au:0.042857,cuprate,2,1,Y1Ba2Cu2.7Au0.3O,87.8,87.9,88,0.141421
O:0.142857 Cu:0.381429 Sr:0.285714 Y:0.142857 Mo:0.047143,cuprate,2,2,Mo0.33Cu0.67Sr2Y1Cu2O; Mo0.33Sr2Y1Cu2.67O,35,35.35,35.7,0.494975
O:0.142857 Cu:0.285714 Y:0.142857 Ba:0.285714 W:0.142857,cuprate,2,1,Y1Ba2Cu2W1O,60,69.25,78.5,13.0815
O:0.142857 Co:0.035714 Cu:0.392857 Y:0.142857 Ba:0.285714,cuprate,2,1,Y1Ba2Cu2.75Co0.25O,39.3,49.5,59.7,14.425
O:0.142857 Co:0.028571 Cu:0.400000 Y:0.142857 Ba:0.285714,cuprate,2,1,Y1Ba2Cu2.8Co0.2O,50.2,55.6,61,7.63675
O:0.142857 Co:0.021429 Cu:0.407143 Y:0.142857 Ba:0.285714,cuprate,2,1,Y1Ba2Cu2.85Co0.15O,58.9,63.75,68.6,6.85894
O:0.142857 Co:0.017857 Cu:0.410714 Y:0.142857 Ba:0.285714,cuprate,2,1,Y1Ba2Cu2.875Co0.125O,64.3,70.7,77.1,9.05097
O:0.142857 Co:0.010714 Cu:0.417857 Y:0.142857 Ba:0.285714,cuprate,2,1,Y1Ba2Cu2.925Co0.075O,77,82.65,88.3,7.99031
O:0.142857 Co:0.003571 Cu:0.425000 Y:0.142857 Ba:0.285714,cuprate,2,1,Y1Ba2Cu2.975Co0.025O,90.3,90.95,91.6,0.919239
O:0.142857 Ca:0.114286 Cu:0.428571 Cd:0.028571 Ba:0.142857 La:0.142857,cuprate,2,2,Ca0.8Cd0.2La1Ba1Cu3O; Ba1Ca0.8Cd0.2La1Cu3O,65.3,70.65,76,7.56604
O:0.142857 Ca:0.028571 Cu:0.428571 Y:0.114286 Ba:0.257143 La:0.028571,cuprate,2,1,Y0.8Ca0.2Ba1.8La0.2Cu3O,76,80.75,85.5,6.71751
O:0.142857 Ca:0.100000 Cu:0.428571 Cd:0.042857 Ba:0.142857 La:0.142857,cuprate,2,2,Ca0.7Cd0.3La1Ba1Cu3O; Ba1Ca0.7Cd0.3La1Cu3O,55.4,63.1,70.8,10.8894
O:0.142857 Ca:0.085714 Cu:0.428571 Cd:0.057143 Ba:0.142857 La:0.142857,cuprate,2,2,Ba1Ca0.6Cd0.4La1Cu3O; Ca0.6Cd0.4La1Ba1Cu3O,45.3,56.3,67.3,15.5563
O:0.142857 Ca:0.071429 Cu:0.428571 Cd:0.071429 Ba:0.142857 La:0.142857,cuprate,2,2,Ba1Ca0.5Cd0.5La1Cu3O; Ca0.5Cd0.5La1Ba1Cu3O,34.1,46.25,58.4,17.1827
O:0.142857 Ca:0.070000 Cu:0.428571 Ba:0.180000 La:0.178571,cuprate,2,1,Ca0.49La0.51Ba1.26La0.74Cu3O,53.4,62.65,71.9,13.0815
O:0.142857 Ca:0.057143 Cu:0.428571 Y:0.085714 Ba:0.228571 La:0.057143,cuprate,2,1,Y0.6Ca0.4Ba1.6La0.4Cu3O,67.5,75.25,83,10.9602
O:0.142857 Ca:0.057143 Cu:0.428571 Cd:0.085714 Ba:0.142857 La:0.142857,cuprate,2,2,Ba1Ca0.4Cd0.6La1Cu3O; Ca0.4Cd0.6La1Ba1Cu3O,24,35.9,47.8,16.8291
O:0.142857 Ca:0.042857 Cu:0.428571 Y:0.100000 Ba:0.242857 La:0.042857,cuprate,2,1,Y0.7Ca0.3Ba1.7La0.3Cu3O,68,76.25,84.5,11.6673
O:0.142857 Ca:0.042857 Cu:0.428571 Cd:0.100000 Ba:0.142857 La:0.142857,cuprate,2,2,Ba1Ca0.3Cd0.7La1Cu3O; Ca0.3Cd0.7La1Ba1Cu3O,13.2,24.6,36,16.122
O:0.142857 Ca:0.042857 Co:0.042857 Cu:0.385714 Y:0.100000 Ba:0.285714,cuprate,2,1,Y0.7Ca0.3Ba2Cu2.7Co0.3O,72,77.5,83,7.77817
O:0.142857 Ca:0.035714 Co:0.035714 Cu:0.392857 Y:0.107143 Ba:0.285714,cuprate,2,1,Y0.75Ca0.25Ba2Cu2.75Co0.25O,68,76.5,85,12.0208
O:0.142857 Ca:0.028571 Cu:0.428571 Y:0.114286 Ba:0.271429 Nd:0.014286,cuprate,2,1,Y0.8Ca0.2Ba1.9Nd0.1Cu3O,79,80.85,82.7,2.6163
O:0.125000 Ca:0.111250 Cu:0.250000 Sr:0.250000 Y:0.013750 Bi:0.250000,cuprate,2,1,Bi2Sr2Ca0.89Y0.11Cu2O,56.1,71.85,87.6,22.2739
O:0.125000 Ca:0.087500 Cu:0.250000 Sr:0.250000 Y:0.037500 Bi:0.250000,cuprate,2,1,Bi2Sr2Ca0.7Y0.3Cu2O,70.5,81.25,92,15.2028
O:0.142857 Cu:0.413571 Zn:0.015000 Y:0.142857 Ba:0.285714,cuprate,2,1,Y1Ba2Cu2.895Zn0.105O,52,61,70,12.7279
O:0.125000 Ca:0.075000 Cu:0.250000 Sr:0.250000 Pr:0.050000 Bi:0.250000,cuprate,2,1,Bi2Sr2Ca0.6Pr0.4Cu2O,25,53.3,81.6,40.0222
O:0.100000 Ca:0.200000 Cu:0.300000 Ba:0.200000 Hg:0.120000 Tl:0.080000,cuprate,2,1,Hg1.2Tl0.8Ba2Ca2Cu3O,52,70.05,88.1,25.5266
O:0.100000 Ca:0.199000 Cu:0.300000 Sr:0.200000 Sm:0.001000 Pb:0.030000 Bi:0.170000,cuprate,2,1,Bi1.7Pb0.3Sr2Ca1.99Sm0.01Cu3O,107,109,111,2.82843
O:0.100000 Ca:0.198000 Cu:0.300000 Sr:0.200000 Sm:0.002000 Pb:0.030000 Bi:0.170000,cuprate,2,1,Bi1.7Pb0.3Sr2Ca1.98Sm0.02Cu3O,105,107.5,110,3.53553
O:0.100000 Ca:0.195000 Cu:0.300000 Sr:0.200000 Sm:0.005000 Pb:0.030000 Bi:0.170000,cuprate,2,1,Bi1.7Pb0.3Sr2Ca1.95Sm0.05Cu3O,76,82,88,8.48528
O:0.099502 Ca:0.199005 Cu:0.298507 Sr:0.199005 Sb:0.004975 Pb:0.029851 Bi:0.169154,cuprate,2,1,Bi1.7Pb0.3Sb0.05Sr2Ca2Cu3O,105.8,106,106.2,0.282843
O:0.092166 F:0.078341 Ca:0.184332 Cu:0.276498 Sr:0.184332 Pb:0.036866 Bi:0.147465,cuprate,2,1,Bi1.6Pb0.4Sr2Ca2Cu3F0.85O,102,109,116,9.89949
O:0.090909 Ti:0.181818 Fe:0.181818 As:0.363636 Ba:0.181818,iron-based,2,1,Ba2Ti2Fe2As4O1,18.75,20.125,21.5,1.94454
O:0.090909 Ca:0.272727 Cu:0.454545 Ba:0.181818,cuprate,2,2,Ba2Ca3Cu5O; Cu5Ba2Ca3O,106,112,118,8.48528
O:0.090909 Ca:0.272727 Cu:0.431818 Ag:0.022727 Ba:0.181818,cuprate,2,1,Cu0.75Ag0.25Ba2Ca3Cu4O,98.5,105.25,112,9.54594
O:0.083333 Ca:0.250000 Cu:0.333333 Ba:0.166667 Hg:0.116667 Tl:0.050000,cuprate,2,1,Hg1.4Tl0.6Ba2Ca3Cu4O,114,115,116,1.41421
O:0.083333 Ca:0.250000 Cu:0.333333 Ba:0.166667 Hg:0.100000 Tl:0.066667,cuprate,2,1,Hg1.2Tl0.8Ba2Ca3Cu4O,110,112,114,2.82843
O:0.080000 F:0.120000 S:0.400000 Ce:0.200000 Bi:0.200000,other,2,1,Ce1Bi1S2F0.6O0.4,2.96,3.71,4.46,1.06066
O:0.060000 F:0.140000 S:0.400000 Nd:0.200000 Bi:0.200000,other,2,1,Nd1Bi1S2F0.7O0.3,4.25,4.5,4.75,0.353553
O:0.055556 Ca:0.222222 Cu:0.333333 Ba:0.222222 Hg:0.055556 Tl:0.111111,cuprate,2,1,Hg1Tl2Ba4Ca4Cu6O,107.5,114.75,122,10.253
Ni:0.500000 Nb:0.250000 Sn:0.250000,other,2,1,Ni2Nb1Sn1,2.9,3.15,3.4,0.353553
Ni:0.400000 Ge:0.400000 Sr:0.200000,other,2,1,Sr1Ni2Ge2,0.87,0.8825,0.895,0.0176777
Ni:0.290000 Zr:0.710000,other,2,1,Ni29Zr71,2.64,2.78,2.92,0.19799
Ni:0.240000 Zr:0.760000,other,2,1,Ni24Zr76,2.94,3.115,3.29,0.247487
Ni:0.210526 Ce:0.263158 Bi:0.526316,other,2,1,Ce1Ni0.8Bi2,4.1,4.15,4.2,0.0707107
Ni:0.200000 Ge:0.600000 Ce:0.200000,other,2,1,Ce1Ni1Ge3,0.43,0.455,0.48,0.0353553
Ni:0.125000 As:0.500000 Pd:0.375000,other,2,1,As1Ni0.25Pd0.75,1.34,1.47,1.6,0.183848
Ni:0.060000 As:0.500000 Pd:0.440000,other,2,2,As1Ni0.12Pd0.88; As0.5Ni0.06Pd0.44,1.39,1.39,1.39,0
Ni:0.040000 Ge:0.400000 Sr:0.200000 Pd:0.360000,other,2,1,Sr1Pd1.8Ni0.2Ge2,3.1,3.15,3.2,0.0707107
Nb:0.980000 Mo:0.020000,other,2,1,Mo0.02Nb0.98,8.24,8.41,8.58,0.240416
Nb:0.950000 Mo:0.050000,other,2,1,Mo0.05Nb0.95,7.63,7.815,8,0.26163
O:0.100000 Ca:0.200000 Cu:0.300000 Ba:0.200000 Hg:0.140000 Tl:0.060000,cuprate,2,1,Hg1.4Tl0.6Ba2Ca2Cu3O,45,65.05,85.1,28.355
O:0.100000 Ca:0.200000 Cu:0.300000 Sr:0.170000 Hg:0.030000 Bi:0.200000,cuprate,2,1,Bi2Sr1.7Hg0.3Ca2Cu3O,74.5,92.75,111,25.8094
O:0.100000 Ca:0.200000 Cu:0.300000 Sr:0.200000 Pb:0.020000 Bi:0.180000,cuprate,2,1,Bi1.8Pb0.2Sr2Ca2Cu3O,96,101.5,107,7.77817
O:0.109890 Ca:0.219780 Cu:0.219780 Sr:0.219780 Sb:0.010989 Pb:0.043956 Bi:0.175824,cuprate,2,1,Bi1.6Pb0.4Sb0.1Sr2Ca2Cu2O,132.25,134.125,136,2.65165
O:0.125000 Ca:0.068750 Cu:0.250000 Sr:0.250000 Pr:0.056250 Bi:0.250000,cuprate,2,1,Bi2Sr2Ca0.55Pr0.45Cu2O,46.6,47.05,47.5,0.636396
O:0.125000 Ca:0.062500 Cu:0.250000 Sr:0.250000 Y:0.062500 Bi:0.250000,cuprate,2,1,Bi2Sr2Ca0.5Y0.5Cu2O,31.5,55.75,80,34.2947
O:0.120000 F:0.080000 S:0.400000 Ce:0.200000 Bi:0.200000,other,2,1,Ce1Bi1S2F0.4O0.6,2.77,2.81,2.85,0.0565685
O:0.114286 Ca:0.228571 Cu:0.342857 Ba:0.228571 Tl:0.085714,cuprate,2,1,Tl0.75Ba2Ca2Cu3O,131,132.25,133.5,1.76777
O:0.111111 Ca:0.222222 Cu:0.377778 Sr:0.222222 Tl:0.066667,cuprate,2,1,Tl0.6Sr2Ca2Cu3.4O,73,83.5,94,14.8492
O:0.111111 Ca:0.222222 Cu:0.333333 Sr:0.222222 Tl:0.111111,cuprate,2,1,Tl1Sr2Ca2Cu3O,86,96.5,107,14.8492
O:0.111111 Ca:0.222222 Cu:0.333333 Sr:0.222222 Re:0.027778 Hg:0.083333,cuprate,2,1,Hg0.75Re0.25Sr2Ca2Cu3O,100,110,120,14.1421
O:0.111111 Ca:0.222222 Cu:0.333333 Sr:0.222222 Hg:0.055556 Pb:0.055556,cuprate,2,1,Hg0.5Pb0.5Sr2Ca2Cu3O,107,114,121,9.89949
O:0.111111 Ca:0.222222 Cu:0.333333 Ba:0.222222 Re:0.011111 Hg:0.100000,cuprate,2,1,Hg0.9Re0.1Ba2Ca2Cu3O,128,131.5,135,4.94975
O:0.111111 Ca:0.111111 V:0.055556 Cu:0.500000 Sr:0.222222,cuprate,2,1,Cu4.5V0.5Sr2Ca1O,98,102.5,107,6.36396
O:0.109890 F:0.010989 Ca:0.219780 Cu:0.329670 Ba:0.219780 Hg:0.109890,cuprate,2,1,Hg1Ba2Ca2Cu3F0.1O,127.4,127.6,127.8,0.282843
O:0.108696 F:0.021739 Ca:0.217391 Cu:0.326087 Ba:0.217391 Hg:0.108696,cuprate,2,1,Hg1Ba2Ca2Cu3F0.2O,128.4,128.6,128.8,0.282843
O:0.100000 Ca:0.200000 Cu:0.300000 Sr:0.200000 Sb:0.010000 Pb:0.020000 Bi:0.170000,cuprate,2,1,Bi1.7Pb0.2Sb0.1Sr2Ca2Cu3O,110.5,113.25,116,3.88909
O:0.104167 F:0.062500 S:0.416667 Nd:0.166667 Sm:0.041667 Bi:0.208333,other,2,1,Nd0.8Sm0.2F0.3Bi1S2O0.5,5.1,5.2,5.3,0.141421
O:0.100000 F:0.100000 S:0.400000 La:0.120000 Sm:0.080000 Bi:0.200000,other,2,1,La0.6Sm0.4Bi1S2F0.5O0.5,3.25,3.255,3.26,0.00707107
O:0.100000 F:0.100000 S:0.400000 La:0.080000 Sm:0.120000 Bi:0.200000,other,2,1,La0.4Sm0.6Bi1S2F0.5O0.5,4.2,4.205,4.21,0.00707107
O:0.100000 F:0.100000 S:0.400000 La:0.060000 Sm:0.140000 Bi:0.200000,other,2,1,La0.3Sm0.7Bi1S2F0.5O0.5,5.1,5.12,5.14,0.0282843
O:0.100000 F:0.100000 S:0.400000 La:0.040000 Sm:0.160000 Bi:0.200000,other,2,1,La0.2Sm0.8Bi1S2F0.5O0.5,5.42,5.43,5.44,0.0141421
O:0.100000 F:0.100000 S:0.400000 Ce:0.120000 Nd:0.080000 Bi:0.200000,other,2,1,Ce0.6Nd0.4F0.5Bi1S2O0.5,2.98,2.99,3,0.0141421
O:0.100000 F:0.100000 S:0.400000 Ce:0.100000 Nd:0.100000 Bi:0.200000,other,2,2,Ce0.5Nd0.5F0.5Bi1S2O0.5; Ce0.5Nd0.5Bi1S2F0.5O0.5,3.46,3.47,3.48,0.0141421
O:0.100000 F:0.100000 S:0.400000 Ce:0.080000 Nd:0.120000 Bi:0.200000,other,2,2,Ce0.4Nd0.6F0.5Bi1S2O0.5; Ce0.4Nd0.6Bi1S2F0.5O0.5,3.93,3.935,3.94,0.00707107
O:0.100000 F:0.100000 S:0.400000 Bi:0.400000,other,2,1,Bi2S2F0.5O0.5,4.9,5,5.1,0.141421
O:0.100000 F:0.100000 S:0.200000 Se:0.200000 La:0.200000 Bi:0.200000,other,2,2,La1Bi1S1Se1F0.5O0.5; La1Bi1Se1S1F0.5O0.5,3.6,3.69,3.78,0.127279
O:0.100000 Ca:0.200000 Cu:0.300000 Sr:0.200000 Sb:0.010000 Pb:0.040000 Bi:0.150000,cuprate,2,1,Bi1.5Pb0.4Sb0.1Sr2Ca2Cu3O,110,121,132,15.5563
O:0.142857 Cu:0.407143 Zn:0.021429 Y:0.142857 Ba:0.285714,cuprate,2,1,Y1Ba2Cu2.85Zn0.15O,38,47,56,12.7279
O:0.142857 Cu:0.421429 Zn:0.007143 Y:0.142857 Ba:0.285714,cuprate,2,1,Y1Ba2Cu2.95Zn0.05O,72.2,73.45,74.7,1.76777
O:0.310559 Fe:0.155280 As:0.155280 Te:0.068323 Pr:0.310559,iron-based,2,1,Pr4Fe2As2Te0.88O4,25,25.05,25.1,0.0707107
O:0.212500 F:0.037500 Fe:0.237500 As:0.250000 Ru:0.012500 Sm:0.250000,iron-based,2,1,Sm1Fe0.95Ru0.05As1F0.15O0.85,39.3,41,42.7,2.40416
O:0.237500 F:0.012500 P:0.100000 Fe:0.250000 As:0.150000 La:0.250000,iron-based,2,1,La1Fe1As0.6P0.4F0.05O0.95,19,19.04,19.08,0.0565685
O:0.237500 F:0.012500 P:0.075000 Fe:0.250000 As:0.175000 Ce:0.250000,iron-based,2,1,Ce1Fe1As0.7P0.3F0.05O0.95,18.1,18.15,18.2,0.0707107
O:0.237500 F:0.012500 P:0.037500 Fe:0.250000 As:0.212500 Ce:0.250000,iron-based,2,1,Ce1Fe1As0.85P0.15F0.05O0.95,21.7,21.75,21.8,0.0707107
O:0.237500 F:0.012500 Fe:0.250000 As:0.250000 Ce:0.250000,iron-based,2,1,Ce1Fe1As1F0.05O0.95,11.7,11.8,11.9,0.141421
O:0.231250 F:0.018750 Fe:0.250000 As:0.250000 La:0.250000,iron-based,2,1,La1Fe1As1F0.075O0.925,21.2,21.6,22,0.565685
O:0.230000 F:0.020000 Fe:0.250000 As:0.250000 La:0.250000,iron-based,2,1,La1Fe1As1F0.08O0.92,22.8,26.6,30.4,5.37401
O:0.225000 F:0.025000 Ni:0.250000 As:0.250000 La:0.250000,other,2,1,La1Ni1As1F0.1O0.9,3.8,3.9,4,0.141421
O:0.225000 F:0.025000 Fe:0.250000 As:0.250000 Tb:0.250000,iron-based,2,1,Tb1Fe1As1F0.1O0.9,50,50.5,51,0.707107
O:0.225000 F:0.025000 Fe:0.250000 As:0.250000 Pr:0.250000,iron-based,2,1,Pr1Fe1As1F0.1O0.9,43,43.5,44,0.707107
O:0.222500 F:0.027500 Mn:0.001250 Fe:0.248750 As:0.250000 Y:0.050000 La:0.200000,iron-based,2,1,La0.8Y0.2Fe0.995Mn0.005As1F0.11O0.89,25.7,26.15,26.6,0.636396
O:0.222500 F:0.027500 Mn:0.000750 Fe:0.249250 As:0.250000 Y:0.050000 La:0.200000,iron-based,2,1,La0.8Y0.2Fe0.997Mn0.003As1F0.11O0.89,28.5,28.9,29.3,0.565685
O:0.222500 F:0.027500 Mn:0.000188 Fe:0.249812 As:0.250000 La:0.250000,iron-based,2,1,La1Fe0.99925Mn0.00075As1F0.11O0.89,14.4,15.35,16.3,1.3435
O:0.222500 F:0.027500 Mn:0.000062 Fe:0.249938 As:0.250000 La:0.250000,iron-based,2,1,La1Fe0.99975Mn0.00025As1F0.11O0.89,22.6,23.8,25,1.69706
O:0.222500 F:0.027500 Fe:0.250000 As:0.250000 Nd:0.250000,iron-based,2,1,Nd1Fe1As1F0.11O0.89,48,49.05,50.1,1.48492
O:0.222500 F:0.027500 Fe:0.246875 Co:0.003125 As:0.250000 La:0.250000,iron-based,2,1,La1Fe0.9875Co0.0125As1F0.11O0.89,24,24.5,25,0.707107
O:0.222500 F:0.027500 Fe:0.245000 As:0.250000 Ru:0.005000 Nd:0.250000,iron-based,2,1,Nd1Fe0.98Ru0.02As1F0.11O0.89,46.5,46.6,46.7,0.141421
O:0.222500 F:0.027500 Fe:0.225000 As:0.250000 Ru:0.025000 Nd:0.250000,iron-based,2,1,Nd1Fe0.9Ru0.1As1F0.11O0.89,37.4,38.7,40,1.83848
O:0.222500 F:0.027500 Fe:0.225000 As:0.250000 Ru:0.025000 La:0.250000,iron-based,2,1,La1Fe0.9Ru0.1As1F0.11O0.89,23.6,23.65,23.7,0.0707107
O:0.222500 F:0.027500 Fe:0.175000 As:0.250000 Ru:0.075000 La:0.250000,iron-based,2,1,La1Fe0.7Ru0.3As1F0.11O0.89,17.2,17.75,18.3,0.777817
O:0.222500 F:0.027500 Fe:0.125000 As:0.250000 Ru:0.125000 Nd:0.250000,iron-based,2,1,Nd1Fe0.5Ru0.5As1F0.11O0.89,13.7,14.1,14.5,0.565685
O:0.220779 P:0.129870 Fe:0.259740 As:0.129870 Sm:0.259740,iron-based,2,1,Sm1Fe1As0.5P0.5O0.85,17,19.35,21.7,3.3234
O:0.220779 Fe:0.259740 As:0.259740 Tb:0.259740,iron-based,2,1,Tb1Fe1As1O0.85,42,44.4,46.8,3.39411
O:0.220779 Fe:0.259740 As:0.259740 Nd:0.259740,iron-based,2,1,Nd1Fe1As1O0.85,51,51.45,51.9,0.636396
O:0.220000 F:0.030000 Fe:0.250000 As:0.250000 Nd:0.250000,iron-based,2,1,Nd1Fe1As1F0.12O0.88,48,50,52,2.82843
O:0.220000 F:0.030000 Fe:0.250000 As:0.250000 Ce:0.250000,iron-based,2,1,Ce1Fe1As1F0.12O0.88,40,43.5,47,4.94975
O:0.237500 F:0.012500 P:0.150000 Fe:0.250000 As:0.100000 La:0.250000,iron-based,2,1,La1Fe1As0.4P0.6F0.05O0.95,24,24.12,24.24,0.169706
O:0.250000 Cu:0.250000 Ce:0.037500 Nd:0.462500,cuprate,2,1,Nd1.85Ce0.15Cu1O,20,22,24,2.82843
O:0.250000 Cu:0.250000 Ce:0.037500 Pr:0.462500,cuprate,2,1,Pr1.85Ce0.15Cu1O,19,19.5,20,0.707107
O:0.250000 Fe:0.250000 As:0.250000 Sr:0.062500 Pr:0.187500,iron-based,2,1,Pr0.75Sr0.25Fe1As1O1,16.2,16.25,16.3,0.0707107
O:0.294118 Cl:0.294118 Ca:0.264706 Cu:0.147059,cuprate,2,1,Ca1.8Cu1Cl2O2,39,41,43,2.82843
O:0.285714 Na:0.042857 Cl:0.285714 Ca:0.242857 Cu:0.142857,cuprate,2,1,Ca1.7Na0.3Cu1Cl2O2,27.5,27.6,27.7,0.141421
O:0.285714 Na:0.028571 Cl:0.285714 Ca:0.257143 Cu:0.142857,cuprate,2,1,Ca1.8Na0.2Cu1Cl2O2,26.4,26.95,27.5,0.777817
O:0.285714 Na:0.025714 Cl:0.285714 Ca:0.260000 Cu:0.142857,cuprate,2,1,Ca1.82Na0.18Cu1Cl2O2,27,27.055,27.11,0.0777817
O:0.285714 Na:0.021429 Cl:0.285714 Ca:0.264286 Cu:0.142857,cuprate,2,1,Ca1.85Na0.15Cu1Cl2O2,23.45,24.225,25,1.09602
O:0.285714 Na:0.017857 Cl:0.285714 Ca:0.267857 Cu:0.142857,cuprate,2,1,Ca1.875Na0.125Cu1Cl2O2,15,20,25,7.07107
O:0.250000 S:0.375000 Bi:0.375000,other,2,1,Bi3S3O2,4.1,4.3,4.5,0.282843
O:0.250000 P:0.250000 Fe:0.250000 Nd:0.250000,other,2,1,Nd1Fe1P1O1,3.1,3.465,3.83,0.516188
O:0.250000 P:0.125000 Fe:0.250000 As:0.125000 Sm:0.250000,iron-based,2,1,Sm1Fe1As0.5P0.5O1,20,21.7,23.4,2.40416
O:0.250000 P:0.050000 Fe:0.250000 As:0.200000 La:0.250000,iron-based,2,1,La1Fe1As0.8P0.2O1,2.31,4.655,7,3.31633
O:0.250000 Ni:0.007500 Cu:0.242500 Sr:0.037500 La:0.462500,cuprate,2,1,La1.85Sr0.15Cu0.97Ni0.03O,21.9,22.95,24,1.48492
O:0.250000 Fe:0.250000 As:0.250000 Sr:0.037500 La:0.212500,iron-based,2,2,La0.85Sr0.15Fe1As1O; La0.85Sr0.15Fe1As1O1,23,24.2,25.4,1.69706
O:0.250000 Cu:0.250000 Sr:0.020000 La:0.480000,cuprate,2,1,La1.92Sr0.08Cu1O,19.8,20.8,21.8,1.41421
O:0.250000 Fe:0.250000 As:0.250000 Pr:0.250000,iron-based,2,1,Pr1Fe1As1O,34,34.5,35,0.707107
O:0.250000 Fe:0.250000 As:0.250000 La:0.250000,iron-based,2,2,La1Fe1As1O1.0; La1Fe1As1O1,10.2,15.6,21,7.63675
O:0.250000 Fe:0.237500 Co:0.012500 As:0.250000 La:0.250000,iron-based,2,1,La1Fe0.95Co0.05As1O1,11,12.01,13.02,1.42836
O:0.250000 Fe:0.231250 Co:0.018750 As:0.250000 Sm:0.250000,iron-based,2,1,Sm1Fe0.925Co0.075As1O1,11.6,13.3,15,2.40416
O:0.250000 Fe:0.225000 Co:0.025000 As:0.250000 Pr:0.250000,iron-based,2,1,Pr1Fe0.9Co0.1As1O1,13.8,14.9,16,1.55563
O:0.250000 Fe:0.225000 As:0.250000 Rh:0.025000 Nd:0.250000,iron-based,2,1,Nd1Fe0.9Rh0.1As1O1,15,15.8,16.6,1.13137
O:0.250000 Fe:0.218750 Co:0.031250 As:0.250000 Sm:0.250000,iron-based,2,1,Sm1Fe0.875Co0.125As1O1,12.8,14.3,15.8,2.12132
O:0.250000 Fe:0.212500 Co:0.037500 As:0.250000 Sr:0.050000 Pr:0.200000,iron-based,2,1,Pr0.8Sr0.2Fe0.85Co0.15As1O1,15.8,15.9,16,0.141421
O:0.250000 Fe:0.212500 Co:0.037500 As:0.250000 Sm:0.250000,iron-based,2,1,Sm1Fe0.85Co0.15As1O1,10,10.875,11.75,1.23744
O:0.250000 Fe:0.212500 Co:0.037500 As:0.250000 Pr:0.250000,iron-based,2,1,Pr1Fe0.85Co0.15As1O1,5.9,7.485,9.07,2.24153
O:0.250000 Cu:0.250000 Sr:0.037500 La:0.462500,cuprate,2,1,La1.85Sr0.15Cu1O,38,38.1,38.2,0.141421
O:0.215000 F:0.035000 Fe:0.250000 As:0.250000 Sm:0.250000,iron-based,2,1,Sm1Fe1As1F0.14O0.86,26.8,26.9,27,0.141421
O:0.212500 F:0.037500 Fe:0.200000 As:0.250000 Ru:0.050000 Sm:0.250000,iron-based,2,1,Sm1Fe0.8Ru0.2As1F0.15O0.85,16.9,17.7,18.5,1.13137
O:0.142857 Cu:0.428571 Ba:0.257143 Nd:0.171429,cuprate,2,1,Nd1.2Ba1.8Cu3O,60,78.05,96.1,25.5266
O:0.212500 F:0.037500 Fe:0.175000 As:0.250000 Ru:0.075000 Sm:0.250000,iron-based,2,1,Sm1Fe0.7Ru0.3As1F0.15O0.85,11.1,12.5,13.9,1.9799
O:0.142857 Mn:0.004286 Cu:0.424286 Ba:0.285714 Gd:0.142857,cuprate,2,1,Gd1Ba2Cu2.97Mn0.03O,86.18,87.69,89.2,2.13546
O:0.142857 Mn:0.002143 Cu:0.426429 Y:0.142857 Ba:0.285714,cuprate,2,1,Y1Ba2Cu2.985Mn0.015O,90.3,91.355,92.41,1.492
O:0.142857 Mn:0.002143 Cu:0.426429 Ba:0.285714 Gd:0.142857,cuprate,2,1,Gd1Ba2Cu2.985Mn0.015O,91,91.4,91.8,0.565685
O:0.142857 K:0.028571 Cu:0.428571 Y:0.142857 Ba:0.257143,cuprate,2,1,Y1Ba1.8K0.2Cu3O,71,78.5,86,10.6066
O:0.142857 K:0.014286 Cu:0.428571 Y:0.142857 Ba:0.271429,cuprate,2,1,Y1Ba1.9K0.1Cu3O,77.3,81.65,86,6.15183
O:0.142857 Fe:0.042857 Cu:0.385714 Y:0.142857 Ba:0.285714,cuprate,2,1,Y1Ba2Cu2.7Fe0.3O,39,41.5,44,3.53553
O:0.142857 Fe:0.042857 Cu:0.385714 Ba:0.285714 Gd:0.142857,cuprate,2,1,Gd1Ba2Cu2.7Fe0.3O,11,23.6,36.2,17.8191
O:0.142857 Fe:0.028571 Cu:0.400000 Y:0.142857 Ba:0.285714,cuprate,2,1,Y1Ba2Cu2.8Fe0.2O,57,61.5,66,6.36396
O:0.142857 Fe:0.021429 Cu:0.407143 Ba:0.285714 Gd:0.142857,cuprate,2,1,Gd1Ba2Cu2.85Fe0.15O,47,58.05,69.1,15.6271
O:0.142857 Fe:0.004286 Cu:0.424286 Ba:0.285714 La:0.142857,cuprate,2,1,La1Ba2Cu2.97Fe0.03O,55.2,55.215,55.23,0.0212132
O:0.142857 Cu:0.428571 Y:0.142857 Ba:0.278571 La:0.007143,cuprate,2,1,Y1Ba1.95La0.05Cu3O,82.2,86.6,91,6.22254
O:0.142857 Cu:0.428571 Y:0.142857 Ba:0.271429 Nd:0.014286,cuprate,2,1,Y1Ba1.9Nd0.1Cu3O,91.6,92.3,93,0.989949
O:0.142857 Cu:0.428571 Y:0.142857 Ba:0.271429 La:0.014286,cuprate,2,1,Y1Ba1.9La0.1Cu3O,91,93.55,96.1,3.60624
O:0.142857 Cu:0.428571 Y:0.142857 Ba:0.264286 La:0.021429,cuprate,2,1,Y1Ba1.85La0.15Cu3O,88,88.85,89.7,1.20208
O:0.142857 Cu:0.428571 Y:0.142857 Ba:0.257143 Nd:0.028571,cuprate,2,1,Y1Ba1.8Nd0.2Cu3O,90.8,91.4,92,0.848528
O:0.142857 Cu:0.428571 Y:0.142857 Ba:0.257143 La:0.028571,cuprate,2,1,Y1Ba1.8La0.2Cu3O,81.3,85.25,89.2,5.58614
O:0.142857 Cu:0.428571 Y:0.142857 Ba:0.250000 La:0.035714,cuprate,2,1,Y1Ba1.75La0.25Cu3O,76,82.25,88.5,8.83883
O:0.142857 Cu:0.428571 Y:0.142857 Ba:0.228571 La:0.057143,cuprate,2,1,Y1Ba1.6La0.4Cu3O,50.1,52.65,55.2,3.60624
O:0.142857 Cu:0.428571 Y:0.142857 Ba:0.214286 La:0.071429,cuprate,2,1,Y1Ba1.5La0.5Cu3O,36.8,39.7,42.6,4.10122
O:0.142857 Cu:0.428571 Y:0.114286 Ba:0.285714 Pr:0.028571,cuprate,2,1,Y0.8Pr0.2Ba2Cu3O,69.5,70.4,71.3,1.27279
O:0.142857 Cu:0.428571 Y:0.100000 Ba:0.285714 Pr:0.042857,cuprate,2,1,Y0.7Pr0.3Ba2Cu3O,56.9,57.65,58.4,1.06066
O:0.142857 Cu:0.428571 Y:0.085714 Ba:0.285714 Pr:0.057143,cuprate,2,1,Y0.6Pr0.4Ba2Cu3O,33.1,38.2,43.3,7.21249
O:0.142857 Cu:0.428571 Sr:0.114286 Ba:0.171429 Gd:0.142857,cuprate,2,2,Gd1Ba1.2Sr0.8Cu3O; Gd1Sr0.8Ba1.2Cu3O,84,87.35,90.7,4.73762
O:0.142857 Cu:0.428571 Ba:0.285714 Pr:0.028571 Gd:0.114286,cuprate,2,1,Gd0.8Pr0.2Ba2Cu3O,43.4,51.05,58.7,10.8187
O:0.142857 Cu:0.428571 Ba:0.285714 Pr:0.014286 Gd:0.128571,cuprate,2,1,Gd0.9Pr0.1Ba2Cu3O,69,74.65,80.3,7.99031
O:0.142857 Mn:0.004286 Cu:0.424286 Y:0.142857 Ba:0.285714,cuprate,2,1,Y1Ba2Cu2.97Mn0.03O,90.2,91.185,92.17,1.393
O:0.142857 Mn:0.008571 Cu:0.420000 Ba:0.285714 Gd:0.142857,cuprate,2,1,Gd1Ba2Cu2.94Mn0.06O,71.08,78.69,86.3,10.7622
O:0.142857 Mn:0.008571 Cu:0.420000 Y:0.142857 Ba:0.285714,cuprate,2,1,Y1Ba2Cu2.94Mn0.06O,86.5,88.805,91.11,3.25976
O:0.166667 Fe:0.277778 As:0.277778 Nd:0.277778,iron-based,2,1,Nd1Fe1As1O0.6,53,53.5,54,0.707107
O:0.210526 Fe:0.263158 As:0.263158 Tb:0.263158,iron-based,2,1,Tb1Fe1As1O0.8,32,33.85,35.7,2.6163
O:0.210000 F:0.040000 Fe:0.250000 As:0.250000 Ce:0.250000,iron-based,2,1,Ce1Fe1As1F0.16O0.84,40.7,40.85,41,0.212132
O:0.200000 S:0.400000 Ce:0.200000 Bi:0.200000,other,2,1,Ce1Bi1S2O1,1.6,2.3,3,0.989949
O:0.200000 S:0.030000 Cu:0.200000 Ba:0.400000 Hg:0.170000,cuprate,2,1,Hg0.85S0.15Ba2Cu1O,62,69.5,77,10.6066
O:0.200000 Cr:0.060000 Cu:0.200000 Sr:0.400000 Hg:0.140000,cuprate,2,1,Hg0.7Cr0.3Sr2Cu1O,58,58.75,59.5,1.06066
O:0.189189 Fe:0.270270 As:0.270270 Tb:0.270270,iron-based,2,1,Tb1Fe1As1O0.7,14.9,33.55,52.2,26.3751
O:0.189189 Fe:0.270270 As:0.270270 Pr:0.270270,iron-based,2,1,Pr1Fe1As1O0.7,44,46.25,48.5,3.18198
O:0.180000 F:0.020000 S:0.400000 Bi:0.400000,other,2,1,Bi2S2F0.1O0.9,2.92,3.675,4.43,1.06773
O:0.175000 F:0.075000 Fe:0.250000 As:0.250000 Sm:0.250000,iron-based,2,1,Sm1Fe1As1F0.3O0.7,43.5,48.53,53.56,7.11349
O:0.166667 Na:0.041667 Ti:0.333333 Sb:0.333333 Ba:0.125000,other,2,1,Ba0.75Na0.25Ti2Sb2O1,4.5,5.015,5.53,0.72832
O:0.166667 Na:0.025000 Ti:0.333333 Sb:0.333333 Ba:0.141667,other,2,1,Ba0.85Na0.15Ti2Sb2O1,5,5.11,5.22,0.155563
O:0.166667 Fe:0.277778 As:0.277778 La:0.277778,iron-based,2,1,La1Fe1As1O0.6,21.8,24.4,27,3.67696
O:0.142857 Na:0.007143 Cu:0.428571 Y:0.142857 Ba:0.278571,cuprate,2,1,Y1Ba1.95Na0.05Cu3O,90,90.7,91.4,0.989949
O:0.166667 Cu:0.166667 Sr:0.316667 Pb:0.008333 Bi:0.341667,cuprate,2,1,Bi2.05Pb0.05Sr1.9Cu1O,9.4,9.95,10.5,0.777817
O:0.166667 Cu:0.166667 Sr:0.300000 La:0.033333 Pb:0.033333 Bi:0.300000,cuprate,2,1,Bi1.8Pb0.2Sr1.8La0.2Cu1O,21,21.1,21.2,0.141421
O:0.166667 Cu:0.166667 Sr:0.300000 La:0.033333 Bi:0.333333,cuprate,2,1,Bi2Sr1.8La0.2Cu1O,18,19.5,21,2.12132
O:0.166667 Cu:0.166667 Sr:0.283333 La:0.050000 Pb:0.033333 Bi:0.300000,cuprate,2,1,Bi1.8Pb0.2Sr1.7La0.3Cu1O,27.4,33.2,39,8.20244
O:0.166667 Cu:0.166667 Sr:0.275000 La:0.058333 Pb:0.100000 Bi:0.233333,cuprate,2,1,Bi1.4Pb0.6Sr1.65La0.35Cu1O,25.2,33.1,41,11.1723
O:0.166667 Cu:0.166667 Sr:0.275000 La:0.058333 Pb:0.050000 Bi:0.283333,cuprate,2,1,Bi1.7Pb0.3Sr1.65La0.35Cu1O,31.05,34.4,37.75,4.73762
O:0.166667 Cu:0.166667 Sr:0.275000 La:0.058333 Pb:0.016667 Bi:0.316667,cuprate,2,1,Bi1.9Pb0.1Sr1.65La0.35Cu1O,30.05,30.375,30.7,0.459619
O:0.166667 Cu:0.166667 Sr:0.266667 La:0.066667 Pb:0.066667 Bi:0.266667,cuprate,2,1,Bi1.6Pb0.4Sr1.6La0.4Cu1O,26,30.4,34.8,6.22254
O:0.166667 Cu:0.166667 Sr:0.266667 La:0.066667 Pb:0.033333 Bi:0.300000,cuprate,2,1,Bi1.8Pb0.2Sr1.6La0.4Cu1O,31.2,35.1,39,5.51543
O:0.166667 Ca:0.185000 Cu:0.333333 La:0.315000,cuprate,2,1,La1.89Ca1.11Cu2O,13,26.5,40,19.0919
O:0.142857 Ni:0.014286 Cu:0.414286 Y:0.142857 Ba:0.285714,cuprate,2,1,Y1Ba2Cu2.9Ni0.1O,80,81.45,82.9,2.05061
O:0.520614 Cu:0.239693 Y:0.079898 Ba:0.159795,cuprate,2,1,Y1Ba2Cu3O6.516,57.7,58.2,58.7,0.707107
